ISO-10303-21;
HEADER;
/* Generated by software containing ST-Developer
 * from STEP Tools, Inc. (www.steptools.com) 
 */
/* OPTION: using custom renumber hook */

FILE_DESCRIPTION(
/* description */ ('STEP AP242 Edition 2',
'CAx-IF Rec.Pracs.---Representation and Presentation of Product Manufa
cturing Information (PMI)---4.0---2014-10-13',
'CAx-IF Rec.Pracs.---3D Tessellated Geometry---0.4---2014-09-14','2;1',
'CAx-IF Rec.Pracs.---User Defined Attributes---1.5---2016-08-15'),
/* implementation_level */ '2;1');

FILE_NAME(
/* name */ 'Hull',
/* time_stamp */ '2026-09-12T03:12:11Z',
/* author */ (''),
/* organization */ (''),
/* preprocessor_version */ 'ST-DEVELOPER v20',
/* originating_system */ 'ONSHAPE BY PTC INC, 1.220',
/* authorisation */ '  ');

FILE_SCHEMA (('AP242_MANAGED_MODEL_BASED_3D_ENGINEERING_MIM_LF { 1 0 10303 442 3 1 4 }'));
ENDSEC;

DATA;
#10=SHAPE_REPRESENTATION_RELATIONSHIP('','',#1811,#11);
#11=ADVANCED_BREP_SHAPE_REPRESENTATION('',(#1809),#5693);
#12=B_SPLINE_SURFACE_WITH_KNOTS('',3,1,((#3533,#3534),(#3535,#3536),(#3537,
#3538),(#3539,#3540),(#3541,#3542),(#3543,#3544),(#3545,#3546)),
 .SURF_OF_LINEAR_EXTRUSION.,.F.,.F.,.F.,(4,1,1,1,4),(2,2),(0.111891878964074,
0.319037847421494,0.526183815878915,0.733329784336335,0.940475752793756),
(0.,1.),.UNSPECIFIED.);
#13=B_SPLINE_SURFACE_WITH_KNOTS('',3,1,((#5125,#5126),(#5127,#5128),(#5129,
#5130),(#5131,#5132),(#5133,#5134),(#5135,#5136),(#5137,#5138)),
 .SURF_OF_LINEAR_EXTRUSION.,.F.,.F.,.F.,(4,1,1,1,4),(2,2),(0.111891878964075,
0.319037847421494,0.526183815878912,0.733329784336331,0.94047575279375),
(0.,1.),.UNSPECIFIED.);
#14=PLANE('',#1831);
#15=PLANE('',#1876);
#16=CONICAL_SURFACE('',#1829,0.0075,0.610865238198015);
#17=CONICAL_SURFACE('',#1874,0.0075,0.610865238198015);
#18=ELLIPSE('',#1824,0.00852001398988841,0.0075);
#19=ELLIPSE('',#1828,0.00852001398988841,0.0075);
#20=CIRCLE('',#1820,0.0075);
#21=CIRCLE('',#1821,0.0075);
#22=CIRCLE('',#1823,0.0075);
#23=CIRCLE('',#1826,0.0075);
#24=CIRCLE('',#1830,0.00189833969432232);
#25=CIRCLE('',#1842,0.0002);
#26=CIRCLE('',#1843,0.0002);
#27=CIRCLE('',#1844,0.0002);
#28=CIRCLE('',#1845,0.0002);
#29=CIRCLE('',#1846,0.0002);
#30=CIRCLE('',#1847,0.0002);
#31=CIRCLE('',#1848,0.0002);
#32=CIRCLE('',#1849,0.0002);
#33=CIRCLE('',#1850,0.0002);
#34=CIRCLE('',#1868,0.0075);
#35=CIRCLE('',#1869,0.0075);
#36=CIRCLE('',#1871,0.0075);
#37=CIRCLE('',#1872,0.0075);
#38=CIRCLE('',#1875,0.00189833969432232);
#39=CIRCLE('',#1887,0.0002);
#40=CIRCLE('',#1888,0.0002);
#41=CIRCLE('',#1889,0.0002);
#42=CIRCLE('',#1890,0.0002);
#43=CIRCLE('',#1891,0.0002);
#44=CIRCLE('',#1892,0.0002);
#45=CIRCLE('',#1893,0.0002);
#46=CIRCLE('',#1894,0.0002);
#47=CIRCLE('',#1895,0.0002);
#48=(
BOUNDED_SURFACE()
B_SPLINE_SURFACE(3,3,((#2287,#2288,#2289,#2290,#2291,#2292),(#2293,#2294,
#2295,#2296,#2297,#2298),(#2299,#2300,#2301,#2302,#2303,#2304),(#2305,#2306,
#2307,#2308,#2309,#2310)),.UNSPECIFIED.,.F.,.F.,.F.)
B_SPLINE_SURFACE_WITH_KNOTS((4,4),(4,2,4),(0.512318193873129,0.587280550320455),
(0.605197360031069,0.610869623105,0.640326362641291),.UNSPECIFIED.)
GEOMETRIC_REPRESENTATION_ITEM()
RATIONAL_B_SPLINE_SURFACE(((0.95194112770985,0.95194112770985,0.95194112770985,
0.95194112770985,0.95194112770985,0.95194112770985),(0.856916123592909,
0.856916123592909,0.856916123592909,0.856916123592909,0.856916123592909,
0.856916123592909),(0.776876065833663,0.776876065833663,0.776876065833663,
0.776876065833663,0.776876065833663,0.776876065833663),(0.711820954432113,
0.711820954432113,0.711820954432113,0.711820954432113,0.711820954432113,
0.711820954432113)))
REPRESENTATION_ITEM('')
SURFACE()
);
#49=(
BOUNDED_SURFACE()
B_SPLINE_SURFACE(3,3,((#2358,#2359,#2360,#2361,#2362,#2363,#2364,#2365,
#2366,#2367,#2368,#2369,#2370,#2371,#2372,#2373,#2374,#2375),(#2376,#2377,
#2378,#2379,#2380,#2381,#2382,#2383,#2384,#2385,#2386,#2387,#2388,#2389,
#2390,#2391,#2392,#2393),(#2394,#2395,#2396,#2397,#2398,#2399,#2400,#2401,
#2402,#2403,#2404,#2405,#2406,#2407,#2408,#2409,#2410,#2411),(#2412,#2413,
#2414,#2415,#2416,#2417,#2418,#2419,#2420,#2421,#2422,#2423,#2424,#2425,
#2426,#2427,#2428,#2429),(#2430,#2431,#2432,#2433,#2434,#2435,#2436,#2437,
#2438,#2439,#2440,#2441,#2442,#2443,#2444,#2445,#2446,#2447),(#2448,#2449,
#2450,#2451,#2452,#2453,#2454,#2455,#2456,#2457,#2458,#2459,#2460,#2461,
#2462,#2463,#2464,#2465),(#2466,#2467,#2468,#2469,#2470,#2471,#2472,#2473,
#2474,#2475,#2476,#2477,#2478,#2479,#2480,#2481,#2482,#2483)),
 .UNSPECIFIED.,.T.,.F.,.F.)
B_SPLINE_SURFACE_WITH_KNOTS((4,3,4),(4,2,2,2,2,2,2,2,4),(0.,0.5,1.),(0.530191860719437,
0.550361301315828,0.570530741912219,0.610869623105,0.691547385490563,0.772225147876126,
0.812564029068908,0.832733469665299,0.852902910261689),.UNSPECIFIED.)
GEOMETRIC_REPRESENTATION_ITEM()
RATIONAL_B_SPLINE_SURFACE(((1.,1.,1.,1.,1.,1.,1.,1.,1.,1.,1.,1.,1.,1.,1.,
1.,1.,1.),(0.333333333333334,0.333333333333334,0.333333333333334,0.333333333333334,
0.333333333333334,0.333333333333334,0.333333333333334,0.333333333333334,
0.333333333333334,0.333333333333334,0.333333333333334,0.333333333333334,
0.333333333333334,0.333333333333334,0.333333333333334,0.333333333333334,
0.333333333333334,0.333333333333334),(0.333333333333334,0.333333333333334,
0.333333333333334,0.333333333333334,0.333333333333334,0.333333333333334,
0.333333333333334,0.333333333333334,0.333333333333334,0.333333333333334,
0.333333333333334,0.333333333333334,0.333333333333334,0.333333333333334,
0.333333333333334,0.333333333333334,0.333333333333334,0.333333333333334),
(1.,1.,1.,1.,1.,1.,1.,1.,1.,1.,1.,1.,1.,1.,1.,1.,1.,1.),(0.333333333333334,
0.333333333333334,0.333333333333334,0.333333333333334,0.333333333333334,
0.333333333333334,0.333333333333334,0.333333333333334,0.333333333333334,
0.333333333333334,0.333333333333334,0.333333333333334,0.333333333333334,
0.333333333333334,0.333333333333334,0.333333333333334,0.333333333333334,
0.333333333333334),(0.333333333333334,0.333333333333334,0.333333333333334,
0.333333333333334,0.333333333333334,0.333333333333334,0.333333333333334,
0.333333333333334,0.333333333333334,0.333333333333334,0.333333333333334,
0.333333333333334,0.333333333333334,0.333333333333334,0.333333333333334,
0.333333333333334,0.333333333333334,0.333333333333334),(1.,1.,1.,1.,1.,
1.,1.,1.,1.,1.,1.,1.,1.,1.,1.,1.,1.,1.)))
REPRESENTATION_ITEM('')
SURFACE()
);
#50=(
BOUNDED_SURFACE()
B_SPLINE_SURFACE(3,3,((#2566,#2567,#2568,#2569,#2570,#2571,#2572,#2573,
#2574,#2575,#2576,#2577),(#2578,#2579,#2580,#2581,#2582,#2583,#2584,#2585,
#2586,#2587,#2588,#2589),(#2590,#2591,#2592,#2593,#2594,#2595,#2596,#2597,
#2598,#2599,#2600,#2601),(#2602,#2603,#2604,#2605,#2606,#2607,#2608,#2609,
#2610,#2611,#2612,#2613),(#2614,#2615,#2616,#2617,#2618,#2619,#2620,#2621,
#2622,#2623,#2624,#2625),(#2626,#2627,#2628,#2629,#2630,#2631,#2632,#2633,
#2634,#2635,#2636,#2637),(#2638,#2639,#2640,#2641,#2642,#2643,#2644,#2645,
#2646,#2647,#2648,#2649)),.UNSPECIFIED.,.T.,.F.,.F.)
B_SPLINE_SURFACE_WITH_KNOTS((4,3,4),(4,2,2,2,2,4),(0.,0.5,1.),(0.852902910261689,
0.865171580186011,0.871305915148172,0.874373082629252,0.875906666369792,
0.877440250110332),.UNSPECIFIED.)
GEOMETRIC_REPRESENTATION_ITEM()
RATIONAL_B_SPLINE_SURFACE(((1.,1.,1.,1.,1.,1.,1.,1.,1.,1.,1.,1.),(0.333333333333334,
0.333333333333334,0.333333333333334,0.333333333333334,0.333333333333334,
0.333333333333334,0.333333333333334,0.333333333333334,0.333333333333334,
0.333333333333334,0.333333333333334,0.333333333333334),(0.333333333333334,
0.333333333333334,0.333333333333334,0.333333333333334,0.333333333333334,
0.333333333333334,0.333333333333334,0.333333333333334,0.333333333333334,
0.333333333333334,0.333333333333334,0.333333333333334),(1.,1.,1.,1.,1.,
1.,1.,1.,1.,1.,1.,1.),(0.333333333333334,0.333333333333334,0.333333333333334,
0.333333333333334,0.333333333333334,0.333333333333334,0.333333333333334,
0.333333333333334,0.333333333333334,0.333333333333334,0.333333333333334,
0.333333333333334),(0.333333333333334,0.333333333333334,0.333333333333334,
0.333333333333334,0.333333333333334,0.333333333333334,0.333333333333334,
0.333333333333334,0.333333333333334,0.333333333333334,0.333333333333334,
0.333333333333334),(1.,1.,1.,1.,1.,1.,1.,1.,1.,1.,1.,1.)))
REPRESENTATION_ITEM('')
SURFACE()
);
#51=(
BOUNDED_SURFACE()
B_SPLINE_SURFACE(3,3,((#2964,#2965,#2966,#2967,#2968,#2969),(#2970,#2971,
#2972,#2973,#2974,#2975),(#2976,#2977,#2978,#2979,#2980,#2981),(#2982,#2983,
#2984,#2985,#2986,#2987),(#2988,#2989,#2990,#2991,#2992,#2993),(#2994,#2995,
#2996,#2997,#2998,#2999),(#3000,#3001,#3002,#3003,#3004,#3005)),
 .UNSPECIFIED.,.F.,.F.,.F.)
B_SPLINE_SURFACE_WITH_KNOTS((4,3,4),(4,2,4),(0.416218697019468,0.5,0.591668298581855),
(0.760448770711387,0.772225147876126,0.799351051815144),.UNSPECIFIED.)
GEOMETRIC_REPRESENTATION_ITEM()
RATIONAL_B_SPLINE_SURFACE(((0.721029241910797,0.721029241910797,0.721029241910797,
0.721029241910797,0.721029241910797,0.721029241910797),(0.795301343329556,
0.795301343329556,0.795301343329556,0.795301343329556,0.795301343329556,
0.795301343329556),(0.888291596025957,0.888291596025957,0.888291596025957,
0.888291596025957,0.888291596025957,0.888291596025957),(1.,1.,1.,1.,1.,
1.),(0.877775601890861,0.877775601890861,0.877775601890861,0.877775601890861,
0.877775601890861,0.877775601890861),(0.777959409021433,0.777959409021433,
0.777959409021433,0.777959409021433,0.777959409021433,0.777959409021433),
(0.700551421391718,0.700551421391718,0.700551421391718,0.700551421391718,
0.700551421391718,0.700551421391718)))
REPRESENTATION_ITEM('')
SURFACE()
);
#52=(
BOUNDED_SURFACE()
B_SPLINE_SURFACE(3,3,((#3054,#3055,#3056,#3057,#3058,#3059),(#3060,#3061,
#3062,#3063,#3064,#3065),(#3066,#3067,#3068,#3069,#3070,#3071),(#3072,#3073,
#3074,#3075,#3076,#3077),(#3078,#3079,#3080,#3081,#3082,#3083),(#3084,#3085,
#3086,#3087,#3088,#3089),(#3090,#3091,#3092,#3093,#3094,#3095)),
 .UNSPECIFIED.,.F.,.F.,.F.)
B_SPLINE_SURFACE_WITH_KNOTS((4,3,4),(4,2,4),(0.412651971836108,0.5,0.523873021088191),
(0.603816405640466,0.610869623105,0.641390840499039),.UNSPECIFIED.)
GEOMETRIC_REPRESENTATION_ITEM()
RATIONAL_B_SPLINE_SURFACE(((0.711645311537393,0.711645311537393,0.711645311537393,
0.711645311537393,0.711645311537393,0.711645311537393),(0.787417732960608,
0.787417732960608,0.787417732960608,0.787417732960608,0.787417732960608,
0.787417732960608),(0.883535962448144,0.883535962448144,0.883535962448144,
0.883535962448144,0.883535962448144,0.883535962448144),(1.,1.,1.,1.,1.,
1.),(0.968169305215746,0.968169305215746,0.968169305215746,0.968169305215746,
0.968169305215746,0.968169305215746),(0.937858400127164,0.937858400127164,
0.937858400127164,0.937858400127164,0.937858400127164,0.937858400127164),
(0.909067284734256,0.909067284734256,0.909067284734255,0.909067284734255,
0.909067284734255,0.909067284734255)))
REPRESENTATION_ITEM('')
SURFACE()
);
#53=(
BOUNDED_SURFACE()
B_SPLINE_SURFACE(3,3,((#3118,#3119,#3120,#3121),(#3122,#3123,#3124,#3125),
(#3126,#3127,#3128,#3129),(#3130,#3131,#3132,#3133),(#3134,#3135,#3136,
#3137),(#3138,#3139,#3140,#3141),(#3142,#3143,#3144,#3145)),
 .UNSPECIFIED.,.F.,.F.,.F.)
B_SPLINE_SURFACE_WITH_KNOTS((4,3,4),(4,4),(0.138936027796239,0.5,0.769248606506024),
(0.882939705431542,0.972775447905564),.PIECEWISE_BEZIER_KNOTS.)
GEOMETRIC_REPRESENTATION_ITEM()
RATIONAL_B_SPLINE_SURFACE(((0.598681647373422,0.598681647373422,0.598681647373422,
0.598681647373422),(0.384808586186127,0.384808586186127,0.384808586186127,
0.384808586186127),(0.518581370394986,0.518581370394986,0.518581370394986,
0.518581370394986),(1.,1.,1.,1.),(0.641001857991968,0.641001857991968,0.641001857991968,
0.641001857991968),(0.475323214931765,0.475323214931765,0.475323214931765,
0.475323214931765),(0.50296407081939,0.50296407081939,0.50296407081939,
0.50296407081939)))
REPRESENTATION_ITEM('')
SURFACE()
);
#54=(
BOUNDED_SURFACE()
B_SPLINE_SURFACE(3,3,((#3152,#3153,#3154,#3155,#3156,#3157,#3158,#3159),
(#3160,#3161,#3162,#3163,#3164,#3165,#3166,#3167),(#3168,#3169,#3170,#3171,
#3172,#3173,#3174,#3175),(#3176,#3177,#3178,#3179,#3180,#3181,#3182,#3183),
(#3184,#3185,#3186,#3187,#3188,#3189,#3190,#3191),(#3192,#3193,#3194,#3195,
#3196,#3197,#3198,#3199),(#3200,#3201,#3202,#3203,#3204,#3205,#3206,#3207)),
 .UNSPECIFIED.,.F.,.F.,.F.)
B_SPLINE_SURFACE_WITH_KNOTS((4,3,4),(4,2,2,4),(0.137164896711352,0.5,0.922349555460595),
(0.117062065584071,0.500000885507807,0.691470295469675,0.882939705431542),
 .UNSPECIFIED.)
GEOMETRIC_REPRESENTATION_ITEM()
RATIONAL_B_SPLINE_SURFACE(((0.60185408427328,0.60185408427328,0.60185408427328,
0.60185408427328,0.60185408427328,0.60185408427328,0.60185408427328,0.60185408427328),
(0.383504557039562,0.383504557039562,0.383504557039562,0.383504557039562,
0.383504557039562,0.383504557039562,0.383504557039562,0.383504557039562),
(0.516219862281802,0.516219862281802,0.516219862281802,0.516219862281802,
0.516219862281802,0.516219862281802,0.516219862281802,0.516219862281802),
(1.,1.,1.,1.,1.,1.,1.,1.),(0.436867259385873,0.436867259385873,0.436867259385873,
0.436867259385873,0.436867259385873,0.436867259385873,0.436867259385873,
0.436867259385873),(0.349412244099113,0.349412244099113,0.349412244099113,
0.349412244099113,0.349412244099113,0.349412244099113,0.349412244099113,
0.349412244099113),(0.737634954139719,0.737634954139719,0.737634954139719,
0.737634954139719,0.737634954139719,0.737634954139719,0.737634954139719,
0.737634954139719)))
REPRESENTATION_ITEM('')
SURFACE()
);
#55=(
BOUNDED_SURFACE()
B_SPLINE_SURFACE(3,3,((#3209,#3210,#3211,#3212),(#3213,#3214,#3215,#3216),
(#3217,#3218,#3219,#3220),(#3221,#3222,#3223,#3224),(#3225,#3226,#3227,
#3228),(#3229,#3230,#3231,#3232),(#3233,#3234,#3235,#3236)),
 .UNSPECIFIED.,.F.,.F.,.F.)
B_SPLINE_SURFACE_WITH_KNOTS((4,3,4),(4,4),(0.248568843524835,0.5,0.896014735050056),
(0.0271471944780897,0.117062065584071),.PIECEWISE_BEZIER_KNOTS.)
GEOMETRIC_REPRESENTATION_ITEM()
RATIONAL_B_SPLINE_SURFACE(((0.500016385670851,0.500016385670851,0.500016385670851,
0.500016385670851),(0.49809725325673,0.49809725325673,0.49809725325673,
0.49809725325673),(0.664758458033113,0.664758458033113,0.664758458033113,
0.664758458033113),(1.,1.,1.,1.),(0.471980353266592,0.471980353266592,0.471980353266592,
0.471980353266592),(0.362167827537893,0.362167827537893,0.362167827537893,
0.362167827537893),(0.670562422813906,0.670562422813906,0.670562422813906,
0.670562422813906)))
REPRESENTATION_ITEM('')
SURFACE()
);
#56=(
BOUNDED_SURFACE()
B_SPLINE_SURFACE(3,3,((#3242,#3243,#3244,#3245),(#3246,#3247,#3248,#3249),
(#3250,#3251,#3252,#3253),(#3254,#3255,#3256,#3257),(#3258,#3259,#3260,
#3261),(#3262,#3263,#3264,#3265),(#3266,#3267,#3268,#3269)),
 .UNSPECIFIED.,.F.,.F.,.F.)
B_SPLINE_SURFACE_WITH_KNOTS((4,3,4),(4,4),(0.131072909591086,0.5,0.763534237493431),
(0.882158653633189,0.972596635182215),.PIECEWISE_BEZIER_KNOTS.)
GEOMETRIC_REPRESENTATION_ITEM()
RATIONAL_B_SPLINE_SURFACE(((0.613149222665039,0.613149222665039,0.613149222665039,
0.613149222665039),(0.379146953676462,0.379146953676462,0.379146953676462,
0.379146953676462),(0.508097212788115,0.508097212788115,0.508097212788115,
0.508097212788115),(1.,1.,1.,1.),(0.648621016675426,0.648621016675426,0.648621016675426,
0.648621016675426),(0.482442818234169,0.482442818234169,0.482442818234169,
0.482442818234169),(0.501465404676229,0.501465404676229,0.501465404676229,
0.501465404676229)))
REPRESENTATION_ITEM('')
SURFACE()
);
#57=(
BOUNDED_SURFACE()
B_SPLINE_SURFACE(3,3,((#3276,#3277,#3278,#3279),(#3280,#3281,#3282,#3283),
(#3284,#3285,#3286,#3287),(#3288,#3289,#3290,#3291),(#3292,#3293,#3294,
#3295),(#3296,#3297,#3298,#3299),(#3300,#3301,#3302,#3303)),
 .UNSPECIFIED.,.F.,.F.,.F.)
B_SPLINE_SURFACE_WITH_KNOTS((4,3,4),(4,4),(0.24926073188372,0.5,0.89709020108484),
(0.027313126043449,0.117917307668127),.PIECEWISE_BEZIER_KNOTS.)
GEOMETRIC_REPRESENTATION_ITEM()
RATIONAL_B_SPLINE_SURFACE(((0.500004372138782,0.500004372138782,0.500004372138782,
0.500004372138782),(0.499015766557887,0.499015766557887,0.499015766557887,
0.499015766557887),(0.66568097584496,0.66568097584496,0.66568097584496,
0.66568097584496),(1.,1.,1.,1.),(0.470546398553547,0.470546398553547,0.470546398553547,
0.470546398553547),(0.361574471234023,0.361574471234023,0.361574471234023,
0.361574471234023),(0.673084218041429,0.673084218041429,0.673084218041429,
0.673084218041429)))
REPRESENTATION_ITEM('')
SURFACE()
);
#58=(
BOUNDED_SURFACE()
B_SPLINE_SURFACE(3,3,((#3310,#3311,#3312,#3313,#3314,#3315,#3316,#3317),
(#3318,#3319,#3320,#3321,#3322,#3323,#3324,#3325),(#3326,#3327,#3328,#3329,
#3330,#3331,#3332,#3333),(#3334,#3335,#3336,#3337,#3338,#3339,#3340,#3341),
(#3342,#3343,#3344,#3345,#3346,#3347,#3348,#3349),(#3350,#3351,#3352,#3353,
#3354,#3355,#3356,#3357),(#3358,#3359,#3360,#3361,#3362,#3363,#3364,#3365)),
 .UNSPECIFIED.,.F.,.F.,.F.)
B_SPLINE_SURFACE_WITH_KNOTS((4,3,4),(4,2,2,4),(0.130338462592883,0.5,0.916727381272876),
(0.117917307668127,0.308977644159392,0.500037980650658,0.882158653633189),
 .UNSPECIFIED.)
GEOMETRIC_REPRESENTATION_ITEM()
RATIONAL_B_SPLINE_SURFACE(((0.61455106827708,0.61455106827708,0.61455106827708,
0.61455106827708,0.61455106827708,0.61455106827708,0.61455106827708,0.61455106827708),
(0.37863497288287,0.37863497288287,0.37863497288287,0.37863497288287,0.37863497288287,
0.37863497288287,0.37863497288287,0.37863497288287),(0.507117950123844,
0.507117950123844,0.507117950123844,0.507117950123844,0.507117950123844,
0.507117950123844,0.507117950123844,0.507117950123844),(1.,1.,1.,1.,1.,
1.,1.,1.),(0.444363491636166,0.444363491636166,0.444363491636166,0.444363491636166,
0.444363491636166,0.444363491636166,0.444363491636166,0.444363491636166),
(0.351824877412461,0.351824877412461,0.351824877412461,0.351824877412461,
0.351824877412461,0.351824877412461,0.351824877412461,0.351824877412461),
(0.722384157328888,0.722384157328888,0.722384157328888,0.722384157328888,
0.722384157328888,0.722384157328888,0.722384157328888,0.722384157328888)))
REPRESENTATION_ITEM('')
SURFACE()
);
#59=(
BOUNDED_SURFACE()
B_SPLINE_SURFACE(3,3,((#3366,#3367,#3368,#3369),(#3370,#3371,#3372,#3373),
(#3374,#3375,#3376,#3377),(#3378,#3379,#3380,#3381),(#3382,#3383,#3384,
#3385),(#3386,#3387,#3388,#3389),(#3390,#3391,#3392,#3393)),
 .UNSPECIFIED.,.F.,.F.,.F.)
B_SPLINE_SURFACE_WITH_KNOTS((4,3,4),(4,4),(0.128309570933337,0.5,0.761536940357604),
(0.880498851808306,0.972204973760302),.PIECEWISE_BEZIER_KNOTS.)
GEOMETRIC_REPRESENTATION_ITEM()
RATIONAL_B_SPLINE_SURFACE(((0.618468484211429,0.618468484211429,0.618468484211429,
0.618468484211429),(0.377235589314926,0.377235589314926,0.377235589314926,
0.377235589314926),(0.504412761244449,0.504412761244449,0.504412761244449,
0.504412761244449),(1.,1.,1.,1.),(0.651284079523195,0.651284079523195,0.651284079523195,
0.651284079523195),(0.484972348837368,0.484972348837368,0.484972348837368,
0.484972348837368),(0.501064807942519,0.501064807942519,0.501064807942519,
0.501064807942519)))
REPRESENTATION_ITEM('')
SURFACE()
);
#60=(
BOUNDED_SURFACE()
B_SPLINE_SURFACE(3,3,((#3400,#3401,#3402,#3403),(#3404,#3405,#3406,#3407),
(#3408,#3409,#3410,#3411),(#3412,#3413,#3414,#3415),(#3416,#3417,#3418,
#3419),(#3420,#3421,#3422,#3423),(#3424,#3425,#3426,#3427)),
 .UNSPECIFIED.,.F.,.F.,.F.)
B_SPLINE_SURFACE_WITH_KNOTS((4,3,4),(4,4),(0.245913273134469,0.5,0.886616345490976),
(0.0277618008648619,0.119493524796402),.PIECEWISE_BEZIER_KNOTS.)
GEOMETRIC_REPRESENTATION_ITEM()
RATIONAL_B_SPLINE_SURFACE(((0.500133610691788,0.500133610691788,0.500133610691788,
0.500133610691788),(0.494595567743221,0.494595567743221,0.494595567743221,
0.494595567743221),(0.661217697512625,0.661217697512625,0.661217697512625,
0.661217697512625),(1.,1.,1.,1.),(0.484511539345365,0.484511539345365,0.484511539345365,
0.484511539345365),(0.367615608292858,0.367615608292858,0.367615608292858,
0.367615608292858),(0.649312206842478,0.649312206842478,0.649312206842478,
0.649312206842478)))
REPRESENTATION_ITEM('')
SURFACE()
);
#61=(
BOUNDED_SURFACE()
B_SPLINE_SURFACE(3,3,((#3434,#3435,#3436,#3437,#3438,#3439),(#3440,#3441,
#3442,#3443,#3444,#3445),(#3446,#3447,#3448,#3449,#3450,#3451),(#3452,#3453,
#3454,#3455,#3456,#3457),(#3458,#3459,#3460,#3461,#3462,#3463),(#3464,#3465,
#3466,#3467,#3468,#3469),(#3470,#3471,#3472,#3473,#3474,#3475)),
 .UNSPECIFIED.,.F.,.F.,.F.)
B_SPLINE_SURFACE_WITH_KNOTS((4,3,4),(4,2,4),(0.126342134885574,0.5,0.899401636221287),
(0.119493524796402,0.499996188302354,0.880498851808306),.UNSPECIFIED.)
GEOMETRIC_REPRESENTATION_ITEM()
RATIONAL_B_SPLINE_SURFACE(((0.62233014083726,0.62233014083726,0.62233014083726,
0.62233014083726,0.62233014083726,0.62233014083726),(0.375899560126519,
0.375899560126519,0.375899560126519,0.375899560126519,0.375899560126519,
0.375899560126519),(0.501789513180766,0.501789513180766,0.501789513180766,
0.501789513180766,0.501789513180766,0.501789513180766),(1.,1.,1.,1.,1.,
1.),(0.467464485038284,0.467464485038284,0.467464485038284,0.467464485038284,
0.467464485038284,0.467464485038284),(0.360320082119878,0.360320082119878,
0.360320082119878,0.360320082119878,0.360320082119878,0.360320082119878),
(0.678566791244783,0.678566791244783,0.678566791244783,0.678566791244783,
0.678566791244783,0.678566791244783)))
REPRESENTATION_ITEM('')
SURFACE()
);
#62=(
BOUNDED_SURFACE()
B_SPLINE_SURFACE(3,3,((#3476,#3477,#3478,#3479,#3480,#3481),(#3482,#3483,
#3484,#3485,#3486,#3487),(#3488,#3489,#3490,#3491,#3492,#3493),(#3494,#3495,
#3496,#3497,#3498,#3499),(#3500,#3501,#3502,#3503,#3504,#3505),(#3506,#3507,
#3508,#3509,#3510,#3511),(#3512,#3513,#3514,#3515,#3516,#3517)),
 .UNSPECIFIED.,.F.,.F.,.F.)
B_SPLINE_SURFACE_WITH_KNOTS((4,3,4),(4,2,4),(0.248026305117801,0.5,0.894835084965654),
(0.231937335239143,1.,1.02399854884635),.UNSPECIFIED.)
GEOMETRIC_REPRESENTATION_ITEM()
RATIONAL_B_SPLINE_SURFACE(((0.500031163771904,0.500031163771904,0.500031163771904,
0.500031163771904,0.500031163771904,0.500031163771904),(0.497378794747703,
0.497378794747703,0.497378794747703,0.497378794747703,0.497378794747703,
0.497378794747703),(0.664035073490402,0.664035073490402,0.664035073490402,
0.664035073490402,0.664035073490402,0.664035073490402),(1.,1.,1.,1.,1.,
1.),(0.473553220045795,0.473553220045795,0.473553220045795,0.473553220045795,
0.473553220045795,0.473553220045795),(0.362825758277817,0.362825758277817,
0.362825758277817,0.362825758277817,0.362825758277817,0.362825758277817),
(0.667817614696065,0.667817614696065,0.667817614696065,0.667817614696065,
0.667817614696065,0.667817614696065)))
REPRESENTATION_ITEM('')
SURFACE()
);
#63=(
BOUNDED_SURFACE()
B_SPLINE_SURFACE(3,3,((#3558,#3559,#3560,#3561),(#3562,#3563,#3564,#3565),
(#3566,#3567,#3568,#3569),(#3570,#3571,#3572,#3573),(#3574,#3575,#3576,
#3577),(#3578,#3579,#3580,#3581),(#3582,#3583,#3584,#3585)),
 .UNSPECIFIED.,.F.,.F.,.F.)
B_SPLINE_SURFACE_WITH_KNOTS((4,3,4),(4,4),(0.137059671385609,0.5,0.767742839700043),
(0.807276314719394,0.955223897721514),.PIECEWISE_BEZIER_KNOTS.)
GEOMETRIC_REPRESENTATION_ITEM()
RATIONAL_B_SPLINE_SURFACE(((0.602044142620213,0.602044142620213,0.602044142620213,
0.602044142620213),(0.38342760938755,0.38342760938755,0.38342760938755,
0.38342760938755),(0.516079561847479,0.516079561847479,0.516079561847479,
0.516079561847479),(1.,1.,1.,1.),(0.643009547066609,0.643009547066609,0.643009547066609,
0.643009547066609),(0.4771823693616,0.4771823693616,0.4771823693616,0.4771823693616),
(0.502518466884972,0.502518466884972,0.502518466884972,0.502518466884972)))
REPRESENTATION_ITEM('')
SURFACE()
);
#64=(
BOUNDED_SURFACE()
B_SPLINE_SURFACE(3,3,((#3592,#3593,#3594,#3595,#3596,#3597,#3598,#3599),
(#3600,#3601,#3602,#3603,#3604,#3605,#3606,#3607),(#3608,#3609,#3610,#3611,
#3612,#3613,#3614,#3615),(#3616,#3617,#3618,#3619,#3620,#3621,#3622,#3623),
(#3624,#3625,#3626,#3627,#3628,#3629,#3630,#3631),(#3632,#3633,#3634,#3635,
#3636,#3637,#3638,#3639),(#3640,#3641,#3642,#3643,#3644,#3645,#3646,#3647)),
 .UNSPECIFIED.,.F.,.F.,.F.)
B_SPLINE_SURFACE_WITH_KNOTS((4,3,4),(4,2,2,4),(0.136349229015526,0.5,0.922833481902079),
(-0.00971467530776038,0.,0.403638157359697,0.807276314719394),
 .UNSPECIFIED.)
GEOMETRIC_REPRESENTATION_ITEM()
RATIONAL_B_SPLINE_SURFACE(((0.603331981962923,0.603331981962923,0.603331981962923,
0.603331981962923,0.603331981962923,0.603331981962923,0.603331981962923,
0.603331981962923),(0.382909632675009,0.382909632675009,0.382909632675009,
0.382909632675009,0.382909632675009,0.382909632675009,0.382909632675009,
0.382909632675009),(0.515132305354035,0.515132305354035,0.515132305354035,
0.515132305354035,0.515132305354035,0.515132305354035,0.515132305354035,
0.515132305354035),(1.,1.,1.,1.,1.,1.,1.,1.),(0.436222024130562,0.436222024130562,
0.436222024130562,0.436222024130562,0.436222024130562,0.436222024130562,
0.436222024130562,0.436222024130562),(0.349212457374285,0.349212457374285,
0.349212457374285,0.349212457374285,0.349212457374285,0.349212457374285,
0.349212457374285,0.349212457374285),(0.73897129973117,0.73897129973117,
0.73897129973117,0.73897129973117,0.73897129973117,0.73897129973117,0.73897129973117,
0.73897129973117)))
REPRESENTATION_ITEM('')
SURFACE()
);
#65=(
BOUNDED_SURFACE()
B_SPLINE_SURFACE(3,3,((#3648,#3649,#3650,#3651),(#3652,#3653,#3654,#3655),
(#3656,#3657,#3658,#3659),(#3660,#3661,#3662,#3663),(#3664,#3665,#3666,
#3667),(#3668,#3669,#3670,#3671),(#3672,#3673,#3674,#3675)),
 .UNSPECIFIED.,.F.,.F.,.F.)
B_SPLINE_SURFACE_WITH_KNOTS((4,3,4),(4,4),(0.136843692326165,0.5,0.766547365373303),
(0.882151445986349,0.972681184746149),.PIECEWISE_BEZIER_KNOTS.)
GEOMETRIC_REPRESENTATION_ITEM()
RATIONAL_B_SPLINE_SURFACE(((0.602434799731005,0.602434799731005,0.602434799731005,
0.602434799731005),(0.383269856345222,0.383269856345222,0.383269856345222,
0.383269856345222),(0.51579158976822,0.51579158976822,0.51579158976822,
0.51579158976822),(1.,1.,1.,1.),(0.644603512835596,0.644603512835596,0.644603512835596,
0.644603512835596),(0.47866702030439,0.47866702030439,0.47866702030439,
0.47866702030439),(0.502190522406381,0.502190522406381,0.502190522406381,
0.502190522406381)))
REPRESENTATION_ITEM('')
SURFACE()
);
#66=(
BOUNDED_SURFACE()
B_SPLINE_SURFACE(3,3,((#3682,#3683,#3684,#3685,#3686,#3687),(#3688,#3689,
#3690,#3691,#3692,#3693),(#3694,#3695,#3696,#3697,#3698,#3699),(#3700,#3701,
#3702,#3703,#3704,#3705),(#3706,#3707,#3708,#3709,#3710,#3711),(#3712,#3713,
#3714,#3715,#3716,#3717),(#3718,#3719,#3720,#3721,#3722,#3723)),
 .UNSPECIFIED.,.F.,.F.,.F.)
B_SPLINE_SURFACE_WITH_KNOTS((4,3,4),(4,2,4),(0.133070213019694,0.5,0.915014142783699),
(0.116484657785965,0.499318051886157,0.882151445986349),.UNSPECIFIED.)
GEOMETRIC_REPRESENTATION_ITEM()
RATIONAL_B_SPLINE_SURFACE(((0.609380600666079,0.609380600666079,0.609380600666079,
0.609380600666079,0.609380600666079,0.609380600666079),(0.380553817581618,
0.380553817581618,0.380553817581618,0.380553817581618,0.380553817581618,
0.380553817581618),(0.510760284026258,0.510760284026258,0.510760284026258,
0.510760284026258,0.510760284026258,0.510760284026258),(1.,1.,1.,1.,1.,
1.),(0.446647809621734,0.446647809621734,0.446647809621734,0.446647809621734,
0.446647809621734,0.446647809621734),(0.352593589138105,0.352593589138105,
0.352593589138105,0.352593589138105,0.352593589138105,0.352593589138105),
(0.717837338549113,0.717837338549113,0.717837338549113,0.717837338549113,
0.717837338549113,0.717837338549113)))
REPRESENTATION_ITEM('')
SURFACE()
);
#67=(
BOUNDED_SURFACE()
B_SPLINE_SURFACE(3,3,((#3725,#3726,#3727,#3728),(#3729,#3730,#3731,#3732),
(#3733,#3734,#3735,#3736),(#3737,#3738,#3739,#3740),(#3741,#3742,#3743,
#3744),(#3745,#3746,#3747,#3748),(#3749,#3750,#3751,#3752)),
 .UNSPECIFIED.,.F.,.F.,.F.)
B_SPLINE_SURFACE_WITH_KNOTS((4,3,4),(4,4),(0.247069121118056,0.5,0.892266249949709),
(0.0270327898493872,0.116484657785965),.PIECEWISE_BEZIER_KNOTS.)
GEOMETRIC_REPRESENTATION_ITEM()
RATIONAL_B_SPLINE_SURFACE(((0.500068720408165,0.500068720408165,0.500068720408165,
0.500068720408165),(0.496115068293463,0.496115068293463,0.496115068293463,
0.496115068293463),(0.662758828157408,0.662758828157408,0.662758828157408,
0.662758828157408),(1.,1.,1.,1.),(0.476978333400389,0.476978333400389,0.476978333400389,
0.476978333400389),(0.36428416239973,0.36428416239973,0.36428416239973,
0.36428416239973),(0.661917486998024,0.661917486998024,0.661917486998024,
0.661917486998024)))
REPRESENTATION_ITEM('')
SURFACE()
);
#68=(
BOUNDED_SURFACE()
B_SPLINE_SURFACE(3,3,((#3827,#3828,#3829,#3830),(#3831,#3832,#3833,#3834),
(#3835,#3836,#3837,#3838),(#3839,#3840,#3841,#3842),(#3843,#3844,#3845,
#3846),(#3847,#3848,#3849,#3850),(#3851,#3852,#3853,#3854)),
 .UNSPECIFIED.,.F.,.F.,.F.)
B_SPLINE_SURFACE_WITH_KNOTS((4,3,4),(4,4),(0.474248672207342,0.5,0.525806152370286),
(0.617543372256997,0.627564649637509),.PIECEWISE_BEZIER_KNOTS.)
GEOMETRIC_REPRESENTATION_ITEM()
RATIONAL_B_SPLINE_SURFACE(((0.902299735894048,0.902299735894048,0.902299735894048,
0.902299735894048),(0.933098141574472,0.933098141574472,0.933098141574472,
0.933098141574472),(0.965664896276456,0.965664896276456,0.965664896276456,
0.965664896276456),(1.,1.,1.,1.),(0.965591796839619,0.965591796839619,0.965591796839619,
0.965591796839619),(0.932959480346327,0.932959480346327,0.932959480346327,
0.932959480346327),(0.902103050520125,0.902103050520125,0.902103050520125,
0.902103050520125)))
REPRESENTATION_ITEM('')
SURFACE()
);
#69=(
BOUNDED_SURFACE()
B_SPLINE_SURFACE(3,3,((#3868,#3869,#3870,#3871),(#3872,#3873,#3874,#3875),
(#3876,#3877,#3878,#3879),(#3880,#3881,#3882,#3883),(#3884,#3885,#3886,
#3887),(#3888,#3889,#3890,#3891),(#3892,#3893,#3894,#3895)),
 .UNSPECIFIED.,.F.,.F.,.F.)
B_SPLINE_SURFACE_WITH_KNOTS((4,3,4),(4,4),(0.479180793735353,0.5,0.530691980920248),
(0.77470354500552,0.785066411208285),.PIECEWISE_BEZIER_KNOTS.)
GEOMETRIC_REPRESENTATION_ITEM()
RATIONAL_B_SPLINE_SURFACE(((0.920190689737332,0.920190689737332,0.920190689737332,
0.920190689737332),(0.945637954892915,0.945637954892915,0.945637954892915,
0.945637954892915),(0.972241058313804,0.972241058313804,0.972241058313804,
0.972241058313804),(1.,1.,1.,1.),(0.959077358773003,0.959077358773003,0.959077358773003,
0.959077358773003),(0.920666711393496,0.920666711393496,0.920666711393496,
0.920666711393496),(0.884768057861479,0.884768057861479,0.884768057861479,
0.884768057861479)))
REPRESENTATION_ITEM('')
SURFACE()
);
#70=(
BOUNDED_SURFACE()
B_SPLINE_SURFACE(3,3,((#4088,#4089,#4090,#4091,#4092,#4093),(#4094,#4095,
#4096,#4097,#4098,#4099),(#4100,#4101,#4102,#4103,#4104,#4105),(#4106,#4107,
#4108,#4109,#4110,#4111)),.UNSPECIFIED.,.F.,.F.,.F.)
B_SPLINE_SURFACE_WITH_KNOTS((4,4),(4,2,4),(0.512318193873129,0.587280550320455),
(0.605197360031069,0.610869623105,0.640326362641291),.UNSPECIFIED.)
GEOMETRIC_REPRESENTATION_ITEM()
RATIONAL_B_SPLINE_SURFACE(((0.95194112770985,0.95194112770985,0.95194112770985,
0.95194112770985,0.95194112770985,0.95194112770985),(0.856916123592909,
0.856916123592909,0.856916123592909,0.856916123592909,0.856916123592909,
0.856916123592909),(0.776876065833663,0.776876065833663,0.776876065833663,
0.776876065833663,0.776876065833663,0.776876065833663),(0.711820954432113,
0.711820954432113,0.711820954432113,0.711820954432113,0.711820954432113,
0.711820954432113)))
REPRESENTATION_ITEM('')
SURFACE()
);
#71=(
BOUNDED_SURFACE()
B_SPLINE_SURFACE(3,3,((#4159,#4160,#4161,#4162,#4163,#4164,#4165,#4166,
#4167,#4168,#4169,#4170,#4171,#4172,#4173,#4174,#4175,#4176),(#4177,#4178,
#4179,#4180,#4181,#4182,#4183,#4184,#4185,#4186,#4187,#4188,#4189,#4190,
#4191,#4192,#4193,#4194),(#4195,#4196,#4197,#4198,#4199,#4200,#4201,#4202,
#4203,#4204,#4205,#4206,#4207,#4208,#4209,#4210,#4211,#4212),(#4213,#4214,
#4215,#4216,#4217,#4218,#4219,#4220,#4221,#4222,#4223,#4224,#4225,#4226,
#4227,#4228,#4229,#4230),(#4231,#4232,#4233,#4234,#4235,#4236,#4237,#4238,
#4239,#4240,#4241,#4242,#4243,#4244,#4245,#4246,#4247,#4248),(#4249,#4250,
#4251,#4252,#4253,#4254,#4255,#4256,#4257,#4258,#4259,#4260,#4261,#4262,
#4263,#4264,#4265,#4266),(#4267,#4268,#4269,#4270,#4271,#4272,#4273,#4274,
#4275,#4276,#4277,#4278,#4279,#4280,#4281,#4282,#4283,#4284)),
 .UNSPECIFIED.,.T.,.F.,.F.)
B_SPLINE_SURFACE_WITH_KNOTS((4,3,4),(4,2,2,2,2,2,2,2,4),(0.,0.5,1.),(0.530191860719437,
0.550361301315828,0.570530741912219,0.610869623105,0.691547385490563,0.772225147876126,
0.812564029068908,0.832733469665299,0.852902910261689),.UNSPECIFIED.)
GEOMETRIC_REPRESENTATION_ITEM()
RATIONAL_B_SPLINE_SURFACE(((1.,1.,1.,1.,1.,1.,1.,1.,1.,1.,1.,1.,1.,1.,1.,
1.,1.,1.),(0.333333333333334,0.333333333333334,0.333333333333334,0.333333333333334,
0.333333333333334,0.333333333333334,0.333333333333334,0.333333333333334,
0.333333333333334,0.333333333333334,0.333333333333334,0.333333333333334,
0.333333333333334,0.333333333333334,0.333333333333334,0.333333333333334,
0.333333333333334,0.333333333333334),(0.333333333333334,0.333333333333334,
0.333333333333334,0.333333333333334,0.333333333333334,0.333333333333334,
0.333333333333334,0.333333333333334,0.333333333333334,0.333333333333334,
0.333333333333334,0.333333333333334,0.333333333333334,0.333333333333334,
0.333333333333334,0.333333333333334,0.333333333333334,0.333333333333334),
(1.,1.,1.,1.,1.,1.,1.,1.,1.,1.,1.,1.,1.,1.,1.,1.,1.,1.),(0.333333333333334,
0.333333333333334,0.333333333333334,0.333333333333334,0.333333333333334,
0.333333333333334,0.333333333333334,0.333333333333334,0.333333333333334,
0.333333333333334,0.333333333333334,0.333333333333334,0.333333333333334,
0.333333333333334,0.333333333333334,0.333333333333334,0.333333333333334,
0.333333333333334),(0.333333333333334,0.333333333333334,0.333333333333334,
0.333333333333334,0.333333333333334,0.333333333333334,0.333333333333334,
0.333333333333334,0.333333333333334,0.333333333333334,0.333333333333334,
0.333333333333334,0.333333333333334,0.333333333333334,0.333333333333334,
0.333333333333334,0.333333333333334,0.333333333333334),(1.,1.,1.,1.,1.,
1.,1.,1.,1.,1.,1.,1.,1.,1.,1.,1.,1.,1.)))
REPRESENTATION_ITEM('')
SURFACE()
);
#72=(
BOUNDED_SURFACE()
B_SPLINE_SURFACE(3,3,((#4494,#4495,#4496,#4497,#4498,#4499,#4500,#4501,
#4502,#4503,#4504,#4505),(#4506,#4507,#4508,#4509,#4510,#4511,#4512,#4513,
#4514,#4515,#4516,#4517),(#4518,#4519,#4520,#4521,#4522,#4523,#4524,#4525,
#4526,#4527,#4528,#4529),(#4530,#4531,#4532,#4533,#4534,#4535,#4536,#4537,
#4538,#4539,#4540,#4541),(#4542,#4543,#4544,#4545,#4546,#4547,#4548,#4549,
#4550,#4551,#4552,#4553),(#4554,#4555,#4556,#4557,#4558,#4559,#4560,#4561,
#4562,#4563,#4564,#4565),(#4566,#4567,#4568,#4569,#4570,#4571,#4572,#4573,
#4574,#4575,#4576,#4577)),.UNSPECIFIED.,.T.,.F.,.F.)
B_SPLINE_SURFACE_WITH_KNOTS((4,3,4),(4,2,2,2,2,4),(0.,0.5,1.),(0.852902910261689,
0.865171580186011,0.871305915148172,0.874373082629252,0.875906666369792,
0.877440250110332),.UNSPECIFIED.)
GEOMETRIC_REPRESENTATION_ITEM()
RATIONAL_B_SPLINE_SURFACE(((1.,1.,1.,1.,1.,1.,1.,1.,1.,1.,1.,1.),(0.333333333333334,
0.333333333333334,0.333333333333334,0.333333333333334,0.333333333333334,
0.333333333333334,0.333333333333334,0.333333333333334,0.333333333333334,
0.333333333333334,0.333333333333334,0.333333333333334),(0.333333333333334,
0.333333333333334,0.333333333333334,0.333333333333334,0.333333333333334,
0.333333333333334,0.333333333333334,0.333333333333334,0.333333333333334,
0.333333333333334,0.333333333333334,0.333333333333334),(1.,1.,1.,1.,1.,
1.,1.,1.,1.,1.,1.,1.),(0.333333333333334,0.333333333333334,0.333333333333334,
0.333333333333334,0.333333333333334,0.333333333333334,0.333333333333334,
0.333333333333334,0.333333333333334,0.333333333333334,0.333333333333334,
0.333333333333334),(0.333333333333334,0.333333333333334,0.333333333333334,
0.333333333333334,0.333333333333334,0.333333333333334,0.333333333333334,
0.333333333333334,0.333333333333334,0.333333333333334,0.333333333333334,
0.333333333333334),(1.,1.,1.,1.,1.,1.,1.,1.,1.,1.,1.,1.)))
REPRESENTATION_ITEM('')
SURFACE()
);
#73=(
BOUNDED_SURFACE()
B_SPLINE_SURFACE(3,3,((#4733,#4734,#4735,#4736,#4737,#4738),(#4739,#4740,
#4741,#4742,#4743,#4744),(#4745,#4746,#4747,#4748,#4749,#4750),(#4751,#4752,
#4753,#4754,#4755,#4756),(#4757,#4758,#4759,#4760,#4761,#4762),(#4763,#4764,
#4765,#4766,#4767,#4768),(#4769,#4770,#4771,#4772,#4773,#4774)),
 .UNSPECIFIED.,.F.,.F.,.F.)
B_SPLINE_SURFACE_WITH_KNOTS((4,3,4),(4,2,4),(0.416218697019468,0.5,0.591668298581855),
(0.760448770711387,0.772225147876126,0.799351051815143),.UNSPECIFIED.)
GEOMETRIC_REPRESENTATION_ITEM()
RATIONAL_B_SPLINE_SURFACE(((0.721029241910798,0.721029241910798,0.721029241910798,
0.721029241910798,0.721029241910798,0.721029241910798),(0.795301343329557,
0.795301343329557,0.795301343329557,0.795301343329557,0.795301343329557,
0.795301343329557),(0.888291596025957,0.888291596025957,0.888291596025957,
0.888291596025957,0.888291596025957,0.888291596025957),(1.,1.,1.,1.,1.,
1.),(0.87777560189086,0.87777560189086,0.87777560189086,0.87777560189086,
0.87777560189086,0.87777560189086),(0.777959409021433,0.777959409021433,
0.777959409021433,0.777959409021433,0.777959409021433,0.777959409021433),
(0.700551421391718,0.700551421391718,0.700551421391718,0.700551421391718,
0.700551421391718,0.700551421391718)))
REPRESENTATION_ITEM('')
SURFACE()
);
#74=(
BOUNDED_SURFACE()
B_SPLINE_SURFACE(3,3,((#4828,#4829,#4830,#4831,#4832,#4833),(#4834,#4835,
#4836,#4837,#4838,#4839),(#4840,#4841,#4842,#4843,#4844,#4845),(#4846,#4847,
#4848,#4849,#4850,#4851),(#4852,#4853,#4854,#4855,#4856,#4857),(#4858,#4859,
#4860,#4861,#4862,#4863),(#4864,#4865,#4866,#4867,#4868,#4869)),
 .UNSPECIFIED.,.F.,.F.,.F.)
B_SPLINE_SURFACE_WITH_KNOTS((4,3,4),(4,2,4),(0.412651971836108,0.5,0.52387302108819),
(0.603816405640466,0.610869623105,0.641390840499039),.UNSPECIFIED.)
GEOMETRIC_REPRESENTATION_ITEM()
RATIONAL_B_SPLINE_SURFACE(((0.711645311537393,0.711645311537393,0.711645311537393,
0.711645311537393,0.711645311537393,0.711645311537393),(0.787417732960609,
0.787417732960609,0.787417732960609,0.787417732960609,0.787417732960609,
0.787417732960609),(0.883535962448144,0.883535962448144,0.883535962448144,
0.883535962448144,0.883535962448144,0.883535962448144),(1.,1.,1.,1.,1.,
1.),(0.968169305215746,0.968169305215746,0.968169305215746,0.968169305215746,
0.968169305215746,0.968169305215746),(0.937858400127165,0.937858400127165,
0.937858400127165,0.937858400127165,0.937858400127165,0.937858400127165),
(0.909067284734256,0.909067284734256,0.909067284734256,0.909067284734256,
0.909067284734256,0.909067284734256)))
REPRESENTATION_ITEM('')
SURFACE()
);
#75=(
BOUNDED_SURFACE()
B_SPLINE_SURFACE(3,3,((#4914,#4915,#4916,#4917),(#4918,#4919,#4920,#4921),
(#4922,#4923,#4924,#4925),(#4926,#4927,#4928,#4929),(#4930,#4931,#4932,
#4933),(#4934,#4935,#4936,#4937),(#4938,#4939,#4940,#4941)),
 .UNSPECIFIED.,.F.,.F.,.F.)
B_SPLINE_SURFACE_WITH_KNOTS((4,3,4),(4,4),(0.247069121118058,0.5,0.892266249949709),
(0.0270327898493872,0.116484657785965),.PIECEWISE_BEZIER_KNOTS.)
GEOMETRIC_REPRESENTATION_ITEM()
RATIONAL_B_SPLINE_SURFACE(((0.500068720408165,0.500068720408165,0.500068720408165,
0.500068720408165),(0.496115068293466,0.496115068293466,0.496115068293466,
0.496115068293466),(0.662758828157411,0.662758828157411,0.662758828157411,
0.662758828157411),(1.,1.,1.,1.),(0.476978333400389,0.476978333400389,0.476978333400389,
0.476978333400389),(0.36428416239973,0.36428416239973,0.36428416239973,
0.36428416239973),(0.661917486998024,0.661917486998024,0.661917486998024,
0.661917486998024)))
REPRESENTATION_ITEM('')
SURFACE()
);
#76=(
BOUNDED_SURFACE()
B_SPLINE_SURFACE(3,3,((#4948,#4949,#4950,#4951,#4952,#4953),(#4954,#4955,
#4956,#4957,#4958,#4959),(#4960,#4961,#4962,#4963,#4964,#4965),(#4966,#4967,
#4968,#4969,#4970,#4971),(#4972,#4973,#4974,#4975,#4976,#4977),(#4978,#4979,
#4980,#4981,#4982,#4983),(#4984,#4985,#4986,#4987,#4988,#4989)),
 .UNSPECIFIED.,.F.,.F.,.F.)
B_SPLINE_SURFACE_WITH_KNOTS((4,3,4),(4,2,4),(0.133070213019693,0.5,0.915014142783707),
(0.116484657785965,0.499318051886157,0.882151445986349),.UNSPECIFIED.)
GEOMETRIC_REPRESENTATION_ITEM()
RATIONAL_B_SPLINE_SURFACE(((0.609380600666079,0.609380600666079,0.609380600666079,
0.609380600666079,0.609380600666079,0.609380600666079),(0.380553817581618,
0.380553817581618,0.380553817581618,0.380553817581618,0.380553817581618,
0.380553817581618),(0.510760284026258,0.510760284026258,0.510760284026258,
0.510760284026258,0.510760284026258,0.510760284026258),(1.,1.,1.,1.,1.,
1.),(0.446647809621725,0.446647809621725,0.446647809621725,0.446647809621725,
0.446647809621725,0.446647809621725),(0.352593589138102,0.352593589138102,
0.352593589138102,0.352593589138102,0.352593589138102,0.352593589138102),
(0.717837338549132,0.717837338549132,0.717837338549132,0.717837338549132,
0.717837338549132,0.717837338549132)))
REPRESENTATION_ITEM('')
SURFACE()
);
#77=(
BOUNDED_SURFACE()
B_SPLINE_SURFACE(3,3,((#4991,#4992,#4993,#4994),(#4995,#4996,#4997,#4998),
(#4999,#5000,#5001,#5002),(#5003,#5004,#5005,#5006),(#5007,#5008,#5009,
#5010),(#5011,#5012,#5013,#5014),(#5015,#5016,#5017,#5018)),
 .UNSPECIFIED.,.F.,.F.,.F.)
B_SPLINE_SURFACE_WITH_KNOTS((4,3,4),(4,4),(0.136843692326165,0.5,0.766547365373303),
(0.882151445986349,0.972681184746149),.PIECEWISE_BEZIER_KNOTS.)
GEOMETRIC_REPRESENTATION_ITEM()
RATIONAL_B_SPLINE_SURFACE(((0.602434799731005,0.602434799731005,0.602434799731005,
0.602434799731005),(0.383269856345222,0.383269856345222,0.383269856345222,
0.383269856345222),(0.51579158976822,0.51579158976822,0.51579158976822,
0.51579158976822),(1.,1.,1.,1.),(0.644603512835596,0.644603512835596,0.644603512835596,
0.644603512835596),(0.47866702030439,0.47866702030439,0.47866702030439,
0.47866702030439),(0.502190522406381,0.502190522406381,0.502190522406381,
0.502190522406381)))
REPRESENTATION_ITEM('')
SURFACE()
);
#78=(
BOUNDED_SURFACE()
B_SPLINE_SURFACE(3,3,((#5024,#5025,#5026,#5027,#5028,#5029,#5030,#5031),
(#5032,#5033,#5034,#5035,#5036,#5037,#5038,#5039),(#5040,#5041,#5042,#5043,
#5044,#5045,#5046,#5047),(#5048,#5049,#5050,#5051,#5052,#5053,#5054,#5055),
(#5056,#5057,#5058,#5059,#5060,#5061,#5062,#5063),(#5064,#5065,#5066,#5067,
#5068,#5069,#5070,#5071),(#5072,#5073,#5074,#5075,#5076,#5077,#5078,#5079)),
 .UNSPECIFIED.,.F.,.F.,.F.)
B_SPLINE_SURFACE_WITH_KNOTS((4,3,4),(4,2,2,4),(0.136349229015526,0.5,0.922833481902062),
(-0.00971456579817835,0.,0.403638157359697,0.807276314719394),
 .UNSPECIFIED.)
GEOMETRIC_REPRESENTATION_ITEM()
RATIONAL_B_SPLINE_SURFACE(((0.603331981962922,0.603331981962922,0.603331981962922,
0.603331981962922,0.603331981962922,0.603331981962922,0.603331981962922,
0.603331981962922),(0.382909632675009,0.382909632675009,0.382909632675009,
0.382909632675009,0.382909632675009,0.382909632675009,0.382909632675009,
0.382909632675009),(0.515132305354035,0.515132305354035,0.515132305354035,
0.515132305354035,0.515132305354035,0.515132305354035,0.515132305354035,
0.515132305354035),(1.,1.,1.,1.,1.,1.,1.,1.),(0.436222024130585,0.436222024130585,
0.436222024130585,0.436222024130585,0.436222024130585,0.436222024130585,
0.436222024130585,0.436222024130585),(0.349212457374292,0.349212457374292,
0.349212457374292,0.349212457374292,0.349212457374292,0.349212457374292,
0.349212457374292,0.349212457374292),(0.738971299731122,0.738971299731122,
0.738971299731122,0.738971299731122,0.738971299731122,0.738971299731122,
0.738971299731122,0.738971299731122)))
REPRESENTATION_ITEM('')
SURFACE()
);
#79=(
BOUNDED_SURFACE()
B_SPLINE_SURFACE(3,3,((#5092,#5093,#5094,#5095),(#5096,#5097,#5098,#5099),
(#5100,#5101,#5102,#5103),(#5104,#5105,#5106,#5107),(#5108,#5109,#5110,
#5111),(#5112,#5113,#5114,#5115),(#5116,#5117,#5118,#5119)),
 .UNSPECIFIED.,.F.,.F.,.F.)
B_SPLINE_SURFACE_WITH_KNOTS((4,3,4),(4,4),(0.137059671385609,0.5,0.767742839700043),
(0.807276314719394,0.955223897721514),.PIECEWISE_BEZIER_KNOTS.)
GEOMETRIC_REPRESENTATION_ITEM()
RATIONAL_B_SPLINE_SURFACE(((0.602044142620213,0.602044142620213,0.602044142620213,
0.602044142620213),(0.38342760938755,0.38342760938755,0.38342760938755,
0.38342760938755),(0.516079561847479,0.516079561847479,0.516079561847479,
0.516079561847479),(1.,1.,1.,1.),(0.643009547066609,0.643009547066609,0.643009547066609,
0.643009547066609),(0.4771823693616,0.4771823693616,0.4771823693616,0.4771823693616),
(0.502518466884972,0.502518466884972,0.502518466884972,0.502518466884972)))
REPRESENTATION_ITEM('')
SURFACE()
);
#80=(
BOUNDED_SURFACE()
B_SPLINE_SURFACE(3,3,((#5149,#5150,#5151,#5152,#5153,#5154),(#5155,#5156,
#5157,#5158,#5159,#5160),(#5161,#5162,#5163,#5164,#5165,#5166),(#5167,#5168,
#5169,#5170,#5171,#5172),(#5173,#5174,#5175,#5176,#5177,#5178),(#5179,#5180,
#5181,#5182,#5183,#5184),(#5185,#5186,#5187,#5188,#5189,#5190)),
 .UNSPECIFIED.,.F.,.F.,.F.)
B_SPLINE_SURFACE_WITH_KNOTS((4,3,4),(4,2,4),(0.248026305117801,0.5,0.89483508496565),
(0.231937335239143,1.,1.02399854884635),.UNSPECIFIED.)
GEOMETRIC_REPRESENTATION_ITEM()
RATIONAL_B_SPLINE_SURFACE(((0.500031163771904,0.500031163771904,0.500031163771904,
0.500031163771904,0.500031163771904,0.500031163771904),(0.497378794747703,
0.497378794747703,0.497378794747703,0.497378794747703,0.497378794747703,
0.497378794747703),(0.664035073490402,0.664035073490402,0.664035073490402,
0.664035073490402,0.664035073490402,0.664035073490402),(1.,1.,1.,1.,1.,
1.),(0.473553220045799,0.4735532200458,0.4735532200458,0.4735532200458,
0.4735532200458,0.4735532200458),(0.362825758277819,0.362825758277819,0.362825758277819,
0.362825758277819,0.362825758277819,0.362825758277819),(0.667817614696057,
0.667817614696057,0.667817614696058,0.667817614696057,0.667817614696057,
0.667817614696057)))
REPRESENTATION_ITEM('')
SURFACE()
);
#81=(
BOUNDED_SURFACE()
B_SPLINE_SURFACE(3,3,((#5196,#5197,#5198,#5199,#5200,#5201),(#5202,#5203,
#5204,#5205,#5206,#5207),(#5208,#5209,#5210,#5211,#5212,#5213),(#5214,#5215,
#5216,#5217,#5218,#5219),(#5220,#5221,#5222,#5223,#5224,#5225),(#5226,#5227,
#5228,#5229,#5230,#5231),(#5232,#5233,#5234,#5235,#5236,#5237)),
 .UNSPECIFIED.,.F.,.F.,.F.)
B_SPLINE_SURFACE_WITH_KNOTS((4,3,4),(4,2,4),(0.126342134885574,0.5,0.899401636221287),
(0.119493524796402,0.499996188302354,0.880498851808306),.UNSPECIFIED.)
GEOMETRIC_REPRESENTATION_ITEM()
RATIONAL_B_SPLINE_SURFACE(((0.62233014083726,0.62233014083726,0.62233014083726,
0.62233014083726,0.62233014083726,0.62233014083726),(0.375899560126519,
0.375899560126519,0.375899560126519,0.375899560126519,0.375899560126519,
0.375899560126519),(0.501789513180766,0.501789513180766,0.501789513180766,
0.501789513180766,0.501789513180766,0.501789513180766),(1.,1.,1.,1.,1.,
1.),(0.467464485038284,0.467464485038284,0.467464485038284,0.467464485038284,
0.467464485038284,0.467464485038284),(0.360320082119878,0.360320082119878,
0.360320082119878,0.360320082119878,0.360320082119878,0.360320082119878),
(0.678566791244783,0.678566791244783,0.678566791244783,0.678566791244783,
0.678566791244783,0.678566791244783)))
REPRESENTATION_ITEM('')
SURFACE()
);
#82=(
BOUNDED_SURFACE()
B_SPLINE_SURFACE(3,3,((#5240,#5241,#5242,#5243),(#5244,#5245,#5246,#5247),
(#5248,#5249,#5250,#5251),(#5252,#5253,#5254,#5255),(#5256,#5257,#5258,
#5259),(#5260,#5261,#5262,#5263),(#5264,#5265,#5266,#5267)),
 .UNSPECIFIED.,.F.,.F.,.F.)
B_SPLINE_SURFACE_WITH_KNOTS((4,3,4),(4,4),(0.245913273134468,0.5,0.886616345490976),
(0.0277618008648619,0.119493524796402),.PIECEWISE_BEZIER_KNOTS.)
GEOMETRIC_REPRESENTATION_ITEM()
RATIONAL_B_SPLINE_SURFACE(((0.500133610691788,0.500133610691788,0.500133610691788,
0.500133610691788),(0.494595567743221,0.494595567743221,0.49459556774322,
0.49459556774322),(0.661217697512624,0.661217697512624,0.661217697512624,
0.661217697512624),(1.,1.,1.,1.),(0.484511539345365,0.484511539345365,0.484511539345365,
0.484511539345365),(0.367615608292858,0.367615608292858,0.367615608292858,
0.367615608292858),(0.649312206842478,0.649312206842478,0.649312206842478,
0.649312206842478)))
REPRESENTATION_ITEM('')
SURFACE()
);
#83=(
BOUNDED_SURFACE()
B_SPLINE_SURFACE(3,3,((#5273,#5274,#5275,#5276),(#5277,#5278,#5279,#5280),
(#5281,#5282,#5283,#5284),(#5285,#5286,#5287,#5288),(#5289,#5290,#5291,
#5292),(#5293,#5294,#5295,#5296),(#5297,#5298,#5299,#5300)),
 .UNSPECIFIED.,.F.,.F.,.F.)
B_SPLINE_SURFACE_WITH_KNOTS((4,3,4),(4,4),(0.128309570933338,0.5,0.761536940357604),
(0.880498851808306,0.972204973760302),.PIECEWISE_BEZIER_KNOTS.)
GEOMETRIC_REPRESENTATION_ITEM()
RATIONAL_B_SPLINE_SURFACE(((0.618468484211427,0.618468484211427,0.618468484211427,
0.618468484211427),(0.377235589314926,0.377235589314926,0.377235589314926,
0.377235589314926),(0.50441276124445,0.50441276124445,0.50441276124445,
0.50441276124445),(1.,1.,1.,1.),(0.651284079523195,0.651284079523195,0.651284079523195,
0.651284079523195),(0.484972348837368,0.484972348837368,0.484972348837368,
0.484972348837368),(0.501064807942519,0.501064807942519,0.501064807942519,
0.501064807942519)))
REPRESENTATION_ITEM('')
SURFACE()
);
#84=(
BOUNDED_SURFACE()
B_SPLINE_SURFACE(3,3,((#5306,#5307,#5308,#5309,#5310,#5311,#5312,#5313),
(#5314,#5315,#5316,#5317,#5318,#5319,#5320,#5321),(#5322,#5323,#5324,#5325,
#5326,#5327,#5328,#5329),(#5330,#5331,#5332,#5333,#5334,#5335,#5336,#5337),
(#5338,#5339,#5340,#5341,#5342,#5343,#5344,#5345),(#5346,#5347,#5348,#5349,
#5350,#5351,#5352,#5353),(#5354,#5355,#5356,#5357,#5358,#5359,#5360,#5361)),
 .UNSPECIFIED.,.F.,.F.,.F.)
B_SPLINE_SURFACE_WITH_KNOTS((4,3,4),(4,2,2,4),(0.130338462592883,0.5,0.916727381272879),
(0.117917307668127,0.308977644159392,0.500037980650658,0.882158653633189),
 .UNSPECIFIED.)
GEOMETRIC_REPRESENTATION_ITEM()
RATIONAL_B_SPLINE_SURFACE(((0.61455106827708,0.61455106827708,0.61455106827708,
0.61455106827708,0.61455106827708,0.61455106827708,0.61455106827708,0.61455106827708),
(0.37863497288287,0.37863497288287,0.37863497288287,0.37863497288287,0.37863497288287,
0.37863497288287,0.37863497288287,0.37863497288287),(0.507117950123844,
0.507117950123844,0.507117950123844,0.507117950123844,0.507117950123844,
0.507117950123844,0.507117950123844,0.507117950123844),(1.,1.,1.,1.,1.,
1.,1.,1.),(0.444363491636162,0.444363491636162,0.444363491636162,0.444363491636162,
0.444363491636162,0.444363491636162,0.444363491636162,0.444363491636162),
(0.35182487741246,0.35182487741246,0.35182487741246,0.35182487741246,0.35182487741246,
0.35182487741246,0.35182487741246,0.35182487741246),(0.722384157328895,
0.722384157328895,0.722384157328895,0.722384157328895,0.722384157328895,
0.722384157328895,0.722384157328895,0.722384157328895)))
REPRESENTATION_ITEM('')
SURFACE()
);
#85=(
BOUNDED_SURFACE()
B_SPLINE_SURFACE(3,3,((#5364,#5365,#5366,#5367),(#5368,#5369,#5370,#5371),
(#5372,#5373,#5374,#5375),(#5376,#5377,#5378,#5379),(#5380,#5381,#5382,
#5383),(#5384,#5385,#5386,#5387),(#5388,#5389,#5390,#5391)),
 .UNSPECIFIED.,.F.,.F.,.F.)
B_SPLINE_SURFACE_WITH_KNOTS((4,3,4),(4,4),(0.249260731883722,0.5,0.89709020108484),
(0.027313126043449,0.117917307668127),.PIECEWISE_BEZIER_KNOTS.)
GEOMETRIC_REPRESENTATION_ITEM()
RATIONAL_B_SPLINE_SURFACE(((0.500004372138782,0.500004372138782,0.500004372138782,
0.500004372138782),(0.49901576655789,0.49901576655789,0.49901576655789,
0.49901576655789),(0.665680975844962,0.665680975844962,0.665680975844962,
0.665680975844962),(1.,1.,1.,1.),(0.470546398553547,0.470546398553547,0.470546398553547,
0.470546398553547),(0.361574471234023,0.361574471234023,0.361574471234023,
0.361574471234023),(0.673084218041429,0.673084218041429,0.673084218041429,
0.673084218041429)))
REPRESENTATION_ITEM('')
SURFACE()
);
#86=(
BOUNDED_SURFACE()
B_SPLINE_SURFACE(3,3,((#5397,#5398,#5399,#5400),(#5401,#5402,#5403,#5404),
(#5405,#5406,#5407,#5408),(#5409,#5410,#5411,#5412),(#5413,#5414,#5415,
#5416),(#5417,#5418,#5419,#5420),(#5421,#5422,#5423,#5424)),
 .UNSPECIFIED.,.F.,.F.,.F.)
B_SPLINE_SURFACE_WITH_KNOTS((4,3,4),(4,4),(0.131072909591086,0.5,0.763534237493431),
(0.882158653633189,0.972596635182215),.PIECEWISE_BEZIER_KNOTS.)
GEOMETRIC_REPRESENTATION_ITEM()
RATIONAL_B_SPLINE_SURFACE(((0.613149222665039,0.613149222665039,0.613149222665039,
0.613149222665039),(0.379146953676462,0.379146953676462,0.379146953676462,
0.379146953676462),(0.508097212788115,0.508097212788115,0.508097212788115,
0.508097212788115),(1.,1.,1.,1.),(0.648621016675426,0.648621016675426,0.648621016675426,
0.648621016675426),(0.482442818234169,0.482442818234169,0.482442818234169,
0.482442818234169),(0.501465404676229,0.501465404676229,0.501465404676229,
0.501465404676229)))
REPRESENTATION_ITEM('')
SURFACE()
);
#87=(
BOUNDED_SURFACE()
B_SPLINE_SURFACE(3,3,((#5430,#5431,#5432,#5433),(#5434,#5435,#5436,#5437),
(#5438,#5439,#5440,#5441),(#5442,#5443,#5444,#5445),(#5446,#5447,#5448,
#5449),(#5450,#5451,#5452,#5453),(#5454,#5455,#5456,#5457)),
 .UNSPECIFIED.,.F.,.F.,.F.)
B_SPLINE_SURFACE_WITH_KNOTS((4,3,4),(4,4),(0.248568843524835,0.5,0.896014735050056),
(0.0271471944780897,0.117062065584071),.PIECEWISE_BEZIER_KNOTS.)
GEOMETRIC_REPRESENTATION_ITEM()
RATIONAL_B_SPLINE_SURFACE(((0.500016385670851,0.500016385670851,0.500016385670851,
0.500016385670851),(0.498097253256731,0.498097253256731,0.498097253256731,
0.498097253256731),(0.664758458033114,0.664758458033114,0.664758458033114,
0.664758458033114),(1.,1.,1.,1.),(0.471980353266592,0.471980353266592,0.471980353266592,
0.471980353266592),(0.362167827537893,0.362167827537893,0.362167827537893,
0.362167827537893),(0.670562422813906,0.670562422813906,0.670562422813906,
0.670562422813906)))
REPRESENTATION_ITEM('')
SURFACE()
);
#88=(
BOUNDED_SURFACE()
B_SPLINE_SURFACE(3,3,((#5464,#5465,#5466,#5467,#5468,#5469,#5470,#5471),
(#5472,#5473,#5474,#5475,#5476,#5477,#5478,#5479),(#5480,#5481,#5482,#5483,
#5484,#5485,#5486,#5487),(#5488,#5489,#5490,#5491,#5492,#5493,#5494,#5495),
(#5496,#5497,#5498,#5499,#5500,#5501,#5502,#5503),(#5504,#5505,#5506,#5507,
#5508,#5509,#5510,#5511),(#5512,#5513,#5514,#5515,#5516,#5517,#5518,#5519)),
 .UNSPECIFIED.,.F.,.F.,.F.)
B_SPLINE_SURFACE_WITH_KNOTS((4,3,4),(4,2,2,4),(0.13716489671135,0.5,0.922349555460607),
(0.117062065584071,0.500000885507807,0.691470295469675,0.882939705431542),
 .UNSPECIFIED.)
GEOMETRIC_REPRESENTATION_ITEM()
RATIONAL_B_SPLINE_SURFACE(((0.601854084273284,0.601854084273284,0.601854084273284,
0.601854084273284,0.601854084273284,0.601854084273284,0.601854084273284,
0.601854084273284),(0.383504557039561,0.383504557039561,0.383504557039561,
0.383504557039561,0.383504557039561,0.383504557039561,0.383504557039561,
0.383504557039561),(0.5162198622818,0.5162198622818,0.5162198622818,0.5162198622818,
0.5162198622818,0.5162198622818,0.5162198622818,0.5162198622818),(1.,1.,
1.,1.,1.,1.,1.,1.),(0.436867259385857,0.436867259385857,0.436867259385857,
0.436867259385857,0.436867259385857,0.436867259385857,0.436867259385857,
0.436867259385857),(0.349412244099108,0.349412244099108,0.349412244099108,
0.349412244099108,0.349412244099108,0.349412244099108,0.349412244099108,
0.349412244099108),(0.737634954139751,0.737634954139751,0.737634954139751,
0.737634954139751,0.737634954139751,0.737634954139751,0.737634954139751,
0.737634954139751)))
REPRESENTATION_ITEM('')
SURFACE()
);
#89=(
BOUNDED_SURFACE()
B_SPLINE_SURFACE(3,3,((#5521,#5522,#5523,#5524),(#5525,#5526,#5527,#5528),
(#5529,#5530,#5531,#5532),(#5533,#5534,#5535,#5536),(#5537,#5538,#5539,
#5540),(#5541,#5542,#5543,#5544),(#5545,#5546,#5547,#5548)),
 .UNSPECIFIED.,.F.,.F.,.F.)
B_SPLINE_SURFACE_WITH_KNOTS((4,3,4),(4,4),(0.138936027796239,0.5,0.769248606506024),
(0.882939705431542,0.972775447905564),.PIECEWISE_BEZIER_KNOTS.)
GEOMETRIC_REPRESENTATION_ITEM()
RATIONAL_B_SPLINE_SURFACE(((0.598681647373422,0.598681647373422,0.598681647373422,
0.598681647373422),(0.384808586186127,0.384808586186127,0.384808586186127,
0.384808586186127),(0.518581370394986,0.518581370394986,0.518581370394986,
0.518581370394986),(1.,1.,1.,1.),(0.641001857991968,0.641001857991968,0.641001857991968,
0.641001857991968),(0.475323214931765,0.475323214931765,0.475323214931765,
0.475323214931765),(0.50296407081939,0.50296407081939,0.50296407081939,
0.50296407081939)))
REPRESENTATION_ITEM('')
SURFACE()
);
#90=(
BOUNDED_SURFACE()
B_SPLINE_SURFACE(3,3,((#5610,#5611,#5612,#5613),(#5614,#5615,#5616,#5617),
(#5618,#5619,#5620,#5621),(#5622,#5623,#5624,#5625),(#5626,#5627,#5628,
#5629),(#5630,#5631,#5632,#5633),(#5634,#5635,#5636,#5637)),
 .UNSPECIFIED.,.F.,.F.,.F.)
B_SPLINE_SURFACE_WITH_KNOTS((4,3,4),(4,4),(0.474248672207342,0.5,0.525806152370286),
(0.617543372256997,0.627564649637509),.PIECEWISE_BEZIER_KNOTS.)
GEOMETRIC_REPRESENTATION_ITEM()
RATIONAL_B_SPLINE_SURFACE(((0.902299735894047,0.902299735894047,0.902299735894047,
0.902299735894047),(0.933098141574472,0.933098141574472,0.933098141574472,
0.933098141574472),(0.965664896276456,0.965664896276456,0.965664896276456,
0.965664896276456),(1.,1.,1.,1.),(0.965591796839619,0.965591796839619,0.965591796839619,
0.965591796839619),(0.932959480346327,0.932959480346327,0.932959480346327,
0.932959480346327),(0.902103050520125,0.902103050520125,0.902103050520125,
0.902103050520125)))
REPRESENTATION_ITEM('')
SURFACE()
);
#91=(
BOUNDED_SURFACE()
B_SPLINE_SURFACE(3,3,((#5651,#5652,#5653,#5654),(#5655,#5656,#5657,#5658),
(#5659,#5660,#5661,#5662),(#5663,#5664,#5665,#5666),(#5667,#5668,#5669,
#5670),(#5671,#5672,#5673,#5674),(#5675,#5676,#5677,#5678)),
 .UNSPECIFIED.,.F.,.F.,.F.)
B_SPLINE_SURFACE_WITH_KNOTS((4,3,4),(4,4),(0.479180793735353,0.5,0.530691980920248),
(0.774703545005521,0.785066411208285),.PIECEWISE_BEZIER_KNOTS.)
GEOMETRIC_REPRESENTATION_ITEM()
RATIONAL_B_SPLINE_SURFACE(((0.920190689737331,0.920190689737331,0.920190689737331,
0.920190689737331),(0.945637954892914,0.945637954892914,0.945637954892914,
0.945637954892915),(0.972241058313804,0.972241058313804,0.972241058313804,
0.972241058313804),(1.,1.,1.,1.),(0.959077358773002,0.959077358773002,0.959077358773002,
0.959077358773002),(0.920666711393495,0.920666711393495,0.920666711393495,
0.920666711393495),(0.884768057861478,0.884768057861478,0.884768057861478,
0.884768057861478)))
REPRESENTATION_ITEM('')
SURFACE()
);
#92=ORIENTED_EDGE('',*,*,#648,.F.);
#93=ORIENTED_EDGE('',*,*,#649,.F.);
#94=ORIENTED_EDGE('',*,*,#650,.F.);
#95=ORIENTED_EDGE('',*,*,#651,.F.);
#96=ORIENTED_EDGE('',*,*,#652,.F.);
#97=ORIENTED_EDGE('',*,*,#653,.F.);
#98=ORIENTED_EDGE('',*,*,#654,.T.);
#99=ORIENTED_EDGE('',*,*,#655,.F.);
#100=ORIENTED_EDGE('',*,*,#656,.T.);
#101=ORIENTED_EDGE('',*,*,#657,.F.);
#102=ORIENTED_EDGE('',*,*,#658,.F.);
#103=ORIENTED_EDGE('',*,*,#659,.F.);
#104=ORIENTED_EDGE('',*,*,#660,.F.);
#105=ORIENTED_EDGE('',*,*,#661,.F.);
#106=ORIENTED_EDGE('',*,*,#662,.F.);
#107=ORIENTED_EDGE('',*,*,#663,.T.);
#108=ORIENTED_EDGE('',*,*,#664,.F.);
#109=ORIENTED_EDGE('',*,*,#665,.T.);
#110=ORIENTED_EDGE('',*,*,#666,.F.);
#111=ORIENTED_EDGE('',*,*,#667,.F.);
#112=ORIENTED_EDGE('',*,*,#668,.F.);
#113=ORIENTED_EDGE('',*,*,#669,.F.);
#114=ORIENTED_EDGE('',*,*,#670,.F.);
#115=ORIENTED_EDGE('',*,*,#671,.F.);
#116=ORIENTED_EDGE('',*,*,#672,.T.);
#117=ORIENTED_EDGE('',*,*,#673,.F.);
#118=ORIENTED_EDGE('',*,*,#674,.T.);
#119=ORIENTED_EDGE('',*,*,#675,.F.);
#120=ORIENTED_EDGE('',*,*,#676,.F.);
#121=ORIENTED_EDGE('',*,*,#677,.F.);
#122=ORIENTED_EDGE('',*,*,#678,.F.);
#123=ORIENTED_EDGE('',*,*,#679,.F.);
#124=ORIENTED_EDGE('',*,*,#680,.F.);
#125=ORIENTED_EDGE('',*,*,#678,.T.);
#126=ORIENTED_EDGE('',*,*,#681,.F.);
#127=ORIENTED_EDGE('',*,*,#682,.F.);
#128=ORIENTED_EDGE('',*,*,#683,.F.);
#129=ORIENTED_EDGE('',*,*,#682,.T.);
#130=ORIENTED_EDGE('',*,*,#684,.F.);
#131=ORIENTED_EDGE('',*,*,#685,.T.);
#132=ORIENTED_EDGE('',*,*,#686,.F.);
#133=ORIENTED_EDGE('',*,*,#687,.F.);
#134=ORIENTED_EDGE('',*,*,#688,.F.);
#135=ORIENTED_EDGE('',*,*,#689,.T.);
#136=ORIENTED_EDGE('',*,*,#690,.F.);
#137=ORIENTED_EDGE('',*,*,#691,.F.);
#138=ORIENTED_EDGE('',*,*,#692,.T.);
#139=ORIENTED_EDGE('',*,*,#693,.F.);
#140=ORIENTED_EDGE('',*,*,#694,.F.);
#141=ORIENTED_EDGE('',*,*,#695,.T.);
#142=ORIENTED_EDGE('',*,*,#696,.T.);
#143=ORIENTED_EDGE('',*,*,#695,.F.);
#144=ORIENTED_EDGE('',*,*,#694,.T.);
#145=ORIENTED_EDGE('',*,*,#697,.F.);
#146=ORIENTED_EDGE('',*,*,#685,.F.);
#147=ORIENTED_EDGE('',*,*,#698,.F.);
#148=ORIENTED_EDGE('',*,*,#699,.F.);
#149=ORIENTED_EDGE('',*,*,#700,.F.);
#150=ORIENTED_EDGE('',*,*,#701,.F.);
#151=ORIENTED_EDGE('',*,*,#702,.F.);
#152=ORIENTED_EDGE('',*,*,#703,.F.);
#153=ORIENTED_EDGE('',*,*,#704,.F.);
#154=ORIENTED_EDGE('',*,*,#705,.F.);
#155=ORIENTED_EDGE('',*,*,#706,.F.);
#156=ORIENTED_EDGE('',*,*,#707,.F.);
#157=ORIENTED_EDGE('',*,*,#708,.F.);
#158=ORIENTED_EDGE('',*,*,#709,.F.);
#159=ORIENTED_EDGE('',*,*,#710,.F.);
#160=ORIENTED_EDGE('',*,*,#711,.F.);
#161=ORIENTED_EDGE('',*,*,#712,.F.);
#162=ORIENTED_EDGE('',*,*,#672,.F.);
#163=ORIENTED_EDGE('',*,*,#713,.F.);
#164=ORIENTED_EDGE('',*,*,#714,.F.);
#165=ORIENTED_EDGE('',*,*,#663,.F.);
#166=ORIENTED_EDGE('',*,*,#715,.F.);
#167=ORIENTED_EDGE('',*,*,#716,.F.);
#168=ORIENTED_EDGE('',*,*,#654,.F.);
#169=ORIENTED_EDGE('',*,*,#717,.T.);
#170=ORIENTED_EDGE('',*,*,#696,.F.);
#171=ORIENTED_EDGE('',*,*,#718,.T.);
#172=ORIENTED_EDGE('',*,*,#719,.T.);
#173=ORIENTED_EDGE('',*,*,#717,.F.);
#174=ORIENTED_EDGE('',*,*,#719,.F.);
#175=ORIENTED_EDGE('',*,*,#720,.F.);
#176=ORIENTED_EDGE('',*,*,#651,.T.);
#177=ORIENTED_EDGE('',*,*,#721,.F.);
#178=ORIENTED_EDGE('',*,*,#701,.T.);
#179=ORIENTED_EDGE('',*,*,#722,.F.);
#180=ORIENTED_EDGE('',*,*,#723,.F.);
#181=ORIENTED_EDGE('',*,*,#724,.F.);
#182=ORIENTED_EDGE('',*,*,#656,.F.);
#183=ORIENTED_EDGE('',*,*,#725,.F.);
#184=ORIENTED_EDGE('',*,*,#726,.F.);
#185=ORIENTED_EDGE('',*,*,#660,.T.);
#186=ORIENTED_EDGE('',*,*,#727,.F.);
#187=ORIENTED_EDGE('',*,*,#704,.T.);
#188=ORIENTED_EDGE('',*,*,#728,.F.);
#189=ORIENTED_EDGE('',*,*,#729,.F.);
#190=ORIENTED_EDGE('',*,*,#730,.F.);
#191=ORIENTED_EDGE('',*,*,#665,.F.);
#192=ORIENTED_EDGE('',*,*,#731,.F.);
#193=ORIENTED_EDGE('',*,*,#732,.F.);
#194=ORIENTED_EDGE('',*,*,#669,.T.);
#195=ORIENTED_EDGE('',*,*,#733,.F.);
#196=ORIENTED_EDGE('',*,*,#707,.T.);
#197=ORIENTED_EDGE('',*,*,#734,.F.);
#198=ORIENTED_EDGE('',*,*,#735,.F.);
#199=ORIENTED_EDGE('',*,*,#736,.F.);
#200=ORIENTED_EDGE('',*,*,#674,.F.);
#201=ORIENTED_EDGE('',*,*,#737,.F.);
#202=ORIENTED_EDGE('',*,*,#738,.F.);
#203=ORIENTED_EDGE('',*,*,#739,.T.);
#204=ORIENTED_EDGE('',*,*,#740,.F.);
#205=ORIENTED_EDGE('',*,*,#710,.T.);
#206=ORIENTED_EDGE('',*,*,#741,.F.);
#207=ORIENTED_EDGE('',*,*,#742,.F.);
#208=ORIENTED_EDGE('',*,*,#743,.F.);
#209=ORIENTED_EDGE('',*,*,#739,.F.);
#210=ORIENTED_EDGE('',*,*,#744,.F.);
#211=ORIENTED_EDGE('',*,*,#745,.F.);
#212=ORIENTED_EDGE('',*,*,#692,.F.);
#213=ORIENTED_EDGE('',*,*,#746,.F.);
#214=ORIENTED_EDGE('',*,*,#747,.T.);
#215=ORIENTED_EDGE('',*,*,#748,.F.);
#216=ORIENTED_EDGE('',*,*,#749,.F.);
#217=ORIENTED_EDGE('',*,*,#750,.F.);
#218=ORIENTED_EDGE('',*,*,#747,.F.);
#219=ORIENTED_EDGE('',*,*,#751,.F.);
#220=ORIENTED_EDGE('',*,*,#752,.F.);
#221=ORIENTED_EDGE('',*,*,#689,.F.);
#222=ORIENTED_EDGE('',*,*,#753,.F.);
#223=ORIENTED_EDGE('',*,*,#754,.T.);
#224=ORIENTED_EDGE('',*,*,#755,.F.);
#225=ORIENTED_EDGE('',*,*,#756,.F.);
#226=ORIENTED_EDGE('',*,*,#757,.F.);
#227=ORIENTED_EDGE('',*,*,#754,.F.);
#228=ORIENTED_EDGE('',*,*,#758,.F.);
#229=ORIENTED_EDGE('',*,*,#759,.F.);
#230=ORIENTED_EDGE('',*,*,#737,.T.);
#231=ORIENTED_EDGE('',*,*,#673,.T.);
#232=ORIENTED_EDGE('',*,*,#712,.T.);
#233=ORIENTED_EDGE('',*,*,#760,.T.);
#234=ORIENTED_EDGE('',*,*,#667,.T.);
#235=ORIENTED_EDGE('',*,*,#761,.T.);
#236=ORIENTED_EDGE('',*,*,#708,.T.);
#237=ORIENTED_EDGE('',*,*,#733,.T.);
#238=ORIENTED_EDGE('',*,*,#668,.T.);
#239=ORIENTED_EDGE('',*,*,#760,.F.);
#240=ORIENTED_EDGE('',*,*,#711,.T.);
#241=ORIENTED_EDGE('',*,*,#740,.T.);
#242=ORIENTED_EDGE('',*,*,#743,.T.);
#243=ORIENTED_EDGE('',*,*,#762,.F.);
#244=ORIENTED_EDGE('',*,*,#744,.T.);
#245=ORIENTED_EDGE('',*,*,#738,.T.);
#246=ORIENTED_EDGE('',*,*,#709,.T.);
#247=ORIENTED_EDGE('',*,*,#761,.F.);
#248=ORIENTED_EDGE('',*,*,#742,.T.);
#249=ORIENTED_EDGE('',*,*,#763,.F.);
#250=ORIENTED_EDGE('',*,*,#731,.T.);
#251=ORIENTED_EDGE('',*,*,#664,.T.);
#252=ORIENTED_EDGE('',*,*,#714,.T.);
#253=ORIENTED_EDGE('',*,*,#764,.T.);
#254=ORIENTED_EDGE('',*,*,#658,.T.);
#255=ORIENTED_EDGE('',*,*,#765,.F.);
#256=ORIENTED_EDGE('',*,*,#670,.T.);
#257=ORIENTED_EDGE('',*,*,#732,.T.);
#258=ORIENTED_EDGE('',*,*,#706,.T.);
#259=ORIENTED_EDGE('',*,*,#766,.F.);
#260=ORIENTED_EDGE('',*,*,#735,.T.);
#261=ORIENTED_EDGE('',*,*,#766,.T.);
#262=ORIENTED_EDGE('',*,*,#705,.T.);
#263=ORIENTED_EDGE('',*,*,#727,.T.);
#264=ORIENTED_EDGE('',*,*,#659,.T.);
#265=ORIENTED_EDGE('',*,*,#764,.F.);
#266=ORIENTED_EDGE('',*,*,#713,.T.);
#267=ORIENTED_EDGE('',*,*,#671,.T.);
#268=ORIENTED_EDGE('',*,*,#736,.T.);
#269=ORIENTED_EDGE('',*,*,#767,.F.);
#270=ORIENTED_EDGE('',*,*,#725,.T.);
#271=ORIENTED_EDGE('',*,*,#655,.T.);
#272=ORIENTED_EDGE('',*,*,#716,.T.);
#273=ORIENTED_EDGE('',*,*,#768,.T.);
#274=ORIENTED_EDGE('',*,*,#649,.T.);
#275=ORIENTED_EDGE('',*,*,#769,.F.);
#276=ORIENTED_EDGE('',*,*,#661,.T.);
#277=ORIENTED_EDGE('',*,*,#726,.T.);
#278=ORIENTED_EDGE('',*,*,#703,.T.);
#279=ORIENTED_EDGE('',*,*,#770,.F.);
#280=ORIENTED_EDGE('',*,*,#729,.T.);
#281=ORIENTED_EDGE('',*,*,#770,.T.);
#282=ORIENTED_EDGE('',*,*,#702,.T.);
#283=ORIENTED_EDGE('',*,*,#721,.T.);
#284=ORIENTED_EDGE('',*,*,#650,.T.);
#285=ORIENTED_EDGE('',*,*,#768,.F.);
#286=ORIENTED_EDGE('',*,*,#715,.T.);
#287=ORIENTED_EDGE('',*,*,#662,.T.);
#288=ORIENTED_EDGE('',*,*,#730,.T.);
#289=ORIENTED_EDGE('',*,*,#771,.F.);
#290=ORIENTED_EDGE('',*,*,#652,.T.);
#291=ORIENTED_EDGE('',*,*,#720,.T.);
#292=ORIENTED_EDGE('',*,*,#700,.T.);
#293=ORIENTED_EDGE('',*,*,#772,.T.);
#294=ORIENTED_EDGE('',*,*,#773,.F.);
#295=ORIENTED_EDGE('',*,*,#723,.T.);
#296=ORIENTED_EDGE('',*,*,#772,.F.);
#297=ORIENTED_EDGE('',*,*,#699,.T.);
#298=ORIENTED_EDGE('',*,*,#774,.T.);
#299=ORIENTED_EDGE('',*,*,#775,.F.);
#300=ORIENTED_EDGE('',*,*,#686,.T.);
#301=ORIENTED_EDGE('',*,*,#697,.T.);
#302=ORIENTED_EDGE('',*,*,#653,.T.);
#303=ORIENTED_EDGE('',*,*,#724,.T.);
#304=ORIENTED_EDGE('',*,*,#773,.T.);
#305=ORIENTED_EDGE('',*,*,#776,.F.);
#306=ORIENTED_EDGE('',*,*,#758,.T.);
#307=ORIENTED_EDGE('',*,*,#753,.T.);
#308=ORIENTED_EDGE('',*,*,#688,.T.);
#309=ORIENTED_EDGE('',*,*,#777,.T.);
#310=ORIENTED_EDGE('',*,*,#676,.T.);
#311=ORIENTED_EDGE('',*,*,#777,.F.);
#312=ORIENTED_EDGE('',*,*,#687,.T.);
#313=ORIENTED_EDGE('',*,*,#775,.T.);
#314=ORIENTED_EDGE('',*,*,#774,.F.);
#315=ORIENTED_EDGE('',*,*,#698,.T.);
#316=ORIENTED_EDGE('',*,*,#684,.T.);
#317=ORIENTED_EDGE('',*,*,#681,.T.);
#318=ORIENTED_EDGE('',*,*,#677,.T.);
#319=ORIENTED_EDGE('',*,*,#778,.F.);
#320=ORIENTED_EDGE('',*,*,#751,.T.);
#321=ORIENTED_EDGE('',*,*,#746,.T.);
#322=ORIENTED_EDGE('',*,*,#691,.T.);
#323=ORIENTED_EDGE('',*,*,#779,.T.);
#324=ORIENTED_EDGE('',*,*,#749,.T.);
#325=ORIENTED_EDGE('',*,*,#780,.T.);
#326=ORIENTED_EDGE('',*,*,#693,.T.);
#327=ORIENTED_EDGE('',*,*,#745,.T.);
#328=ORIENTED_EDGE('',*,*,#750,.T.);
#329=ORIENTED_EDGE('',*,*,#779,.F.);
#330=ORIENTED_EDGE('',*,*,#690,.T.);
#331=ORIENTED_EDGE('',*,*,#752,.T.);
#332=ORIENTED_EDGE('',*,*,#757,.T.);
#333=ORIENTED_EDGE('',*,*,#781,.F.);
#334=ORIENTED_EDGE('',*,*,#679,.T.);
#335=ORIENTED_EDGE('',*,*,#680,.T.);
#336=ORIENTED_EDGE('',*,*,#683,.T.);
#337=ORIENTED_EDGE('',*,*,#780,.F.);
#338=ORIENTED_EDGE('',*,*,#756,.T.);
#339=ORIENTED_EDGE('',*,*,#762,.T.);
#340=ORIENTED_EDGE('',*,*,#741,.T.);
#341=ORIENTED_EDGE('',*,*,#782,.T.);
#342=ORIENTED_EDGE('',*,*,#782,.F.);
#343=ORIENTED_EDGE('',*,*,#666,.T.);
#344=ORIENTED_EDGE('',*,*,#765,.T.);
#345=ORIENTED_EDGE('',*,*,#734,.T.);
#346=ORIENTED_EDGE('',*,*,#759,.T.);
#347=ORIENTED_EDGE('',*,*,#783,.T.);
#348=ORIENTED_EDGE('',*,*,#783,.F.);
#349=ORIENTED_EDGE('',*,*,#657,.T.);
#350=ORIENTED_EDGE('',*,*,#769,.T.);
#351=ORIENTED_EDGE('',*,*,#728,.T.);
#352=ORIENTED_EDGE('',*,*,#763,.T.);
#353=ORIENTED_EDGE('',*,*,#784,.T.);
#354=ORIENTED_EDGE('',*,*,#784,.F.);
#355=ORIENTED_EDGE('',*,*,#648,.T.);
#356=ORIENTED_EDGE('',*,*,#771,.T.);
#357=ORIENTED_EDGE('',*,*,#722,.T.);
#358=ORIENTED_EDGE('',*,*,#767,.T.);
#359=ORIENTED_EDGE('',*,*,#785,.T.);
#360=ORIENTED_EDGE('',*,*,#785,.F.);
#361=ORIENTED_EDGE('',*,*,#675,.T.);
#362=ORIENTED_EDGE('',*,*,#781,.T.);
#363=ORIENTED_EDGE('',*,*,#755,.T.);
#364=ORIENTED_EDGE('',*,*,#776,.T.);
#365=ORIENTED_EDGE('',*,*,#786,.T.);
#366=ORIENTED_EDGE('',*,*,#786,.F.);
#367=ORIENTED_EDGE('',*,*,#778,.T.);
#368=ORIENTED_EDGE('',*,*,#748,.T.);
#369=ORIENTED_EDGE('',*,*,#787,.T.);
#370=ORIENTED_EDGE('',*,*,#787,.F.);
#371=ORIENTED_EDGE('',*,*,#788,.T.);
#372=ORIENTED_EDGE('',*,*,#789,.T.);
#373=ORIENTED_EDGE('',*,*,#790,.T.);
#374=ORIENTED_EDGE('',*,*,#791,.T.);
#375=ORIENTED_EDGE('',*,*,#792,.T.);
#376=ORIENTED_EDGE('',*,*,#793,.T.);
#377=ORIENTED_EDGE('',*,*,#794,.F.);
#378=ORIENTED_EDGE('',*,*,#795,.T.);
#379=ORIENTED_EDGE('',*,*,#796,.F.);
#380=ORIENTED_EDGE('',*,*,#797,.T.);
#381=ORIENTED_EDGE('',*,*,#798,.T.);
#382=ORIENTED_EDGE('',*,*,#799,.T.);
#383=ORIENTED_EDGE('',*,*,#800,.T.);
#384=ORIENTED_EDGE('',*,*,#801,.T.);
#385=ORIENTED_EDGE('',*,*,#802,.T.);
#386=ORIENTED_EDGE('',*,*,#803,.F.);
#387=ORIENTED_EDGE('',*,*,#804,.T.);
#388=ORIENTED_EDGE('',*,*,#805,.F.);
#389=ORIENTED_EDGE('',*,*,#806,.T.);
#390=ORIENTED_EDGE('',*,*,#807,.T.);
#391=ORIENTED_EDGE('',*,*,#808,.T.);
#392=ORIENTED_EDGE('',*,*,#809,.T.);
#393=ORIENTED_EDGE('',*,*,#810,.T.);
#394=ORIENTED_EDGE('',*,*,#811,.T.);
#395=ORIENTED_EDGE('',*,*,#812,.F.);
#396=ORIENTED_EDGE('',*,*,#813,.T.);
#397=ORIENTED_EDGE('',*,*,#814,.F.);
#398=ORIENTED_EDGE('',*,*,#815,.T.);
#399=ORIENTED_EDGE('',*,*,#816,.T.);
#400=ORIENTED_EDGE('',*,*,#817,.T.);
#401=ORIENTED_EDGE('',*,*,#818,.T.);
#402=ORIENTED_EDGE('',*,*,#819,.T.);
#403=ORIENTED_EDGE('',*,*,#820,.T.);
#404=ORIENTED_EDGE('',*,*,#821,.T.);
#405=ORIENTED_EDGE('',*,*,#822,.T.);
#406=ORIENTED_EDGE('',*,*,#817,.F.);
#407=ORIENTED_EDGE('',*,*,#823,.T.);
#408=ORIENTED_EDGE('',*,*,#824,.T.);
#409=ORIENTED_EDGE('',*,*,#825,.F.);
#410=ORIENTED_EDGE('',*,*,#826,.T.);
#411=ORIENTED_EDGE('',*,*,#827,.T.);
#412=ORIENTED_EDGE('',*,*,#828,.F.);
#413=ORIENTED_EDGE('',*,*,#829,.T.);
#414=ORIENTED_EDGE('',*,*,#830,.T.);
#415=ORIENTED_EDGE('',*,*,#831,.T.);
#416=ORIENTED_EDGE('',*,*,#832,.F.);
#417=ORIENTED_EDGE('',*,*,#833,.T.);
#418=ORIENTED_EDGE('',*,*,#821,.F.);
#419=ORIENTED_EDGE('',*,*,#834,.T.);
#420=ORIENTED_EDGE('',*,*,#835,.T.);
#421=ORIENTED_EDGE('',*,*,#796,.T.);
#422=ORIENTED_EDGE('',*,*,#836,.T.);
#423=ORIENTED_EDGE('',*,*,#837,.T.);
#424=ORIENTED_EDGE('',*,*,#805,.T.);
#425=ORIENTED_EDGE('',*,*,#838,.T.);
#426=ORIENTED_EDGE('',*,*,#839,.T.);
#427=ORIENTED_EDGE('',*,*,#814,.T.);
#428=ORIENTED_EDGE('',*,*,#840,.T.);
#429=ORIENTED_EDGE('',*,*,#841,.T.);
#430=ORIENTED_EDGE('',*,*,#842,.T.);
#431=ORIENTED_EDGE('',*,*,#843,.T.);
#432=ORIENTED_EDGE('',*,*,#844,.T.);
#433=ORIENTED_EDGE('',*,*,#845,.T.);
#434=ORIENTED_EDGE('',*,*,#846,.T.);
#435=ORIENTED_EDGE('',*,*,#847,.T.);
#436=ORIENTED_EDGE('',*,*,#848,.T.);
#437=ORIENTED_EDGE('',*,*,#849,.T.);
#438=ORIENTED_EDGE('',*,*,#850,.T.);
#439=ORIENTED_EDGE('',*,*,#851,.T.);
#440=ORIENTED_EDGE('',*,*,#852,.T.);
#441=ORIENTED_EDGE('',*,*,#853,.T.);
#442=ORIENTED_EDGE('',*,*,#854,.T.);
#443=ORIENTED_EDGE('',*,*,#832,.T.);
#444=ORIENTED_EDGE('',*,*,#855,.F.);
#445=ORIENTED_EDGE('',*,*,#856,.T.);
#446=ORIENTED_EDGE('',*,*,#834,.F.);
#447=ORIENTED_EDGE('',*,*,#856,.F.);
#448=ORIENTED_EDGE('',*,*,#718,.F.);
#449=ORIENTED_EDGE('',*,*,#857,.F.);
#450=ORIENTED_EDGE('',*,*,#855,.T.);
#451=ORIENTED_EDGE('',*,*,#857,.T.);
#452=ORIENTED_EDGE('',*,*,#858,.T.);
#453=ORIENTED_EDGE('',*,*,#859,.T.);
#454=ORIENTED_EDGE('',*,*,#794,.T.);
#455=ORIENTED_EDGE('',*,*,#860,.T.);
#456=ORIENTED_EDGE('',*,*,#861,.T.);
#457=ORIENTED_EDGE('',*,*,#862,.T.);
#458=ORIENTED_EDGE('',*,*,#851,.F.);
#459=ORIENTED_EDGE('',*,*,#863,.T.);
#460=ORIENTED_EDGE('',*,*,#790,.F.);
#461=ORIENTED_EDGE('',*,*,#864,.T.);
#462=ORIENTED_EDGE('',*,*,#865,.T.);
#463=ORIENTED_EDGE('',*,*,#803,.T.);
#464=ORIENTED_EDGE('',*,*,#866,.T.);
#465=ORIENTED_EDGE('',*,*,#867,.T.);
#466=ORIENTED_EDGE('',*,*,#868,.T.);
#467=ORIENTED_EDGE('',*,*,#848,.F.);
#468=ORIENTED_EDGE('',*,*,#869,.T.);
#469=ORIENTED_EDGE('',*,*,#799,.F.);
#470=ORIENTED_EDGE('',*,*,#870,.T.);
#471=ORIENTED_EDGE('',*,*,#871,.T.);
#472=ORIENTED_EDGE('',*,*,#812,.T.);
#473=ORIENTED_EDGE('',*,*,#872,.T.);
#474=ORIENTED_EDGE('',*,*,#873,.T.);
#475=ORIENTED_EDGE('',*,*,#874,.T.);
#476=ORIENTED_EDGE('',*,*,#845,.F.);
#477=ORIENTED_EDGE('',*,*,#875,.T.);
#478=ORIENTED_EDGE('',*,*,#808,.F.);
#479=ORIENTED_EDGE('',*,*,#876,.T.);
#480=ORIENTED_EDGE('',*,*,#877,.T.);
#481=ORIENTED_EDGE('',*,*,#878,.T.);
#482=ORIENTED_EDGE('',*,*,#879,.T.);
#483=ORIENTED_EDGE('',*,*,#880,.T.);
#484=ORIENTED_EDGE('',*,*,#881,.T.);
#485=ORIENTED_EDGE('',*,*,#842,.F.);
#486=ORIENTED_EDGE('',*,*,#882,.T.);
#487=ORIENTED_EDGE('',*,*,#878,.F.);
#488=ORIENTED_EDGE('',*,*,#883,.T.);
#489=ORIENTED_EDGE('',*,*,#884,.T.);
#490=ORIENTED_EDGE('',*,*,#885,.T.);
#491=ORIENTED_EDGE('',*,*,#886,.T.);
#492=ORIENTED_EDGE('',*,*,#887,.T.);
#493=ORIENTED_EDGE('',*,*,#888,.T.);
#494=ORIENTED_EDGE('',*,*,#885,.F.);
#495=ORIENTED_EDGE('',*,*,#889,.T.);
#496=ORIENTED_EDGE('',*,*,#825,.T.);
#497=ORIENTED_EDGE('',*,*,#890,.T.);
#498=ORIENTED_EDGE('',*,*,#891,.T.);
#499=ORIENTED_EDGE('',*,*,#892,.T.);
#500=ORIENTED_EDGE('',*,*,#893,.T.);
#501=ORIENTED_EDGE('',*,*,#894,.T.);
#502=ORIENTED_EDGE('',*,*,#895,.T.);
#503=ORIENTED_EDGE('',*,*,#892,.F.);
#504=ORIENTED_EDGE('',*,*,#896,.T.);
#505=ORIENTED_EDGE('',*,*,#828,.T.);
#506=ORIENTED_EDGE('',*,*,#897,.T.);
#507=ORIENTED_EDGE('',*,*,#894,.F.);
#508=ORIENTED_EDGE('',*,*,#898,.T.);
#509=ORIENTED_EDGE('',*,*,#823,.F.);
#510=ORIENTED_EDGE('',*,*,#820,.F.);
#511=ORIENTED_EDGE('',*,*,#816,.F.);
#512=ORIENTED_EDGE('',*,*,#898,.F.);
#513=ORIENTED_EDGE('',*,*,#893,.F.);
#514=ORIENTED_EDGE('',*,*,#895,.F.);
#515=ORIENTED_EDGE('',*,*,#827,.F.);
#516=ORIENTED_EDGE('',*,*,#899,.T.);
#517=ORIENTED_EDGE('',*,*,#886,.F.);
#518=ORIENTED_EDGE('',*,*,#888,.F.);
#519=ORIENTED_EDGE('',*,*,#824,.F.);
#520=ORIENTED_EDGE('',*,*,#900,.T.);
#521=ORIENTED_EDGE('',*,*,#887,.F.);
#522=ORIENTED_EDGE('',*,*,#899,.F.);
#523=ORIENTED_EDGE('',*,*,#826,.F.);
#524=ORIENTED_EDGE('',*,*,#889,.F.);
#525=ORIENTED_EDGE('',*,*,#884,.F.);
#526=ORIENTED_EDGE('',*,*,#901,.T.);
#527=ORIENTED_EDGE('',*,*,#818,.F.);
#528=ORIENTED_EDGE('',*,*,#822,.F.);
#529=ORIENTED_EDGE('',*,*,#833,.F.);
#530=ORIENTED_EDGE('',*,*,#854,.F.);
#531=ORIENTED_EDGE('',*,*,#902,.T.);
#532=ORIENTED_EDGE('',*,*,#903,.F.);
#533=ORIENTED_EDGE('',*,*,#830,.F.);
#534=ORIENTED_EDGE('',*,*,#904,.T.);
#535=ORIENTED_EDGE('',*,*,#819,.F.);
#536=ORIENTED_EDGE('',*,*,#901,.F.);
#537=ORIENTED_EDGE('',*,*,#829,.F.);
#538=ORIENTED_EDGE('',*,*,#896,.F.);
#539=ORIENTED_EDGE('',*,*,#891,.F.);
#540=ORIENTED_EDGE('',*,*,#905,.T.);
#541=ORIENTED_EDGE('',*,*,#906,.F.);
#542=ORIENTED_EDGE('',*,*,#860,.F.);
#543=ORIENTED_EDGE('',*,*,#793,.F.);
#544=ORIENTED_EDGE('',*,*,#835,.F.);
#545=ORIENTED_EDGE('',*,*,#831,.F.);
#546=ORIENTED_EDGE('',*,*,#903,.T.);
#547=ORIENTED_EDGE('',*,*,#902,.F.);
#548=ORIENTED_EDGE('',*,*,#853,.F.);
#549=ORIENTED_EDGE('',*,*,#907,.T.);
#550=ORIENTED_EDGE('',*,*,#861,.F.);
#551=ORIENTED_EDGE('',*,*,#906,.T.);
#552=ORIENTED_EDGE('',*,*,#905,.F.);
#553=ORIENTED_EDGE('',*,*,#852,.F.);
#554=ORIENTED_EDGE('',*,*,#862,.F.);
#555=ORIENTED_EDGE('',*,*,#789,.F.);
#556=ORIENTED_EDGE('',*,*,#908,.F.);
#557=ORIENTED_EDGE('',*,*,#866,.F.);
#558=ORIENTED_EDGE('',*,*,#802,.F.);
#559=ORIENTED_EDGE('',*,*,#837,.F.);
#560=ORIENTED_EDGE('',*,*,#909,.T.);
#561=ORIENTED_EDGE('',*,*,#791,.F.);
#562=ORIENTED_EDGE('',*,*,#863,.F.);
#563=ORIENTED_EDGE('',*,*,#850,.F.);
#564=ORIENTED_EDGE('',*,*,#910,.T.);
#565=ORIENTED_EDGE('',*,*,#867,.F.);
#566=ORIENTED_EDGE('',*,*,#908,.T.);
#567=ORIENTED_EDGE('',*,*,#849,.F.);
#568=ORIENTED_EDGE('',*,*,#868,.F.);
#569=ORIENTED_EDGE('',*,*,#798,.F.);
#570=ORIENTED_EDGE('',*,*,#911,.T.);
#571=ORIENTED_EDGE('',*,*,#792,.F.);
#572=ORIENTED_EDGE('',*,*,#909,.F.);
#573=ORIENTED_EDGE('',*,*,#836,.F.);
#574=ORIENTED_EDGE('',*,*,#795,.F.);
#575=ORIENTED_EDGE('',*,*,#859,.F.);
#576=ORIENTED_EDGE('',*,*,#912,.F.);
#577=ORIENTED_EDGE('',*,*,#872,.F.);
#578=ORIENTED_EDGE('',*,*,#811,.F.);
#579=ORIENTED_EDGE('',*,*,#839,.F.);
#580=ORIENTED_EDGE('',*,*,#913,.T.);
#581=ORIENTED_EDGE('',*,*,#800,.F.);
#582=ORIENTED_EDGE('',*,*,#869,.F.);
#583=ORIENTED_EDGE('',*,*,#847,.F.);
#584=ORIENTED_EDGE('',*,*,#914,.T.);
#585=ORIENTED_EDGE('',*,*,#873,.F.);
#586=ORIENTED_EDGE('',*,*,#912,.T.);
#587=ORIENTED_EDGE('',*,*,#846,.F.);
#588=ORIENTED_EDGE('',*,*,#874,.F.);
#589=ORIENTED_EDGE('',*,*,#807,.F.);
#590=ORIENTED_EDGE('',*,*,#915,.T.);
#591=ORIENTED_EDGE('',*,*,#801,.F.);
#592=ORIENTED_EDGE('',*,*,#913,.F.);
#593=ORIENTED_EDGE('',*,*,#838,.F.);
#594=ORIENTED_EDGE('',*,*,#804,.F.);
#595=ORIENTED_EDGE('',*,*,#865,.F.);
#596=ORIENTED_EDGE('',*,*,#916,.T.);
#597=ORIENTED_EDGE('',*,*,#880,.F.);
#598=ORIENTED_EDGE('',*,*,#917,.T.);
#599=ORIENTED_EDGE('',*,*,#843,.F.);
#600=ORIENTED_EDGE('',*,*,#881,.F.);
#601=ORIENTED_EDGE('',*,*,#877,.F.);
#602=ORIENTED_EDGE('',*,*,#917,.F.);
#603=ORIENTED_EDGE('',*,*,#879,.F.);
#604=ORIENTED_EDGE('',*,*,#882,.F.);
#605=ORIENTED_EDGE('',*,*,#841,.F.);
#606=ORIENTED_EDGE('',*,*,#918,.T.);
#607=ORIENTED_EDGE('',*,*,#809,.F.);
#608=ORIENTED_EDGE('',*,*,#875,.F.);
#609=ORIENTED_EDGE('',*,*,#844,.F.);
#610=ORIENTED_EDGE('',*,*,#919,.T.);
#611=ORIENTED_EDGE('',*,*,#810,.F.);
#612=ORIENTED_EDGE('',*,*,#918,.F.);
#613=ORIENTED_EDGE('',*,*,#840,.F.);
#614=ORIENTED_EDGE('',*,*,#813,.F.);
#615=ORIENTED_EDGE('',*,*,#871,.F.);
#616=ORIENTED_EDGE('',*,*,#920,.T.);
#617=ORIENTED_EDGE('',*,*,#916,.F.);
#618=ORIENTED_EDGE('',*,*,#876,.F.);
#619=ORIENTED_EDGE('',*,*,#920,.F.);
#620=ORIENTED_EDGE('',*,*,#921,.T.);
#621=ORIENTED_EDGE('',*,*,#806,.F.);
#622=ORIENTED_EDGE('',*,*,#919,.F.);
#623=ORIENTED_EDGE('',*,*,#870,.F.);
#624=ORIENTED_EDGE('',*,*,#914,.F.);
#625=ORIENTED_EDGE('',*,*,#921,.F.);
#626=ORIENTED_EDGE('',*,*,#922,.T.);
#627=ORIENTED_EDGE('',*,*,#797,.F.);
#628=ORIENTED_EDGE('',*,*,#915,.F.);
#629=ORIENTED_EDGE('',*,*,#864,.F.);
#630=ORIENTED_EDGE('',*,*,#910,.F.);
#631=ORIENTED_EDGE('',*,*,#922,.F.);
#632=ORIENTED_EDGE('',*,*,#923,.T.);
#633=ORIENTED_EDGE('',*,*,#788,.F.);
#634=ORIENTED_EDGE('',*,*,#911,.F.);
#635=ORIENTED_EDGE('',*,*,#858,.F.);
#636=ORIENTED_EDGE('',*,*,#907,.F.);
#637=ORIENTED_EDGE('',*,*,#923,.F.);
#638=ORIENTED_EDGE('',*,*,#924,.T.);
#639=ORIENTED_EDGE('',*,*,#815,.F.);
#640=ORIENTED_EDGE('',*,*,#904,.F.);
#641=ORIENTED_EDGE('',*,*,#890,.F.);
#642=ORIENTED_EDGE('',*,*,#897,.F.);
#643=ORIENTED_EDGE('',*,*,#924,.F.);
#644=ORIENTED_EDGE('',*,*,#925,.T.);
#645=ORIENTED_EDGE('',*,*,#900,.F.);
#646=ORIENTED_EDGE('',*,*,#883,.F.);
#647=ORIENTED_EDGE('',*,*,#925,.F.);
#648=EDGE_CURVE('',#926,#927,#1120,.T.);
#649=EDGE_CURVE('',#928,#926,#1121,.T.);
#650=EDGE_CURVE('',#929,#928,#1122,.T.);
#651=EDGE_CURVE('',#930,#929,#1123,.T.);
#652=EDGE_CURVE('',#927,#930,#1124,.T.);
#653=EDGE_CURVE('',#931,#932,#1125,.T.);
#654=EDGE_CURVE('',#931,#933,#1126,.T.);
#655=EDGE_CURVE('',#934,#933,#1127,.T.);
#656=EDGE_CURVE('',#934,#932,#1128,.T.);
#657=EDGE_CURVE('',#935,#936,#1129,.T.);
#658=EDGE_CURVE('',#937,#935,#1130,.T.);
#659=EDGE_CURVE('',#938,#937,#1131,.T.);
#660=EDGE_CURVE('',#939,#938,#1132,.T.);
#661=EDGE_CURVE('',#936,#939,#1133,.T.);
#662=EDGE_CURVE('',#940,#941,#1134,.T.);
#663=EDGE_CURVE('',#940,#942,#1135,.T.);
#664=EDGE_CURVE('',#943,#942,#1136,.T.);
#665=EDGE_CURVE('',#943,#941,#1137,.T.);
#666=EDGE_CURVE('',#944,#945,#1138,.T.);
#667=EDGE_CURVE('',#946,#944,#1139,.T.);
#668=EDGE_CURVE('',#947,#946,#1140,.T.);
#669=EDGE_CURVE('',#948,#947,#1141,.T.);
#670=EDGE_CURVE('',#945,#948,#1142,.T.);
#671=EDGE_CURVE('',#949,#950,#1143,.T.);
#672=EDGE_CURVE('',#949,#951,#1144,.T.);
#673=EDGE_CURVE('',#952,#951,#1145,.T.);
#674=EDGE_CURVE('',#952,#950,#1146,.T.);
#675=EDGE_CURVE('',#953,#954,#1147,.T.);
#676=EDGE_CURVE('',#955,#953,#1148,.T.);
#677=EDGE_CURVE('',#956,#955,#1149,.T.);
#678=EDGE_CURVE('',#957,#956,#1150,.T.);
#679=EDGE_CURVE('',#954,#957,#1151,.T.);
#680=EDGE_CURVE('',#957,#958,#1152,.T.);
#681=EDGE_CURVE('',#959,#956,#1153,.T.);
#682=EDGE_CURVE('',#958,#959,#1154,.T.);
#683=EDGE_CURVE('',#958,#960,#1155,.T.);
#684=EDGE_CURVE('',#961,#959,#1156,.T.);
#685=EDGE_CURVE('',#961,#962,#20,.F.);
#686=EDGE_CURVE('',#963,#962,#1157,.T.);
#687=EDGE_CURVE('',#964,#963,#1158,.T.);
#688=EDGE_CURVE('',#965,#964,#1159,.T.);
#689=EDGE_CURVE('',#965,#966,#1160,.T.);
#690=EDGE_CURVE('',#967,#966,#1161,.T.);
#691=EDGE_CURVE('',#968,#967,#1162,.T.);
#692=EDGE_CURVE('',#968,#969,#1163,.T.);
#693=EDGE_CURVE('',#960,#969,#1164,.T.);
#694=EDGE_CURVE('',#970,#970,#21,.F.);
#695=EDGE_CURVE('',#971,#971,#22,.F.);
#696=EDGE_CURVE('',#972,#972,#18,.F.);
#697=EDGE_CURVE('',#962,#931,#1165,.T.);
#698=EDGE_CURVE('',#973,#961,#1166,.T.);
#699=EDGE_CURVE('',#974,#973,#1167,.T.);
#700=EDGE_CURVE('',#975,#974,#1168,.T.);
#701=EDGE_CURVE('',#976,#975,#1169,.T.);
#702=EDGE_CURVE('',#977,#976,#1170,.T.);
#703=EDGE_CURVE('',#978,#977,#1171,.T.);
#704=EDGE_CURVE('',#979,#978,#1172,.T.);
#705=EDGE_CURVE('',#980,#979,#1173,.T.);
#706=EDGE_CURVE('',#981,#980,#1174,.T.);
#707=EDGE_CURVE('',#982,#981,#1175,.T.);
#708=EDGE_CURVE('',#983,#982,#1176,.T.);
#709=EDGE_CURVE('',#984,#983,#1177,.T.);
#710=EDGE_CURVE('',#985,#984,#1178,.T.);
#711=EDGE_CURVE('',#986,#985,#1179,.T.);
#712=EDGE_CURVE('',#951,#986,#1180,.T.);
#713=EDGE_CURVE('',#987,#949,#1181,.T.);
#714=EDGE_CURVE('',#942,#987,#1182,.T.);
#715=EDGE_CURVE('',#988,#940,#1183,.T.);
#716=EDGE_CURVE('',#933,#988,#1184,.T.);
#717=EDGE_CURVE('',#989,#989,#23,.F.);
#718=EDGE_CURVE('',#990,#990,#19,.F.);
#719=EDGE_CURVE('',#991,#991,#24,.F.);
#720=EDGE_CURVE('',#930,#975,#1185,.T.);
#721=EDGE_CURVE('',#976,#929,#1186,.T.);
#722=EDGE_CURVE('',#992,#993,#1187,.T.);
#723=EDGE_CURVE('',#994,#992,#1188,.T.);
#724=EDGE_CURVE('',#932,#994,#1189,.T.);
#725=EDGE_CURVE('',#993,#934,#1190,.T.);
#726=EDGE_CURVE('',#939,#978,#1191,.T.);
#727=EDGE_CURVE('',#979,#938,#1192,.T.);
#728=EDGE_CURVE('',#995,#996,#1193,.T.);
#729=EDGE_CURVE('',#997,#995,#1194,.T.);
#730=EDGE_CURVE('',#941,#997,#1195,.T.);
#731=EDGE_CURVE('',#996,#943,#1196,.T.);
#732=EDGE_CURVE('',#948,#981,#1197,.T.);
#733=EDGE_CURVE('',#982,#947,#1198,.T.);
#734=EDGE_CURVE('',#998,#999,#1199,.T.);
#735=EDGE_CURVE('',#1000,#998,#1200,.T.);
#736=EDGE_CURVE('',#950,#1000,#1201,.T.);
#737=EDGE_CURVE('',#999,#952,#1202,.T.);
#738=EDGE_CURVE('',#1001,#984,#1203,.T.);
#739=EDGE_CURVE('',#1001,#1002,#1204,.T.);
#740=EDGE_CURVE('',#985,#1002,#1205,.T.);
#741=EDGE_CURVE('',#1003,#1004,#1206,.T.);
#742=EDGE_CURVE('',#1005,#1003,#1207,.T.);
#743=EDGE_CURVE('',#1002,#1005,#1208,.T.);
#744=EDGE_CURVE('',#1004,#1001,#1209,.T.);
#745=EDGE_CURVE('',#969,#1006,#1210,.T.);
#746=EDGE_CURVE('',#1007,#968,#1211,.T.);
#747=EDGE_CURVE('',#1007,#1006,#1212,.T.);
#748=EDGE_CURVE('',#1008,#1009,#1213,.F.);
#749=EDGE_CURVE('',#1010,#1008,#1214,.T.);
#750=EDGE_CURVE('',#1006,#1010,#1215,.T.);
#751=EDGE_CURVE('',#1009,#1007,#1216,.T.);
#752=EDGE_CURVE('',#966,#1011,#1217,.T.);
#753=EDGE_CURVE('',#1012,#965,#1218,.T.);
#754=EDGE_CURVE('',#1012,#1011,#1219,.T.);
#755=EDGE_CURVE('',#1013,#1014,#1220,.T.);
#756=EDGE_CURVE('',#1015,#1013,#1221,.T.);
#757=EDGE_CURVE('',#1011,#1015,#1222,.T.);
#758=EDGE_CURVE('',#1014,#1012,#1223,.T.);
#759=EDGE_CURVE('',#999,#944,#1224,.T.);
#760=EDGE_CURVE('',#986,#946,#25,.F.);
#761=EDGE_CURVE('',#1005,#983,#26,.F.);
#762=EDGE_CURVE('',#1004,#1003,#1225,.T.);
#763=EDGE_CURVE('',#996,#935,#1226,.T.);
#764=EDGE_CURVE('',#987,#937,#27,.F.);
#765=EDGE_CURVE('',#945,#998,#1227,.T.);
#766=EDGE_CURVE('',#1000,#980,#28,.F.);
#767=EDGE_CURVE('',#993,#926,#1228,.T.);
#768=EDGE_CURVE('',#988,#928,#29,.F.);
#769=EDGE_CURVE('',#936,#995,#1229,.T.);
#770=EDGE_CURVE('',#997,#977,#30,.F.);
#771=EDGE_CURVE('',#927,#992,#1230,.T.);
#772=EDGE_CURVE('',#974,#1016,#1231,.T.);
#773=EDGE_CURVE('',#994,#1016,#1232,.T.);
#774=EDGE_CURVE('',#973,#1017,#1233,.T.);
#775=EDGE_CURVE('',#963,#1017,#1234,.T.);
#776=EDGE_CURVE('',#1014,#953,#1235,.T.);
#777=EDGE_CURVE('',#964,#955,#31,.F.);
#778=EDGE_CURVE('',#1009,#1008,#1236,.T.);
#779=EDGE_CURVE('',#967,#1010,#32,.F.);
#780=EDGE_CURVE('',#1015,#960,#33,.F.);
#781=EDGE_CURVE('',#954,#1013,#1237,.T.);
#782=EDGE_CURVE('',#1018,#1018,#1238,.T.);
#783=EDGE_CURVE('',#1019,#1019,#1239,.T.);
#784=EDGE_CURVE('',#1020,#1020,#1240,.T.);
#785=EDGE_CURVE('',#1021,#1021,#1241,.T.);
#786=EDGE_CURVE('',#1022,#1022,#1242,.T.);
#787=EDGE_CURVE('',#1023,#1023,#1243,.T.);
#788=EDGE_CURVE('',#1024,#1025,#1244,.T.);
#789=EDGE_CURVE('',#1025,#1026,#1245,.T.);
#790=EDGE_CURVE('',#1026,#1027,#1246,.T.);
#791=EDGE_CURVE('',#1027,#1028,#1247,.T.);
#792=EDGE_CURVE('',#1028,#1024,#1248,.T.);
#793=EDGE_CURVE('',#1029,#1030,#1249,.T.);
#794=EDGE_CURVE('',#1031,#1030,#1250,.T.);
#795=EDGE_CURVE('',#1031,#1032,#1251,.T.);
#796=EDGE_CURVE('',#1029,#1032,#1252,.T.);
#797=EDGE_CURVE('',#1033,#1034,#1253,.T.);
#798=EDGE_CURVE('',#1034,#1035,#1254,.T.);
#799=EDGE_CURVE('',#1035,#1036,#1255,.T.);
#800=EDGE_CURVE('',#1036,#1037,#1256,.T.);
#801=EDGE_CURVE('',#1037,#1033,#1257,.T.);
#802=EDGE_CURVE('',#1038,#1039,#1258,.T.);
#803=EDGE_CURVE('',#1040,#1039,#1259,.T.);
#804=EDGE_CURVE('',#1040,#1041,#1260,.T.);
#805=EDGE_CURVE('',#1038,#1041,#1261,.T.);
#806=EDGE_CURVE('',#1042,#1043,#1262,.T.);
#807=EDGE_CURVE('',#1043,#1044,#1263,.T.);
#808=EDGE_CURVE('',#1044,#1045,#1264,.T.);
#809=EDGE_CURVE('',#1045,#1046,#1265,.T.);
#810=EDGE_CURVE('',#1046,#1042,#1266,.T.);
#811=EDGE_CURVE('',#1047,#1048,#1267,.T.);
#812=EDGE_CURVE('',#1049,#1048,#1268,.T.);
#813=EDGE_CURVE('',#1049,#1050,#1269,.T.);
#814=EDGE_CURVE('',#1047,#1050,#1270,.T.);
#815=EDGE_CURVE('',#1051,#1052,#1271,.T.);
#816=EDGE_CURVE('',#1052,#1053,#1272,.T.);
#817=EDGE_CURVE('',#1053,#1054,#1273,.T.);
#818=EDGE_CURVE('',#1054,#1055,#1274,.T.);
#819=EDGE_CURVE('',#1055,#1051,#1275,.T.);
#820=EDGE_CURVE('',#1053,#1056,#1276,.T.);
#821=EDGE_CURVE('',#1056,#1057,#1277,.T.);
#822=EDGE_CURVE('',#1057,#1054,#1278,.T.);
#823=EDGE_CURVE('',#1056,#1058,#1279,.T.);
#824=EDGE_CURVE('',#1058,#1059,#1280,.T.);
#825=EDGE_CURVE('',#1060,#1059,#1281,.T.);
#826=EDGE_CURVE('',#1060,#1061,#1282,.T.);
#827=EDGE_CURVE('',#1061,#1062,#1283,.T.);
#828=EDGE_CURVE('',#1063,#1062,#1284,.T.);
#829=EDGE_CURVE('',#1063,#1064,#1285,.T.);
#830=EDGE_CURVE('',#1064,#1065,#1286,.T.);
#831=EDGE_CURVE('',#1065,#1066,#1287,.T.);
#832=EDGE_CURVE('',#1067,#1066,#34,.F.);
#833=EDGE_CURVE('',#1067,#1057,#1288,.T.);
#834=EDGE_CURVE('',#1068,#1068,#35,.F.);
#835=EDGE_CURVE('',#1066,#1029,#1289,.T.);
#836=EDGE_CURVE('',#1032,#1069,#1290,.T.);
#837=EDGE_CURVE('',#1069,#1038,#1291,.T.);
#838=EDGE_CURVE('',#1041,#1070,#1292,.T.);
#839=EDGE_CURVE('',#1070,#1047,#1293,.T.);
#840=EDGE_CURVE('',#1050,#1071,#1294,.T.);
#841=EDGE_CURVE('',#1071,#1072,#1295,.T.);
#842=EDGE_CURVE('',#1072,#1073,#1296,.T.);
#843=EDGE_CURVE('',#1073,#1074,#1297,.T.);
#844=EDGE_CURVE('',#1074,#1075,#1298,.T.);
#845=EDGE_CURVE('',#1075,#1076,#1299,.T.);
#846=EDGE_CURVE('',#1076,#1077,#1300,.T.);
#847=EDGE_CURVE('',#1077,#1078,#1301,.T.);
#848=EDGE_CURVE('',#1078,#1079,#1302,.T.);
#849=EDGE_CURVE('',#1079,#1080,#1303,.T.);
#850=EDGE_CURVE('',#1080,#1081,#1304,.T.);
#851=EDGE_CURVE('',#1081,#1082,#1305,.T.);
#852=EDGE_CURVE('',#1082,#1083,#1306,.T.);
#853=EDGE_CURVE('',#1083,#1084,#1307,.T.);
#854=EDGE_CURVE('',#1084,#1067,#1308,.T.);
#855=EDGE_CURVE('',#1085,#1085,#36,.F.);
#856=EDGE_CURVE('',#1086,#1086,#37,.F.);
#857=EDGE_CURVE('',#1087,#1087,#38,.F.);
#858=EDGE_CURVE('',#1088,#1089,#1309,.T.);
#859=EDGE_CURVE('',#1089,#1031,#1310,.T.);
#860=EDGE_CURVE('',#1030,#1090,#1311,.T.);
#861=EDGE_CURVE('',#1090,#1088,#1312,.T.);
#862=EDGE_CURVE('',#1026,#1082,#1313,.T.);
#863=EDGE_CURVE('',#1081,#1027,#1314,.T.);
#864=EDGE_CURVE('',#1091,#1092,#1315,.T.);
#865=EDGE_CURVE('',#1092,#1040,#1316,.T.);
#866=EDGE_CURVE('',#1039,#1093,#1317,.T.);
#867=EDGE_CURVE('',#1093,#1091,#1318,.T.);
#868=EDGE_CURVE('',#1035,#1079,#1319,.T.);
#869=EDGE_CURVE('',#1078,#1036,#1320,.T.);
#870=EDGE_CURVE('',#1094,#1095,#1321,.T.);
#871=EDGE_CURVE('',#1095,#1049,#1322,.T.);
#872=EDGE_CURVE('',#1048,#1096,#1323,.T.);
#873=EDGE_CURVE('',#1096,#1094,#1324,.T.);
#874=EDGE_CURVE('',#1044,#1076,#1325,.T.);
#875=EDGE_CURVE('',#1075,#1045,#1326,.T.);
#876=EDGE_CURVE('',#1097,#1098,#1327,.T.);
#877=EDGE_CURVE('',#1098,#1099,#1328,.T.);
#878=EDGE_CURVE('',#1099,#1100,#1329,.T.);
#879=EDGE_CURVE('',#1100,#1101,#1330,.T.);
#880=EDGE_CURVE('',#1101,#1097,#1331,.T.);
#881=EDGE_CURVE('',#1099,#1073,#1332,.T.);
#882=EDGE_CURVE('',#1072,#1100,#1333,.T.);
#883=EDGE_CURVE('',#1102,#1103,#1334,.F.);
#884=EDGE_CURVE('',#1103,#1104,#1335,.T.);
#885=EDGE_CURVE('',#1104,#1105,#1336,.T.);
#886=EDGE_CURVE('',#1105,#1106,#1337,.T.);
#887=EDGE_CURVE('',#1106,#1102,#1338,.T.);
#888=EDGE_CURVE('',#1059,#1105,#1339,.T.);
#889=EDGE_CURVE('',#1104,#1060,#1340,.T.);
#890=EDGE_CURVE('',#1107,#1108,#1341,.T.);
#891=EDGE_CURVE('',#1108,#1109,#1342,.T.);
#892=EDGE_CURVE('',#1109,#1110,#1343,.T.);
#893=EDGE_CURVE('',#1110,#1111,#1344,.T.);
#894=EDGE_CURVE('',#1111,#1107,#1345,.T.);
#895=EDGE_CURVE('',#1062,#1110,#1346,.T.);
#896=EDGE_CURVE('',#1109,#1063,#1347,.T.);
#897=EDGE_CURVE('',#1052,#1107,#1348,.T.);
#898=EDGE_CURVE('',#1111,#1058,#39,.F.);
#899=EDGE_CURVE('',#1061,#1106,#40,.F.);
#900=EDGE_CURVE('',#1103,#1102,#1349,.T.);
#901=EDGE_CURVE('',#1064,#1055,#41,.F.);
#902=EDGE_CURVE('',#1084,#1112,#1350,.T.);
#903=EDGE_CURVE('',#1065,#1112,#1351,.T.);
#904=EDGE_CURVE('',#1108,#1051,#1352,.T.);
#905=EDGE_CURVE('',#1083,#1113,#1353,.T.);
#906=EDGE_CURVE('',#1090,#1113,#1354,.T.);
#907=EDGE_CURVE('',#1025,#1088,#1355,.T.);
#908=EDGE_CURVE('',#1093,#1080,#42,.F.);
#909=EDGE_CURVE('',#1069,#1028,#43,.F.);
#910=EDGE_CURVE('',#1034,#1091,#1356,.T.);
#911=EDGE_CURVE('',#1089,#1024,#1357,.T.);
#912=EDGE_CURVE('',#1096,#1077,#44,.F.);
#913=EDGE_CURVE('',#1070,#1037,#45,.F.);
#914=EDGE_CURVE('',#1043,#1094,#1358,.T.);
#915=EDGE_CURVE('',#1092,#1033,#1359,.T.);
#916=EDGE_CURVE('',#1098,#1097,#1360,.T.);
#917=EDGE_CURVE('',#1101,#1074,#46,.F.);
#918=EDGE_CURVE('',#1071,#1046,#47,.F.);
#919=EDGE_CURVE('',#1095,#1042,#1361,.T.);
#920=EDGE_CURVE('',#1114,#1114,#1362,.T.);
#921=EDGE_CURVE('',#1115,#1115,#1363,.T.);
#922=EDGE_CURVE('',#1116,#1116,#1364,.T.);
#923=EDGE_CURVE('',#1117,#1117,#1365,.T.);
#924=EDGE_CURVE('',#1118,#1118,#1366,.T.);
#925=EDGE_CURVE('',#1119,#1119,#1367,.T.);
#926=VERTEX_POINT('',#2101);
#927=VERTEX_POINT('',#2102);
#928=VERTEX_POINT('',#2107);
#929=VERTEX_POINT('',#2112);
#930=VERTEX_POINT('',#2120);
#931=VERTEX_POINT('',#2130);
#932=VERTEX_POINT('',#2131);
#933=VERTEX_POINT('',#2143);
#934=VERTEX_POINT('',#2148);
#935=VERTEX_POINT('',#2166);
#936=VERTEX_POINT('',#2167);
#937=VERTEX_POINT('',#2172);
#938=VERTEX_POINT('',#2177);
#939=VERTEX_POINT('',#2185);
#940=VERTEX_POINT('',#2195);
#941=VERTEX_POINT('',#2196);
#942=VERTEX_POINT('',#2207);
#943=VERTEX_POINT('',#2212);
#944=VERTEX_POINT('',#2228);
#945=VERTEX_POINT('',#2229);
#946=VERTEX_POINT('',#2234);
#947=VERTEX_POINT('',#2239);
#948=VERTEX_POINT('',#2247);
#949=VERTEX_POINT('',#2257);
#950=VERTEX_POINT('',#2258);
#951=VERTEX_POINT('',#2270);
#952=VERTEX_POINT('',#2275);
#953=VERTEX_POINT('',#2316);
#954=VERTEX_POINT('',#2317);
#955=VERTEX_POINT('',#2322);
#956=VERTEX_POINT('',#2327);
#957=VERTEX_POINT('',#2335);
#958=VERTEX_POINT('',#2345);
#959=VERTEX_POINT('',#2350);
#960=VERTEX_POINT('',#2488);
#961=VERTEX_POINT('',#2494);
#962=VERTEX_POINT('',#2496);
#963=VERTEX_POINT('',#2501);
#964=VERTEX_POINT('',#2507);
#965=VERTEX_POINT('',#2512);
#966=VERTEX_POINT('',#2524);
#967=VERTEX_POINT('',#2531);
#968=VERTEX_POINT('',#2536);
#969=VERTEX_POINT('',#2553);
#970=VERTEX_POINT('',#2560);
#971=VERTEX_POINT('',#2563);
#972=VERTEX_POINT('',#2565);
#973=VERTEX_POINT('',#2659);
#974=VERTEX_POINT('',#2664);
#975=VERTEX_POINT('',#2669);
#976=VERTEX_POINT('',#2677);
#977=VERTEX_POINT('',#2683);
#978=VERTEX_POINT('',#2688);
#979=VERTEX_POINT('',#2696);
#980=VERTEX_POINT('',#2704);
#981=VERTEX_POINT('',#2709);
#982=VERTEX_POINT('',#2717);
#983=VERTEX_POINT('',#2725);
#984=VERTEX_POINT('',#2730);
#985=VERTEX_POINT('',#2745);
#986=VERTEX_POINT('',#2753);
#987=VERTEX_POINT('',#2765);
#988=VERTEX_POINT('',#2775);
#989=VERTEX_POINT('',#2781);
#990=VERTEX_POINT('',#2784);
#991=VERTEX_POINT('',#2787);
#992=VERTEX_POINT('',#2806);
#993=VERTEX_POINT('',#2807);
#994=VERTEX_POINT('',#2812);
#995=VERTEX_POINT('',#2838);
#996=VERTEX_POINT('',#2839);
#997=VERTEX_POINT('',#2844);
#998=VERTEX_POINT('',#2870);
#999=VERTEX_POINT('',#2871);
#1000=VERTEX_POINT('',#2876);
#1001=VERTEX_POINT('',#2890);
#1002=VERTEX_POINT('',#2905);
#1003=VERTEX_POINT('',#2922);
#1004=VERTEX_POINT('',#2923);
#1005=VERTEX_POINT('',#2928);
#1006=VERTEX_POINT('',#2942);
#1007=VERTEX_POINT('',#2947);
#1008=VERTEX_POINT('',#3017);
#1009=VERTEX_POINT('',#3018);
#1010=VERTEX_POINT('',#3023);
#1011=VERTEX_POINT('',#3037);
#1012=VERTEX_POINT('',#3042);
#1013=VERTEX_POINT('',#3103);
#1014=VERTEX_POINT('',#3104);
#1015=VERTEX_POINT('',#3109);
#1016=VERTEX_POINT('',#3528);
#1017=VERTEX_POINT('',#3552);
#1018=VERTEX_POINT('',#3770);
#1019=VERTEX_POINT('',#3784);
#1020=VERTEX_POINT('',#3798);
#1021=VERTEX_POINT('',#3812);
#1022=VERTEX_POINT('',#3826);
#1023=VERTEX_POINT('',#3867);
#1024=VERTEX_POINT('',#3902);
#1025=VERTEX_POINT('',#3903);
#1026=VERTEX_POINT('',#3908);
#1027=VERTEX_POINT('',#3916);
#1028=VERTEX_POINT('',#3921);
#1029=VERTEX_POINT('',#3931);
#1030=VERTEX_POINT('',#3932);
#1031=VERTEX_POINT('',#3944);
#1032=VERTEX_POINT('',#3949);
#1033=VERTEX_POINT('',#3967);
#1034=VERTEX_POINT('',#3968);
#1035=VERTEX_POINT('',#3973);
#1036=VERTEX_POINT('',#3981);
#1037=VERTEX_POINT('',#3986);
#1038=VERTEX_POINT('',#3996);
#1039=VERTEX_POINT('',#3997);
#1040=VERTEX_POINT('',#4007);
#1041=VERTEX_POINT('',#4012);
#1042=VERTEX_POINT('',#4029);
#1043=VERTEX_POINT('',#4030);
#1044=VERTEX_POINT('',#4035);
#1045=VERTEX_POINT('',#4043);
#1046=VERTEX_POINT('',#4048);
#1047=VERTEX_POINT('',#4058);
#1048=VERTEX_POINT('',#4059);
#1049=VERTEX_POINT('',#4071);
#1050=VERTEX_POINT('',#4076);
#1051=VERTEX_POINT('',#4117);
#1052=VERTEX_POINT('',#4118);
#1053=VERTEX_POINT('',#4123);
#1054=VERTEX_POINT('',#4131);
#1055=VERTEX_POINT('',#4136);
#1056=VERTEX_POINT('',#4146);
#1057=VERTEX_POINT('',#4154);
#1058=VERTEX_POINT('',#4289);
#1059=VERTEX_POINT('',#4295);
#1060=VERTEX_POINT('',#4312);
#1061=VERTEX_POINT('',#4317);
#1062=VERTEX_POINT('',#4324);
#1063=VERTEX_POINT('',#4336);
#1064=VERTEX_POINT('',#4341);
#1065=VERTEX_POINT('',#4347);
#1066=VERTEX_POINT('',#4352);
#1067=VERTEX_POINT('',#4354);
#1068=VERTEX_POINT('',#4361);
#1069=VERTEX_POINT('',#4371);
#1070=VERTEX_POINT('',#4381);
#1071=VERTEX_POINT('',#4393);
#1072=VERTEX_POINT('',#4401);
#1073=VERTEX_POINT('',#4416);
#1074=VERTEX_POINT('',#4421);
#1075=VERTEX_POINT('',#4429);
#1076=VERTEX_POINT('',#4437);
#1077=VERTEX_POINT('',#4442);
#1078=VERTEX_POINT('',#4450);
#1079=VERTEX_POINT('',#4458);
#1080=VERTEX_POINT('',#4463);
#1081=VERTEX_POINT('',#4469);
#1082=VERTEX_POINT('',#4477);
#1083=VERTEX_POINT('',#4482);
#1084=VERTEX_POINT('',#4487);
#1085=VERTEX_POINT('',#4493);
#1086=VERTEX_POINT('',#4579);
#1087=VERTEX_POINT('',#4583);
#1088=VERTEX_POINT('',#4593);
#1089=VERTEX_POINT('',#4594);
#1090=VERTEX_POINT('',#4603);
#1091=VERTEX_POINT('',#4625);
#1092=VERTEX_POINT('',#4626);
#1093=VERTEX_POINT('',#4635);
#1094=VERTEX_POINT('',#4657);
#1095=VERTEX_POINT('',#4658);
#1096=VERTEX_POINT('',#4667);
#1097=VERTEX_POINT('',#4693);
#1098=VERTEX_POINT('',#4694);
#1099=VERTEX_POINT('',#4699);
#1100=VERTEX_POINT('',#4714);
#1101=VERTEX_POINT('',#4719);
#1102=VERTEX_POINT('',#4786);
#1103=VERTEX_POINT('',#4787);
#1104=VERTEX_POINT('',#4792);
#1105=VERTEX_POINT('',#4809);
#1106=VERTEX_POINT('',#4814);
#1107=VERTEX_POINT('',#4877);
#1108=VERTEX_POINT('',#4878);
#1109=VERTEX_POINT('',#4883);
#1110=VERTEX_POINT('',#4895);
#1111=VERTEX_POINT('',#4900);
#1112=VERTEX_POINT('',#5086);
#1113=VERTEX_POINT('',#5144);
#1114=VERTEX_POINT('',#5566);
#1115=VERTEX_POINT('',#5580);
#1116=VERTEX_POINT('',#5594);
#1117=VERTEX_POINT('',#5608);
#1118=VERTEX_POINT('',#5649);
#1119=VERTEX_POINT('',#5690);
#1120=B_SPLINE_CURVE_WITH_KNOTS('',3,(#2096,#2097,#2098,#2099,#2100),
 .UNSPECIFIED.,.F.,.F.,(4,1,4),(0.000146070147142343,0.00101298353974677,
0.0018798969323512),.UNSPECIFIED.);
#1121=B_SPLINE_CURVE_WITH_KNOTS('',3,(#2103,#2104,#2105,#2106),
 .UNSPECIFIED.,.F.,.F.,(4,4),(3.48675103412108E-17,0.00216476224433293),
 .UNSPECIFIED.);
#1122=B_SPLINE_CURVE_WITH_KNOTS('',3,(#2108,#2109,#2110,#2111),
 .UNSPECIFIED.,.F.,.F.,(4,4),(0.,5.56204141801889E-5),.UNSPECIFIED.);
#1123=B_SPLINE_CURVE_WITH_KNOTS('',3,(#2113,#2114,#2115,#2116,#2117,#2118,
#2119),.UNSPECIFIED.,.F.,.F.,(4,1,1,1,4),(0.0153124956418076,0.0172471702553563,
0.019181844868905,0.0211165194824536,0.0230511940960023),.UNSPECIFIED.);
#1124=B_SPLINE_CURVE_WITH_KNOTS('',3,(#2121,#2122,#2123,#2124),
 .UNSPECIFIED.,.F.,.F.,(4,4),(0.,0.00222133017843677),.UNSPECIFIED.);
#1125=B_SPLINE_CURVE_WITH_KNOTS('',3,(#2126,#2127,#2128,#2129),
 .UNSPECIFIED.,.F.,.F.,(4,4),(0.000515080024396054,0.000695269376289925),
 .UNSPECIFIED.);
#1126=B_SPLINE_CURVE_WITH_KNOTS('',3,(#2132,#2133,#2134,#2135,#2136,#2137,
#2138,#2139,#2140,#2141,#2142),.UNSPECIFIED.,.F.,.F.,(4,1,1,1,1,1,1,1,4),
(0.00870176129937571,0.0100241962294347,0.0113466311594937,0.0126690660895527,
0.0139915010196117,0.0153139359496707,0.0166363708797297,0.0179588058097887,
0.0192812407398477),.UNSPECIFIED.);
#1127=B_SPLINE_CURVE_WITH_KNOTS('',3,(#2144,#2145,#2146,#2147),
 .UNSPECIFIED.,.F.,.F.,(4,4),(0.,0.000181052879916753),.UNSPECIFIED.);
#1128=B_SPLINE_CURVE_WITH_KNOTS('',3,(#2149,#2150,#2151,#2152,#2153,#2154,
#2155,#2156,#2157,#2158,#2159),.UNSPECIFIED.,.F.,.F.,(4,1,1,1,1,1,1,1,4),
(0.00447867244448669,0.00578581634251412,0.00709296024054154,0.00840010413856897,
0.00970724803659639,0.0110143919346238,0.0123215358326512,0.0136286797306787,
0.0149358236287061),.UNSPECIFIED.);
#1129=B_SPLINE_CURVE_WITH_KNOTS('',3,(#2161,#2162,#2163,#2164,#2165),
 .UNSPECIFIED.,.F.,.F.,(4,1,4),(0.000169674367848075,0.00109730010825032,
0.00202492584865256),.UNSPECIFIED.);
#1130=B_SPLINE_CURVE_WITH_KNOTS('',3,(#2168,#2169,#2170,#2171),
 .UNSPECIFIED.,.F.,.F.,(4,4),(4.33680868994202E-18,0.00215534667012188),
 .UNSPECIFIED.);
#1131=B_SPLINE_CURVE_WITH_KNOTS('',3,(#2173,#2174,#2175,#2176),
 .UNSPECIFIED.,.F.,.F.,(4,4),(1.73472347597681E-18,6.07918599785291E-5),
 .UNSPECIFIED.);
#1132=B_SPLINE_CURVE_WITH_KNOTS('',3,(#2178,#2179,#2180,#2181,#2182,#2183,
#2184),.UNSPECIFIED.,.F.,.F.,(4,1,1,1,4),(0.0147977027616372,0.0168255516019394,
0.0188534004422416,0.0208812492825438,0.022909098122846),.UNSPECIFIED.);
#1133=B_SPLINE_CURVE_WITH_KNOTS('',3,(#2186,#2187,#2188,#2189),
 .UNSPECIFIED.,.F.,.F.,(4,4),(1.73472347597681E-18,0.00221900413505929),
 .UNSPECIFIED.);
#1134=B_SPLINE_CURVE_WITH_KNOTS('',3,(#2191,#2192,#2193,#2194),
 .UNSPECIFIED.,.F.,.F.,(4,4),(1.53451956115496E-17,0.000181033403422904),
 .UNSPECIFIED.);
#1135=B_SPLINE_CURVE_WITH_KNOTS('',3,(#2197,#2198,#2199,#2200,#2201,#2202,
#2203,#2204,#2205,#2206),.UNSPECIFIED.,.F.,.F.,(4,1,1,1,1,1,1,4),(0.00920473337480407,
0.0117591419847839,0.0130363462897738,0.0143135505947637,0.0155907548997537,
0.0168679592047436,0.0181451635097335,0.0194223678147234),.UNSPECIFIED.);
#1136=B_SPLINE_CURVE_WITH_KNOTS('',3,(#2208,#2209,#2210,#2211),
 .UNSPECIFIED.,.F.,.F.,(4,4),(0.,0.000181024831820856),.UNSPECIFIED.);
#1137=B_SPLINE_CURVE_WITH_KNOTS('',3,(#2213,#2214,#2215,#2216,#2217,#2218,
#2219,#2220,#2221),.UNSPECIFIED.,.F.,.F.,(4,1,1,1,1,1,4),(0.00433476790054079,
0.00685650676395324,0.00811737619565946,0.00937824562736568,0.0106391150590719,
0.0118999844907781,0.0144217233541906),.UNSPECIFIED.);
#1138=B_SPLINE_CURVE_WITH_KNOTS('',3,(#2223,#2224,#2225,#2226,#2227),
 .UNSPECIFIED.,.F.,.F.,(4,1,4),(0.000272564524193158,0.00105333803389232,
0.00183411154359149),.UNSPECIFIED.);
#1139=B_SPLINE_CURVE_WITH_KNOTS('',3,(#2230,#2231,#2232,#2233),
 .UNSPECIFIED.,.F.,.F.,(4,4),(0.,0.00216424376253605),.UNSPECIFIED.);
#1140=B_SPLINE_CURVE_WITH_KNOTS('',3,(#2235,#2236,#2237,#2238),
 .UNSPECIFIED.,.F.,.F.,(4,4),(3.46944695195361E-18,5.64043629364198E-5),
 .UNSPECIFIED.);
#1141=B_SPLINE_CURVE_WITH_KNOTS('',3,(#2240,#2241,#2242,#2243,#2244,#2245,
#2246),.UNSPECIFIED.,.F.,.F.,(4,1,1,1,4),(0.015401315456879,0.0171843347931583,
0.0189673541294376,0.0207503734657169,0.0225333928019962),.UNSPECIFIED.);
#1142=B_SPLINE_CURVE_WITH_KNOTS('',3,(#2248,#2249,#2250,#2251),
 .UNSPECIFIED.,.F.,.F.,(4,4),(3.46944695195361E-18,0.00222616374804686),
 .UNSPECIFIED.);
#1143=B_SPLINE_CURVE_WITH_KNOTS('',3,(#2253,#2254,#2255,#2256),
 .UNSPECIFIED.,.F.,.F.,(4,4),(3.78869325978775E-17,0.000180209590690467),
 .UNSPECIFIED.);
#1144=B_SPLINE_CURVE_WITH_KNOTS('',3,(#2259,#2260,#2261,#2262,#2263,#2264,
#2265,#2266,#2267,#2268,#2269),.UNSPECIFIED.,.F.,.F.,(4,1,1,1,1,1,1,1,4),
(0.00861383514467066,0.010011073199019,0.0114083112533674,0.0128055493077157,
0.0142027873620641,0.0156000254164125,0.0169972634707608,0.0183945015251092,
0.0197917395794575),.UNSPECIFIED.);
#1145=B_SPLINE_CURVE_WITH_KNOTS('',3,(#2271,#2272,#2273,#2274),
 .UNSPECIFIED.,.F.,.F.,(4,4),(1.73472347597681E-18,0.000180416089505871),
 .UNSPECIFIED.);
#1146=B_SPLINE_CURVE_WITH_KNOTS('',3,(#2276,#2277,#2278,#2279,#2280,#2281,
#2282,#2283,#2284,#2285,#2286),.UNSPECIFIED.,.F.,.F.,(4,1,1,1,1,1,1,1,4),
(0.00395984672455137,0.00534288666993877,0.00672592661532617,0.00810896656071357,
0.00949200650610097,0.0108750464514884,0.0122580863968758,0.0136411263422632,
0.0150241662876506),.UNSPECIFIED.);
#1147=B_SPLINE_CURVE_WITH_KNOTS('',3,(#2311,#2312,#2313,#2314,#2315),
 .UNSPECIFIED.,.F.,.F.,(4,1,4),(3.46944695195361E-18,0.000826560424672364,
0.00165312084934472),.UNSPECIFIED.);
#1148=B_SPLINE_CURVE_WITH_KNOTS('',3,(#2318,#2319,#2320,#2321),
 .UNSPECIFIED.,.F.,.F.,(4,4),(4.39624930122027E-17,0.00216854154309267),
 .UNSPECIFIED.);
#1149=B_SPLINE_CURVE_WITH_KNOTS('',3,(#2323,#2324,#2325,#2326),
 .UNSPECIFIED.,.F.,.F.,(4,4),(1.43311678859634E-17,5.51537529358042E-5),
 .UNSPECIFIED.);
#1150=B_SPLINE_CURVE_WITH_KNOTS('',3,(#2328,#2329,#2330,#2331,#2332,#2333,
#2334),.UNSPECIFIED.,.F.,.F.,(4,1,1,1,4),(0.000756843458328162,0.00263944573449156,
0.00452204801065496,0.00640465028681836,0.00828725256298175),
 .UNSPECIFIED.);
#1151=B_SPLINE_CURVE_WITH_KNOTS('',3,(#2336,#2337,#2338,#2339),
 .UNSPECIFIED.,.F.,.F.,(4,4),(1.4304896245382E-17,0.00222288331875415),
 .UNSPECIFIED.);
#1152=B_SPLINE_CURVE_WITH_KNOTS('',3,(#2341,#2342,#2343,#2344),
 .UNSPECIFIED.,.F.,.F.,(4,4),(0.,0.000178898943592244),.UNSPECIFIED.);
#1153=B_SPLINE_CURVE_WITH_KNOTS('',3,(#2346,#2347,#2348,#2349),
 .UNSPECIFIED.,.F.,.F.,(4,4),(9.63076620249461E-16,0.000178734300636472),
 .UNSPECIFIED.);
#1154=B_SPLINE_CURVE_WITH_KNOTS('',3,(#2351,#2352,#2353,#2354,#2355,#2356,
#2357),.UNSPECIFIED.,.F.,.F.,(4,1,1,1,4),(0.0148736886682841,0.0167897994258066,
0.0187059101833292,0.0206220209408518,0.0225381316983744),.UNSPECIFIED.);
#1155=B_SPLINE_CURVE_WITH_KNOTS('',3,(#2484,#2485,#2486,#2487),
 .UNSPECIFIED.,.F.,.F.,(4,4),(6.93889390390723E-18,4.27613293183256E-5),
 .UNSPECIFIED.);
#1156=B_SPLINE_CURVE_WITH_KNOTS('',3,(#2489,#2490,#2491,#2492,#2493),
 .UNSPECIFIED.,.F.,.F.,(4,1,4),(1.38777878078145E-17,0.00630595554664858,
0.0126119110932971),.UNSPECIFIED.);
#1157=B_SPLINE_CURVE_WITH_KNOTS('',3,(#2497,#2498,#2499,#2500),
 .UNSPECIFIED.,.F.,.F.,(4,4),(5.34425417023685E-5,7.24150342271102E-5),
 .UNSPECIFIED.);
#1158=B_SPLINE_CURVE_WITH_KNOTS('',3,(#2502,#2503,#2504,#2505,#2506),
 .UNSPECIFIED.,.F.,.F.,(4,1,4),(9.16335390712698E-15,0.00623636281341054,
0.0124727256268119),.UNSPECIFIED.);
#1159=B_SPLINE_CURVE_WITH_KNOTS('',3,(#2508,#2509,#2510,#2511),
 .UNSPECIFIED.,.F.,.F.,(4,4),(0.,3.64697023685011E-5),.UNSPECIFIED.);
#1160=B_SPLINE_CURVE_WITH_KNOTS('',3,(#2513,#2514,#2515,#2516,#2517,#2518,
#2519,#2520,#2521,#2522,#2523),.UNSPECIFIED.,.F.,.F.,(4,1,1,1,1,1,1,1,4),
(0.00380069788289088,0.00515679381530835,0.00651288974772582,0.00786898568014329,
0.00922508161256076,0.0105811775449782,0.0119372734773957,0.0132933694098132,
0.0146494653422306),.UNSPECIFIED.);
#1161=B_SPLINE_CURVE_WITH_KNOTS('',3,(#2525,#2526,#2527,#2528,#2529,#2530),
 .UNSPECIFIED.,.F.,.F.,(4,1,1,4),(1.44096954211131E-17,0.00981325366302902,
0.0147198804945435,0.019626507326058),.UNSPECIFIED.);
#1162=B_SPLINE_CURVE_WITH_KNOTS('',3,(#2532,#2533,#2534,#2535),
 .UNSPECIFIED.,.F.,.F.,(4,4),(4.70618681741951E-17,1.89618106833056E-5),
 .UNSPECIFIED.);
#1163=B_SPLINE_CURVE_WITH_KNOTS('',3,(#2537,#2538,#2539,#2540,#2541,#2542,
#2543,#2544,#2545,#2546,#2547,#2548,#2549,#2550,#2551,#2552),
 .UNSPECIFIED.,.F.,.F.,(4,1,1,1,1,1,1,1,1,1,1,1,1,4),(0.0033790153140885,
0.00573514995327327,0.00691321727286566,0.00809128459245805,0.00926935191205044,
0.0104474192316428,0.0116254865512352,0.0128035538708276,0.01398162119042,
0.0151596885100124,0.0175158231491971,0.0186938904687895,0.0198719577883819,
0.0222280924275667),.UNSPECIFIED.);
#1164=B_SPLINE_CURVE_WITH_KNOTS('',3,(#2554,#2555,#2556,#2557,#2558),
 .UNSPECIFIED.,.F.,.F.,(4,1,4),(1.82046810933757E-16,0.00987823248398348,
0.0197564649679668),.UNSPECIFIED.);
#1165=B_SPLINE_CURVE_WITH_KNOTS('',3,(#2651,#2652,#2653,#2654),
 .UNSPECIFIED.,.F.,.F.,(4,4),(0.,0.00705436144568514),.UNSPECIFIED.);
#1166=B_SPLINE_CURVE_WITH_KNOTS('',3,(#2655,#2656,#2657,#2658),
 .UNSPECIFIED.,.F.,.F.,(4,4),(1.39048664439199E-17,1.73016840701005E-5),
 .UNSPECIFIED.);
#1167=B_SPLINE_CURVE_WITH_KNOTS('',3,(#2660,#2661,#2662,#2663),
 .UNSPECIFIED.,.F.,.F.,(4,4),(1.23379860328393E-11,0.00710657422413346),
 .UNSPECIFIED.);
#1168=B_SPLINE_CURVE_WITH_KNOTS('',3,(#2665,#2666,#2667,#2668),
 .UNSPECIFIED.,.F.,.F.,(4,4),(0.,1.54960056519699E-6),.UNSPECIFIED.);
#1169=B_SPLINE_CURVE_WITH_KNOTS('',3,(#2670,#2671,#2672,#2673,#2674,#2675,
#2676),.UNSPECIFIED.,.F.,.F.,(4,1,1,1,4),(0.000553246226226103,0.00253328642780212,
0.00451332662937813,0.00649336683095415,0.00847340703253016),
 .UNSPECIFIED.);
#1170=B_SPLINE_CURVE_WITH_KNOTS('',3,(#2678,#2679,#2680,#2681,#2682),
 .UNSPECIFIED.,.F.,.F.,(4,1,4),(9.82296094589858E-15,0.00954984888214199,
0.0190996977642742),.UNSPECIFIED.);
#1171=B_SPLINE_CURVE_WITH_KNOTS('',3,(#2684,#2685,#2686,#2687),
 .UNSPECIFIED.,.F.,.F.,(4,4),(1.73472347597681E-18,3.9444326176869E-5),
 .UNSPECIFIED.);
#1172=B_SPLINE_CURVE_WITH_KNOTS('',3,(#2689,#2690,#2691,#2692,#2693,#2694,
#2695),.UNSPECIFIED.,.F.,.F.,(4,1,1,1,4),(0.000694729569363575,0.0027663662389445,
0.00483800290852543,0.00690963957810636,0.00898127624768729),
 .UNSPECIFIED.);
#1173=B_SPLINE_CURVE_WITH_KNOTS('',3,(#2697,#2698,#2699,#2700,#2701,#2702,
#2703),.UNSPECIFIED.,.F.,.F.,(4,1,1,1,4),(4.48132682945191E-14,0.00487039811047723,
0.00974079622090965,0.0146111943313421,0.0194815924417745),
 .UNSPECIFIED.);
#1174=B_SPLINE_CURVE_WITH_KNOTS('',3,(#2705,#2706,#2707,#2708),
 .UNSPECIFIED.,.F.,.F.,(4,4),(3.46944695195361E-18,3.33766213713689E-5),
 .UNSPECIFIED.);
#1175=B_SPLINE_CURVE_WITH_KNOTS('',3,(#2710,#2711,#2712,#2713,#2714,#2715,
#2716),.UNSPECIFIED.,.F.,.F.,(4,1,1,1,4),(0.00106367450652783,0.00289417499562766,
0.0047246754847275,0.00655517597382733,0.00838567646292717),
 .UNSPECIFIED.);
#1176=B_SPLINE_CURVE_WITH_KNOTS('',3,(#2718,#2719,#2720,#2721,#2722,#2723,
#2724),.UNSPECIFIED.,.F.,.F.,(4,1,1,1,4),(2.52759687629089E-16,0.00491609387364162,
0.009832187747283,0.0147482816209244,0.0196643754945657),.UNSPECIFIED.);
#1177=B_SPLINE_CURVE_WITH_KNOTS('',3,(#2726,#2727,#2728,#2729),
 .UNSPECIFIED.,.F.,.F.,(4,4),(7.75791922889773E-18,3.21144465032549E-5),
 .UNSPECIFIED.);
#1178=B_SPLINE_CURVE_WITH_KNOTS('',3,(#2731,#2732,#2733,#2734,#2735,#2736,
#2737,#2738,#2739,#2740,#2741,#2742,#2743,#2744),.UNSPECIFIED.,.F.,.F.,
(4,1,1,1,1,1,1,1,1,1,1,4),(0.00867961562190793,0.0110203327270688,0.0133610498322297,
0.0145314083848101,0.0157017669373905,0.0180424840425514,0.0192128425951318,
0.0203832011477123,0.0227239182528731,0.0238942768054536,0.025064635358034,
0.0274053524631949),.UNSPECIFIED.);
#1179=B_SPLINE_CURVE_WITH_KNOTS('',3,(#2746,#2747,#2748,#2749,#2750,#2751,
#2752),.UNSPECIFIED.,.F.,.F.,(4,1,1,1,4),(1.09713545893022E-17,0.00487744603088205,
0.00975489206176408,0.0146323380926461,0.0195097841235282),
 .UNSPECIFIED.);
#1180=B_SPLINE_CURVE_WITH_KNOTS('',3,(#2754,#2755,#2756,#2757),
 .UNSPECIFIED.,.F.,.F.,(4,4),(3.46944695195361E-18,3.99564985443104E-5),
 .UNSPECIFIED.);
#1181=B_SPLINE_CURVE_WITH_KNOTS('',3,(#2758,#2759,#2760,#2761,#2762,#2763,
#2764),.UNSPECIFIED.,.F.,.F.,(4,1,1,1,4),(4.05068146692847E-17,0.00483581765652971,
0.00967163531305938,0.014507452969589,0.0193432706261187),.UNSPECIFIED.);
#1182=B_SPLINE_CURVE_WITH_KNOTS('',3,(#2766,#2767,#2768,#2769),
 .UNSPECIFIED.,.F.,.F.,(4,4),(8.67361737988404E-19,4.35090337044538E-5),
 .UNSPECIFIED.);
#1183=B_SPLINE_CURVE_WITH_KNOTS('',3,(#2770,#2771,#2772,#2773,#2774),
 .UNSPECIFIED.,.F.,.F.,(4,1,4),(1.4304896245382E-17,0.00951855579576911,
0.0190371115915382),.UNSPECIFIED.);
#1184=B_SPLINE_CURVE_WITH_KNOTS('',3,(#2776,#2777,#2778,#2779),
 .UNSPECIFIED.,.F.,.F.,(4,4),(0.,4.0438785102162E-5),.UNSPECIFIED.);
#1185=B_SPLINE_CURVE_WITH_KNOTS('',3,(#2790,#2791,#2792,#2793),
 .UNSPECIFIED.,.F.,.F.,(4,4),(9.34177181294034E-18,0.000178619061351288),
 .UNSPECIFIED.);
#1186=B_SPLINE_CURVE_WITH_KNOTS('',3,(#2794,#2795,#2796,#2797),
 .UNSPECIFIED.,.F.,.F.,(4,4),(1.05807467213497E-16,0.00018005325608899),
 .UNSPECIFIED.);
#1187=B_SPLINE_CURVE_WITH_KNOTS('',3,(#2799,#2800,#2801,#2802,#2803,#2804,
#2805),.UNSPECIFIED.,.F.,.F.,(4,1,1,1,4),(0.000871897361327384,0.00150047195569784,
0.0021290465500683,0.00275762114443876,0.00338619573880921),
 .UNSPECIFIED.);
#1188=B_SPLINE_CURVE_WITH_KNOTS('',3,(#2808,#2809,#2810,#2811),
 .UNSPECIFIED.,.F.,.F.,(4,4),(7.58939042559413E-16,0.00220788316879022),
 .UNSPECIFIED.);
#1189=B_SPLINE_CURVE_WITH_KNOTS('',3,(#2813,#2814,#2815,#2816),
 .UNSPECIFIED.,.F.,.F.,(4,4),(6.65573093628305E-13,6.16830782063959E-6),
 .UNSPECIFIED.);
#1190=B_SPLINE_CURVE_WITH_KNOTS('',3,(#2817,#2818,#2819,#2820),
 .UNSPECIFIED.,.F.,.F.,(4,4),(6.93889390390723E-18,0.00221351824197287),
 .UNSPECIFIED.);
#1191=B_SPLINE_CURVE_WITH_KNOTS('',3,(#2822,#2823,#2824,#2825),
 .UNSPECIFIED.,.F.,.F.,(4,4),(8.67361737988404E-19,0.000180228227230568),
 .UNSPECIFIED.);
#1192=B_SPLINE_CURVE_WITH_KNOTS('',3,(#2826,#2827,#2828,#2829),
 .UNSPECIFIED.,.F.,.F.,(4,4),(8.27881671502428E-16,0.0001795401017162),
 .UNSPECIFIED.);
#1193=B_SPLINE_CURVE_WITH_KNOTS('',3,(#2831,#2832,#2833,#2834,#2835,#2836,
#2837),.UNSPECIFIED.,.F.,.F.,(4,1,1,1,4),(0.000523635269716492,0.0011216366232257,
0.00171963797673491,0.00231763933024411,0.00291564068375332),
 .UNSPECIFIED.);
#1194=B_SPLINE_CURVE_WITH_KNOTS('',3,(#2840,#2841,#2842,#2843),
 .UNSPECIFIED.,.F.,.F.,(4,4),(0.,0.00215166787364309),.UNSPECIFIED.);
#1195=B_SPLINE_CURVE_WITH_KNOTS('',3,(#2845,#2846,#2847,#2848),
 .UNSPECIFIED.,.F.,.F.,(4,4),(0.,6.29999740629953E-5),.UNSPECIFIED.);
#1196=B_SPLINE_CURVE_WITH_KNOTS('',3,(#2849,#2850,#2851,#2852),
 .UNSPECIFIED.,.F.,.F.,(4,4),(0.,0.00221756133165229),.UNSPECIFIED.);
#1197=B_SPLINE_CURVE_WITH_KNOTS('',3,(#2854,#2855,#2856,#2857),
 .UNSPECIFIED.,.F.,.F.,(4,4),(1.19242524577209E-17,0.000178432534887057),
 .UNSPECIFIED.);
#1198=B_SPLINE_CURVE_WITH_KNOTS('',3,(#2858,#2859,#2860,#2861),
 .UNSPECIFIED.,.F.,.F.,(4,4),(8.03736906290819E-16,0.00017831599356),
 .UNSPECIFIED.);
#1199=B_SPLINE_CURVE_WITH_KNOTS('',3,(#2863,#2864,#2865,#2866,#2867,#2868,
#2869),.UNSPECIFIED.,.F.,.F.,(4,1,1,1,4),(0.00114745539383604,0.00181886100556373,
0.00249026661729141,0.0031616722290191,0.00383307784074679),
 .UNSPECIFIED.);
#1200=B_SPLINE_CURVE_WITH_KNOTS('',3,(#2872,#2873,#2874,#2875),
 .UNSPECIFIED.,.F.,.F.,(4,4),(0.,0.00214327751902763),.UNSPECIFIED.);
#1201=B_SPLINE_CURVE_WITH_KNOTS('',3,(#2877,#2878,#2879,#2880),
 .UNSPECIFIED.,.F.,.F.,(4,4),(0.,6.84583106826406E-5),.UNSPECIFIED.);
#1202=B_SPLINE_CURVE_WITH_KNOTS('',3,(#2881,#2882,#2883,#2884),
 .UNSPECIFIED.,.F.,.F.,(4,4),(0.,0.00221482336444692),.UNSPECIFIED.);
#1203=B_SPLINE_CURVE_WITH_KNOTS('',3,(#2886,#2887,#2888,#2889),
 .UNSPECIFIED.,.F.,.F.,(4,4),(7.75791922889773E-18,0.000178549147452062),
 .UNSPECIFIED.);
#1204=B_SPLINE_CURVE_WITH_KNOTS('',3,(#2891,#2892,#2893,#2894,#2895,#2896,
#2897,#2898,#2899,#2900,#2901,#2902,#2903,#2904),.UNSPECIFIED.,.F.,.F.,
(4,1,1,1,1,1,1,1,1,1,1,4),(0.0153338773353917,0.0176555372640765,0.0188163672284188,
0.0199771971927612,0.0222988571214459,0.0234596870857883,0.0246205170501307,
0.0269421769788154,0.0281030069431578,0.0292638369075001,0.0315854968361849,
0.0339071567648696),.UNSPECIFIED.);
#1205=B_SPLINE_CURVE_WITH_KNOTS('',3,(#2906,#2907,#2908,#2909),
 .UNSPECIFIED.,.F.,.F.,(4,4),(8.67361737988404E-19,0.000180416032375914),
 .UNSPECIFIED.);
#1206=B_SPLINE_CURVE_WITH_KNOTS('',3,(#2911,#2912,#2913,#2914,#2915,#2916,
#2917,#2918,#2919,#2920,#2921),.UNSPECIFIED.,.F.,.F.,(4,1,1,1,1,1,1,1,4),
(0.00117793864314971,0.00175620303791255,0.00233446743267538,0.00291273182743821,
0.00349099622220105,0.00406926061696388,0.00464752501172672,0.00522578940648955,
0.00580405380125239),.UNSPECIFIED.);
#1207=B_SPLINE_CURVE_WITH_KNOTS('',3,(#2924,#2925,#2926,#2927),
 .UNSPECIFIED.,.F.,.F.,(4,4),(7.75791922889773E-18,0.00214926148846478),
 .UNSPECIFIED.);
#1208=B_SPLINE_CURVE_WITH_KNOTS('',3,(#2929,#2930,#2931,#2932),
 .UNSPECIFIED.,.F.,.F.,(4,4),(0.,6.444013981402E-5),.UNSPECIFIED.);
#1209=B_SPLINE_CURVE_WITH_KNOTS('',3,(#2933,#2934,#2935,#2936),
 .UNSPECIFIED.,.F.,.F.,(4,4),(6.93889390390723E-18,0.00222185606593392),
 .UNSPECIFIED.);
#1210=B_SPLINE_CURVE_WITH_KNOTS('',3,(#2938,#2939,#2940,#2941),
 .UNSPECIFIED.,.F.,.F.,(4,4),(5.8885877652482E-16,0.000179371969186932),
 .UNSPECIFIED.);
#1211=B_SPLINE_CURVE_WITH_KNOTS('',3,(#2943,#2944,#2945,#2946),
 .UNSPECIFIED.,.F.,.F.,(4,4),(1.73472347597681E-18,0.000180216651574951),
 .UNSPECIFIED.);
#1212=B_SPLINE_CURVE_WITH_KNOTS('',3,(#2948,#2949,#2950,#2951,#2952,#2953,
#2954,#2955,#2956,#2957,#2958,#2959,#2960,#2961,#2962,#2963),
 .UNSPECIFIED.,.F.,.F.,(4,1,1,1,1,1,1,1,1,1,1,1,1,4),(3.46944695195361E-18,
0.00233817999541254,0.00350726999311881,0.00467635999082508,0.00584544998853135,
0.00701453998623762,0.00818362998394389,0.00935271998165015,0.0105218099793564,
0.0116908999770627,0.0140290799724752,0.0151981699701815,0.0163672599678878,
0.0187054399633003),.UNSPECIFIED.);
#1213=B_SPLINE_CURVE_WITH_KNOTS('',3,(#3006,#3007,#3008,#3009,#3010,#3011,
#3012,#3013,#3014,#3015,#3016),.UNSPECIFIED.,.F.,.F.,(4,1,1,1,1,1,1,1,4),
(0.00037923540698512,0.000961344688534022,0.00154345397008292,0.00212556325163183,
0.00270767253318073,0.00328978181472963,0.00387189109627853,0.00445400037782743,
0.00503610965937634),.UNSPECIFIED.);
#1214=B_SPLINE_CURVE_WITH_KNOTS('',3,(#3019,#3020,#3021,#3022),
 .UNSPECIFIED.,.F.,.F.,(4,4),(1.56125112837913E-17,0.00219684898139962),
 .UNSPECIFIED.);
#1215=B_SPLINE_CURVE_WITH_KNOTS('',3,(#3024,#3025,#3026,#3027),
 .UNSPECIFIED.,.F.,.F.,(4,4),(0.,5.43496532145142E-5),.UNSPECIFIED.);
#1216=B_SPLINE_CURVE_WITH_KNOTS('',3,(#3028,#3029,#3030,#3031),
 .UNSPECIFIED.,.F.,.F.,(4,4),(3.87895961444886E-18,0.0022367051262658),
 .UNSPECIFIED.);
#1217=B_SPLINE_CURVE_WITH_KNOTS('',3,(#3033,#3034,#3035,#3036),
 .UNSPECIFIED.,.F.,.F.,(4,4),(1.39857877853494E-17,0.000180507077397621),
 .UNSPECIFIED.);
#1218=B_SPLINE_CURVE_WITH_KNOTS('',3,(#3038,#3039,#3040,#3041),
 .UNSPECIFIED.,.F.,.F.,(4,4),(0.,0.000180499599043318),.UNSPECIFIED.);
#1219=B_SPLINE_CURVE_WITH_KNOTS('',3,(#3043,#3044,#3045,#3046,#3047,#3048,
#3049,#3050,#3051,#3052,#3053),.UNSPECIFIED.,.F.,.F.,(4,1,1,1,1,1,1,1,4),
(0.00101581069374019,0.00235741051540702,0.00369901033707386,0.00504061015874069,
0.00638220998040753,0.00772380980207436,0.0090654096237412,0.010407009445408,
0.0117486092670749),.UNSPECIFIED.);
#1220=B_SPLINE_CURVE_WITH_KNOTS('',3,(#3096,#3097,#3098,#3099,#3100,#3101,
#3102),.UNSPECIFIED.,.F.,.F.,(4,1,1,1,4),(3.46944695195361E-18,0.000648485896873277,
0.00129697179374655,0.00194545769061982,0.0025939435874931),
 .UNSPECIFIED.);
#1221=B_SPLINE_CURVE_WITH_KNOTS('',3,(#3105,#3106,#3107,#3108),
 .UNSPECIFIED.,.F.,.F.,(4,4),(0.,0.00214515983937155),.UNSPECIFIED.);
#1222=B_SPLINE_CURVE_WITH_KNOTS('',3,(#3110,#3111,#3112,#3113),
 .UNSPECIFIED.,.F.,.F.,(4,4),(0.,6.75439178117265E-5),.UNSPECIFIED.);
#1223=B_SPLINE_CURVE_WITH_KNOTS('',3,(#3114,#3115,#3116,#3117),
 .UNSPECIFIED.,.F.,.F.,(4,4),(0.,0.00221448599390856),.UNSPECIFIED.);
#1224=B_SPLINE_CURVE_WITH_KNOTS('',3,(#3146,#3147,#3148,#3149,#3150),
 .UNSPECIFIED.,.F.,.F.,(4,1,4),(1.73472347597681E-18,0.00030645913660533,
0.000612918273210659),.UNSPECIFIED.);
#1225=B_SPLINE_CURVE_WITH_KNOTS('',3,(#3237,#3238,#3239,#3240,#3241),
 .UNSPECIFIED.,.F.,.F.,(4,1,4),(8.67361737988403E-19,0.00030663201544625,
0.000613264030892499),.UNSPECIFIED.);
#1226=B_SPLINE_CURVE_WITH_KNOTS('',3,(#3270,#3271,#3272,#3273,#3274),
 .UNSPECIFIED.,.F.,.F.,(4,1,4),(2.60208521396521E-18,0.000306927475401548,
0.000613854950803093),.UNSPECIFIED.);
#1227=B_SPLINE_CURVE_WITH_KNOTS('',3,(#3304,#3305,#3306,#3307,#3308),
 .UNSPECIFIED.,.F.,.F.,(4,1,4),(2.60208521396521E-18,0.000306894414766753,
0.000613788829533504),.UNSPECIFIED.);
#1228=B_SPLINE_CURVE_WITH_KNOTS('',3,(#3394,#3395,#3396,#3397,#3398),
 .UNSPECIFIED.,.F.,.F.,(4,1,4),(8.67361737988404E-19,0.00030672422098275,
0.000613448441965498),.UNSPECIFIED.);
#1229=B_SPLINE_CURVE_WITH_KNOTS('',3,(#3428,#3429,#3430,#3431,#3432),
 .UNSPECIFIED.,.F.,.F.,(4,1,4),(1.73472347597681E-18,0.000307058951506698,
0.000614117903013394),.UNSPECIFIED.);
#1230=B_SPLINE_CURVE_WITH_KNOTS('',3,(#3518,#3519,#3520,#3521,#3522),
 .UNSPECIFIED.,.F.,.F.,(4,1,4),(2.60208521396521E-18,0.000306700925972224,
0.000613401851944445),.UNSPECIFIED.);
#1231=B_SPLINE_CURVE_WITH_KNOTS('',3,(#3523,#3524,#3525,#3526,#3527),
 .UNSPECIFIED.,.F.,.F.,(4,1,4),(7.27922310455109E-5,0.000335951015238461,
0.000599109799431412),.UNSPECIFIED.);
#1232=B_SPLINE_CURVE_WITH_KNOTS('',3,(#3529,#3530,#3531,#3532),
 .UNSPECIFIED.,.F.,.F.,(4,4),(0.000337413051467034,0.000605229793680683),
 .UNSPECIFIED.);
#1233=B_SPLINE_CURVE_WITH_KNOTS('',3,(#3547,#3548,#3549,#3550,#3551),
 .UNSPECIFIED.,.F.,.F.,(4,1,4),(8.95678816339525E-5,0.000344958476361946,
0.00060034907108994),.UNSPECIFIED.);
#1234=B_SPLINE_CURVE_WITH_KNOTS('',3,(#3553,#3554,#3555,#3556,#3557),
 .UNSPECIFIED.,.F.,.F.,(4,1,4),(0.000156173418813644,0.000378155004700696,
0.000600136590587748),.UNSPECIFIED.);
#1235=B_SPLINE_CURVE_WITH_KNOTS('',3,(#3586,#3587,#3588,#3589,#3590),
 .UNSPECIFIED.,.F.,.F.,(4,1,4),(8.67361737988404E-19,0.000306159714102181,
0.000612319428204361),.UNSPECIFIED.);
#1236=B_SPLINE_CURVE_WITH_KNOTS('',3,(#3676,#3677,#3678,#3679,#3680),
 .UNSPECIFIED.,.F.,.F.,(4,1,4),(1.73472347597681E-18,0.000306458943550559,
0.000612917887101116),.UNSPECIFIED.);
#1237=B_SPLINE_CURVE_WITH_KNOTS('',3,(#3753,#3754,#3755,#3756,#3757),
 .UNSPECIFIED.,.F.,.F.,(4,1,4),(2.60208521396521E-18,0.000307445120274502,
0.000614890240549001),.UNSPECIFIED.);
#1238=B_SPLINE_CURVE_WITH_KNOTS('',3,(#3759,#3760,#3761,#3762,#3763,#3764,
#3765,#3766,#3767,#3768,#3769),.UNSPECIFIED.,.T.,.F.,(1,1,1,1,1,1,1,1,1,
1,1,1,1,1,1),(-0.00187698624437852,-0.00125132416291901,-0.000625662081459506,
0.,0.000625662081459506,0.00125132416291901,0.00187698624437852,0.00250264832583802,
0.00312831040729753,0.00375397248875704,0.00437963457021654,0.00500529665167605,
0.00563095873313555,0.00625662081459506,0.00688228289605457),
 .UNSPECIFIED.);
#1239=B_SPLINE_CURVE_WITH_KNOTS('',3,(#3773,#3774,#3775,#3776,#3777,#3778,
#3779,#3780,#3781,#3782,#3783),.UNSPECIFIED.,.T.,.F.,(1,1,1,1,1,1,1,1,1,
1,1,1,1,1,1),(-0.00187698624437852,-0.00125132416291901,-0.000625662081459506,
0.,0.000625662081459506,0.00125132416291901,0.00187698624437852,0.00250264832583802,
0.00312831040729753,0.00375397248875704,0.00437963457021654,0.00500529665167605,
0.00563095873313555,0.00625662081459506,0.00688228289605457),
 .UNSPECIFIED.);
#1240=B_SPLINE_CURVE_WITH_KNOTS('',3,(#3787,#3788,#3789,#3790,#3791,#3792,
#3793,#3794,#3795,#3796,#3797),.UNSPECIFIED.,.T.,.F.,(1,1,1,1,1,1,1,1,1,
1,1,1,1,1,1),(-0.00187698624437851,-0.00125132416291901,-0.000625662081459504,
0.,0.000625662081459504,0.00125132416291901,0.00187698624437851,0.00250264832583802,
0.00312831040729752,0.00375397248875703,0.00437963457021653,0.00500529665167603,
0.00563095873313554,0.00625662081459504,0.00688228289605455),
 .UNSPECIFIED.);
#1241=B_SPLINE_CURVE_WITH_KNOTS('',3,(#3801,#3802,#3803,#3804,#3805,#3806,
#3807,#3808,#3809,#3810,#3811),.UNSPECIFIED.,.T.,.F.,(1,1,1,1,1,1,1,1,1,
1,1,1,1,1,1),(-0.00187698624437851,-0.001251324162919,-0.000625662081459502,
0.,0.000625662081459502,0.001251324162919,0.00187698624437851,0.00250264832583801,
0.00312831040729751,0.00375397248875701,0.00437963457021652,0.00500529665167602,
0.00563095873313552,0.00625662081459502,0.00688228289605452),
 .UNSPECIFIED.);
#1242=B_SPLINE_CURVE_WITH_KNOTS('',3,(#3815,#3816,#3817,#3818,#3819,#3820,
#3821,#3822,#3823,#3824,#3825),.UNSPECIFIED.,.T.,.F.,(1,1,1,1,1,1,1,1,1,
1,1,1,1,1,1),(-0.00187737308813877,-0.00125158205875918,-0.00062579102937959,
0.,0.00062579102937959,0.00125158205875918,0.00187737308813877,0.00250316411751836,
0.00312895514689795,0.00375474617627754,0.00438053720565713,0.00500632823503672,
0.00563211926441631,0.0062579102937959,0.00688370132317549),
 .UNSPECIFIED.);
#1243=B_SPLINE_CURVE_WITH_KNOTS('',3,(#3856,#3857,#3858,#3859,#3860,#3861,
#3862,#3863,#3864,#3865,#3866),.UNSPECIFIED.,.T.,.F.,(1,1,1,1,1,1,1,1,1,
1,1,1,1,1,1),(-0.00188853003590871,-0.00125902002393914,-0.000629510011969569,
0.,0.000629510011969569,0.00125902002393914,0.00188853003590871,0.00251804004787828,
0.00314755005984784,0.00377706007181741,0.00440657008378698,0.00503608009575655,
0.00566559010772612,0.00629510011969569,0.00692461013166526),
 .UNSPECIFIED.);
#1244=B_SPLINE_CURVE_WITH_KNOTS('',3,(#3897,#3898,#3899,#3900,#3901),
 .UNSPECIFIED.,.F.,.F.,(4,1,4),(0.000146070147142343,0.00101298353974677,
0.0018798969323512),.UNSPECIFIED.);
#1245=B_SPLINE_CURVE_WITH_KNOTS('',3,(#3904,#3905,#3906,#3907),
 .UNSPECIFIED.,.F.,.F.,(4,4),(0.,0.00222133017843677),.UNSPECIFIED.);
#1246=B_SPLINE_CURVE_WITH_KNOTS('',3,(#3909,#3910,#3911,#3912,#3913,#3914,
#3915),.UNSPECIFIED.,.F.,.F.,(4,1,1,1,4),(0.0153124956418076,0.0172471702553563,
0.019181844868905,0.0211165194824536,0.0230511940960023),.UNSPECIFIED.);
#1247=B_SPLINE_CURVE_WITH_KNOTS('',3,(#3917,#3918,#3919,#3920),
 .UNSPECIFIED.,.F.,.F.,(4,4),(0.,5.56204141801887E-5),.UNSPECIFIED.);
#1248=B_SPLINE_CURVE_WITH_KNOTS('',3,(#3922,#3923,#3924,#3925),
 .UNSPECIFIED.,.F.,.F.,(4,4),(3.48675103412108E-17,0.00216476224433293),
 .UNSPECIFIED.);
#1249=B_SPLINE_CURVE_WITH_KNOTS('',3,(#3927,#3928,#3929,#3930),
 .UNSPECIFIED.,.F.,.F.,(4,4),(0.000515080024396054,0.000695269376289925),
 .UNSPECIFIED.);
#1250=B_SPLINE_CURVE_WITH_KNOTS('',3,(#3933,#3934,#3935,#3936,#3937,#3938,
#3939,#3940,#3941,#3942,#3943),.UNSPECIFIED.,.F.,.F.,(4,1,1,1,1,1,1,1,4),
(0.00447867244448669,0.00578581634251412,0.00709296024054154,0.00840010413856897,
0.00970724803659639,0.0110143919346238,0.0123215358326512,0.0136286797306787,
0.0149358236287061),.UNSPECIFIED.);
#1251=B_SPLINE_CURVE_WITH_KNOTS('',3,(#3945,#3946,#3947,#3948),
 .UNSPECIFIED.,.F.,.F.,(4,4),(0.,0.000181052879916749),.UNSPECIFIED.);
#1252=B_SPLINE_CURVE_WITH_KNOTS('',3,(#3950,#3951,#3952,#3953,#3954,#3955,
#3956,#3957,#3958,#3959,#3960),.UNSPECIFIED.,.F.,.F.,(4,1,1,1,1,1,1,1,4),
(0.00870176129937571,0.0100241962294347,0.0113466311594937,0.0126690660895527,
0.0139915010196117,0.0153139359496707,0.0166363708797297,0.0179588058097887,
0.0192812407398477),.UNSPECIFIED.);
#1253=B_SPLINE_CURVE_WITH_KNOTS('',3,(#3962,#3963,#3964,#3965,#3966),
 .UNSPECIFIED.,.F.,.F.,(4,1,4),(0.000169674367848075,0.00109730010825032,
0.00202492584865256),.UNSPECIFIED.);
#1254=B_SPLINE_CURVE_WITH_KNOTS('',3,(#3969,#3970,#3971,#3972),
 .UNSPECIFIED.,.F.,.F.,(4,4),(1.73472347597681E-18,0.00221900413505929),
 .UNSPECIFIED.);
#1255=B_SPLINE_CURVE_WITH_KNOTS('',3,(#3974,#3975,#3976,#3977,#3978,#3979,
#3980),.UNSPECIFIED.,.F.,.F.,(4,1,1,1,4),(0.0147977027616372,0.0168255516019394,
0.0188534004422416,0.0208812492825438,0.022909098122846),.UNSPECIFIED.);
#1256=B_SPLINE_CURVE_WITH_KNOTS('',3,(#3982,#3983,#3984,#3985),
 .UNSPECIFIED.,.F.,.F.,(4,4),(1.73472347597681E-18,6.07918599785288E-5),
 .UNSPECIFIED.);
#1257=B_SPLINE_CURVE_WITH_KNOTS('',3,(#3987,#3988,#3989,#3990),
 .UNSPECIFIED.,.F.,.F.,(4,4),(4.33680868994202E-18,0.00215534667012188),
 .UNSPECIFIED.);
#1258=B_SPLINE_CURVE_WITH_KNOTS('',3,(#3992,#3993,#3994,#3995),
 .UNSPECIFIED.,.F.,.F.,(4,4),(1.53451956115496E-17,0.000181033403422914),
 .UNSPECIFIED.);
#1259=B_SPLINE_CURVE_WITH_KNOTS('',3,(#3998,#3999,#4000,#4001,#4002,#4003,
#4004,#4005,#4006),.UNSPECIFIED.,.F.,.F.,(4,1,1,1,1,1,4),(0.00433476790054079,
0.00685650676395324,0.00811737619565946,0.00937824562736568,0.0106391150590719,
0.0118999844907781,0.0144217233541906),.UNSPECIFIED.);
#1260=B_SPLINE_CURVE_WITH_KNOTS('',3,(#4008,#4009,#4010,#4011),
 .UNSPECIFIED.,.F.,.F.,(4,4),(0.,0.000181024831820854),.UNSPECIFIED.);
#1261=B_SPLINE_CURVE_WITH_KNOTS('',3,(#4013,#4014,#4015,#4016,#4017,#4018,
#4019,#4020,#4021,#4022),.UNSPECIFIED.,.F.,.F.,(4,1,1,1,1,1,1,4),(0.00920473337480407,
0.0117591419847839,0.0130363462897738,0.0143135505947637,0.0155907548997537,
0.0168679592047436,0.0181451635097335,0.0194223678147234),.UNSPECIFIED.);
#1262=B_SPLINE_CURVE_WITH_KNOTS('',3,(#4024,#4025,#4026,#4027,#4028),
 .UNSPECIFIED.,.F.,.F.,(4,1,4),(0.000272564524193158,0.00105333803389232,
0.00183411154359149),.UNSPECIFIED.);
#1263=B_SPLINE_CURVE_WITH_KNOTS('',3,(#4031,#4032,#4033,#4034),
 .UNSPECIFIED.,.F.,.F.,(4,4),(3.46944695195361E-18,0.00222616374804686),
 .UNSPECIFIED.);
#1264=B_SPLINE_CURVE_WITH_KNOTS('',3,(#4036,#4037,#4038,#4039,#4040,#4041,
#4042),.UNSPECIFIED.,.F.,.F.,(4,1,1,1,4),(0.015401315456879,0.0171843347931583,
0.0189673541294376,0.0207503734657169,0.0225333928019962),.UNSPECIFIED.);
#1265=B_SPLINE_CURVE_WITH_KNOTS('',3,(#4044,#4045,#4046,#4047),
 .UNSPECIFIED.,.F.,.F.,(4,4),(3.46944695195361E-18,5.64043629364196E-5),
 .UNSPECIFIED.);
#1266=B_SPLINE_CURVE_WITH_KNOTS('',3,(#4049,#4050,#4051,#4052),
 .UNSPECIFIED.,.F.,.F.,(4,4),(0.,0.00216424376253605),.UNSPECIFIED.);
#1267=B_SPLINE_CURVE_WITH_KNOTS('',3,(#4054,#4055,#4056,#4057),
 .UNSPECIFIED.,.F.,.F.,(4,4),(3.78869325978775E-17,0.000180209590690461),
 .UNSPECIFIED.);
#1268=B_SPLINE_CURVE_WITH_KNOTS('',3,(#4060,#4061,#4062,#4063,#4064,#4065,
#4066,#4067,#4068,#4069,#4070),.UNSPECIFIED.,.F.,.F.,(4,1,1,1,1,1,1,1,4),
(0.00395984672455137,0.00534288666993877,0.00672592661532617,0.00810896656071357,
0.00949200650610097,0.0108750464514884,0.0122580863968758,0.0136411263422632,
0.0150241662876506),.UNSPECIFIED.);
#1269=B_SPLINE_CURVE_WITH_KNOTS('',3,(#4072,#4073,#4074,#4075),
 .UNSPECIFIED.,.F.,.F.,(4,4),(1.73472347597681E-18,0.000180416089505897),
 .UNSPECIFIED.);
#1270=B_SPLINE_CURVE_WITH_KNOTS('',3,(#4077,#4078,#4079,#4080,#4081,#4082,
#4083,#4084,#4085,#4086,#4087),.UNSPECIFIED.,.F.,.F.,(4,1,1,1,1,1,1,1,4),
(0.00861383514467066,0.010011073199019,0.0114083112533674,0.0128055493077157,
0.0142027873620641,0.0156000254164125,0.0169972634707608,0.0183945015251092,
0.0197917395794575),.UNSPECIFIED.);
#1271=B_SPLINE_CURVE_WITH_KNOTS('',3,(#4112,#4113,#4114,#4115,#4116),
 .UNSPECIFIED.,.F.,.F.,(4,1,4),(3.46944695195361E-18,0.000826560424672362,
0.00165312084934472),.UNSPECIFIED.);
#1272=B_SPLINE_CURVE_WITH_KNOTS('',3,(#4119,#4120,#4121,#4122),
 .UNSPECIFIED.,.F.,.F.,(4,4),(1.4304896245382E-17,0.00222288331875415),
 .UNSPECIFIED.);
#1273=B_SPLINE_CURVE_WITH_KNOTS('',3,(#4124,#4125,#4126,#4127,#4128,#4129,
#4130),.UNSPECIFIED.,.F.,.F.,(4,1,1,1,4),(0.000756843458328146,0.00263944573449152,
0.00452204801065489,0.00640465028681827,0.00828725256298164),
 .UNSPECIFIED.);
#1274=B_SPLINE_CURVE_WITH_KNOTS('',3,(#4132,#4133,#4134,#4135),
 .UNSPECIFIED.,.F.,.F.,(4,4),(1.43311678859634E-17,5.5153752935802E-5),
 .UNSPECIFIED.);
#1275=B_SPLINE_CURVE_WITH_KNOTS('',3,(#4137,#4138,#4139,#4140),
 .UNSPECIFIED.,.F.,.F.,(4,4),(4.39624930122027E-17,0.00216854154309267),
 .UNSPECIFIED.);
#1276=B_SPLINE_CURVE_WITH_KNOTS('',3,(#4142,#4143,#4144,#4145),
 .UNSPECIFIED.,.F.,.F.,(4,4),(0.,0.000178898943592245),.UNSPECIFIED.);
#1277=B_SPLINE_CURVE_WITH_KNOTS('',3,(#4147,#4148,#4149,#4150,#4151,#4152,
#4153),.UNSPECIFIED.,.F.,.F.,(4,1,1,1,4),(0.0148736886682841,0.0167897994258066,
0.0187059101833292,0.0206220209408518,0.0225381316983744),.UNSPECIFIED.);
#1278=B_SPLINE_CURVE_WITH_KNOTS('',3,(#4155,#4156,#4157,#4158),
 .UNSPECIFIED.,.F.,.F.,(4,4),(9.63076620249461E-16,0.000178734300636495),
 .UNSPECIFIED.);
#1279=B_SPLINE_CURVE_WITH_KNOTS('',3,(#4285,#4286,#4287,#4288),
 .UNSPECIFIED.,.F.,.F.,(4,4),(6.93889390390723E-18,4.27613293183251E-5),
 .UNSPECIFIED.);
#1280=B_SPLINE_CURVE_WITH_KNOTS('',3,(#4290,#4291,#4292,#4293,#4294),
 .UNSPECIFIED.,.F.,.F.,(4,1,4),(1.82046810933757E-16,0.00987823248398347,
0.0197564649679668),.UNSPECIFIED.);
#1281=B_SPLINE_CURVE_WITH_KNOTS('',3,(#4296,#4297,#4298,#4299,#4300,#4301,
#4302,#4303,#4304,#4305,#4306,#4307,#4308,#4309,#4310,#4311),
 .UNSPECIFIED.,.F.,.F.,(4,1,1,1,1,1,1,1,1,1,1,1,1,4),(0.0033790153140885,
0.00573514995327327,0.00691321727286566,0.00809128459245805,0.00926935191205044,
0.0104474192316428,0.0116254865512352,0.0128035538708276,0.01398162119042,
0.0151596885100124,0.0175158231491971,0.0186938904687895,0.0198719577883819,
0.0222280924275667),.UNSPECIFIED.);
#1282=B_SPLINE_CURVE_WITH_KNOTS('',3,(#4313,#4314,#4315,#4316),
 .UNSPECIFIED.,.F.,.F.,(4,4),(4.70618681741951E-17,1.89618106832964E-5),
 .UNSPECIFIED.);
#1283=B_SPLINE_CURVE_WITH_KNOTS('',3,(#4318,#4319,#4320,#4321,#4322,#4323),
 .UNSPECIFIED.,.F.,.F.,(4,1,1,4),(1.44096954211131E-17,0.00981325366302902,
0.0147198804945435,0.019626507326058),.UNSPECIFIED.);
#1284=B_SPLINE_CURVE_WITH_KNOTS('',3,(#4325,#4326,#4327,#4328,#4329,#4330,
#4331,#4332,#4333,#4334,#4335),.UNSPECIFIED.,.F.,.F.,(4,1,1,1,1,1,1,1,4),
(0.00380069788289088,0.00515679381530835,0.00651288974772582,0.00786898568014329,
0.00922508161256076,0.0105811775449782,0.0119372734773957,0.0132933694098132,
0.0146494653422306),.UNSPECIFIED.);
#1285=B_SPLINE_CURVE_WITH_KNOTS('',3,(#4337,#4338,#4339,#4340),
 .UNSPECIFIED.,.F.,.F.,(4,4),(0.,3.64697023685023E-5),.UNSPECIFIED.);
#1286=B_SPLINE_CURVE_WITH_KNOTS('',3,(#4342,#4343,#4344,#4345,#4346),
 .UNSPECIFIED.,.F.,.F.,(4,1,4),(9.1402882842168E-15,0.0062363628134105,
0.0124727256268119),.UNSPECIFIED.);
#1287=B_SPLINE_CURVE_WITH_KNOTS('',3,(#4348,#4349,#4350,#4351),
 .UNSPECIFIED.,.F.,.F.,(4,4),(5.34425417023685E-5,7.24150342271102E-5),
 .UNSPECIFIED.);
#1288=B_SPLINE_CURVE_WITH_KNOTS('',3,(#4355,#4356,#4357,#4358,#4359),
 .UNSPECIFIED.,.F.,.F.,(4,1,4),(1.38777878078145E-17,0.00630595554664856,
0.0126119110932971),.UNSPECIFIED.);
#1289=B_SPLINE_CURVE_WITH_KNOTS('',3,(#4363,#4364,#4365,#4366),
 .UNSPECIFIED.,.F.,.F.,(4,4),(0.,0.00705436144568514),.UNSPECIFIED.);
#1290=B_SPLINE_CURVE_WITH_KNOTS('',3,(#4367,#4368,#4369,#4370),
 .UNSPECIFIED.,.F.,.F.,(4,4),(0.,4.04387851021621E-5),.UNSPECIFIED.);
#1291=B_SPLINE_CURVE_WITH_KNOTS('',3,(#4372,#4373,#4374,#4375,#4376),
 .UNSPECIFIED.,.F.,.F.,(4,1,4),(1.4304896245382E-17,0.00951855579576913,
0.0190371115915382),.UNSPECIFIED.);
#1292=B_SPLINE_CURVE_WITH_KNOTS('',3,(#4377,#4378,#4379,#4380),
 .UNSPECIFIED.,.F.,.F.,(4,4),(8.67361737988404E-19,4.35090337044542E-5),
 .UNSPECIFIED.);
#1293=B_SPLINE_CURVE_WITH_KNOTS('',3,(#4382,#4383,#4384,#4385,#4386,#4387,
#4388),.UNSPECIFIED.,.F.,.F.,(4,1,1,1,4),(4.05068146692847E-17,0.0048358176565297,
0.00967163531305936,0.014507452969589,0.0193432706261187),.UNSPECIFIED.);
#1294=B_SPLINE_CURVE_WITH_KNOTS('',3,(#4389,#4390,#4391,#4392),
 .UNSPECIFIED.,.F.,.F.,(4,4),(3.46944695195361E-18,3.99564985443106E-5),
 .UNSPECIFIED.);
#1295=B_SPLINE_CURVE_WITH_KNOTS('',3,(#4394,#4395,#4396,#4397,#4398,#4399,
#4400),.UNSPECIFIED.,.F.,.F.,(4,1,1,1,4),(1.09713545893022E-17,0.00487744603088202,
0.00975489206176404,0.0146323380926461,0.0195097841235281),
 .UNSPECIFIED.);
#1296=B_SPLINE_CURVE_WITH_KNOTS('',3,(#4402,#4403,#4404,#4405,#4406,#4407,
#4408,#4409,#4410,#4411,#4412,#4413,#4414,#4415),.UNSPECIFIED.,.F.,.F.,
(4,1,1,1,1,1,1,1,1,1,1,4),(0.00867961562190793,0.0110203327270688,0.0133610498322297,
0.0145314083848101,0.0157017669373905,0.0180424840425514,0.0192128425951318,
0.0203832011477123,0.0227239182528731,0.0238942768054536,0.025064635358034,
0.0274053524631949),.UNSPECIFIED.);
#1297=B_SPLINE_CURVE_WITH_KNOTS('',3,(#4417,#4418,#4419,#4420),
 .UNSPECIFIED.,.F.,.F.,(4,4),(7.75791922889773E-18,3.21144465032549E-5),
 .UNSPECIFIED.);
#1298=B_SPLINE_CURVE_WITH_KNOTS('',3,(#4422,#4423,#4424,#4425,#4426,#4427,
#4428),.UNSPECIFIED.,.F.,.F.,(4,1,1,1,4),(2.52759687629089E-16,0.00491609387364165,
0.00983218774728304,0.0147482816209244,0.0196643754945658),
 .UNSPECIFIED.);
#1299=B_SPLINE_CURVE_WITH_KNOTS('',3,(#4430,#4431,#4432,#4433,#4434,#4435,
#4436),.UNSPECIFIED.,.F.,.F.,(4,1,1,1,4),(0.00106367450652783,0.00289417499562766,
0.0047246754847275,0.00655517597382733,0.00838567646292717),
 .UNSPECIFIED.);
#1300=B_SPLINE_CURVE_WITH_KNOTS('',3,(#4438,#4439,#4440,#4441),
 .UNSPECIFIED.,.F.,.F.,(4,4),(3.46944695195361E-18,3.33766213713687E-5),
 .UNSPECIFIED.);
#1301=B_SPLINE_CURVE_WITH_KNOTS('',3,(#4443,#4444,#4445,#4446,#4447,#4448,
#4449),.UNSPECIFIED.,.F.,.F.,(4,1,1,1,4),(4.48132682945191E-14,0.0048703981104774,
0.00974079622090998,0.0146111943313426,0.0194815924417751),
 .UNSPECIFIED.);
#1302=B_SPLINE_CURVE_WITH_KNOTS('',3,(#4451,#4452,#4453,#4454,#4455,#4456,
#4457),.UNSPECIFIED.,.F.,.F.,(4,1,1,1,4),(0.000694729569363575,0.0027663662389445,
0.00483800290852543,0.00690963957810636,0.00898127624768729),
 .UNSPECIFIED.);
#1303=B_SPLINE_CURVE_WITH_KNOTS('',3,(#4459,#4460,#4461,#4462),
 .UNSPECIFIED.,.F.,.F.,(4,4),(1.73472347597681E-18,3.9444326176869E-5),
 .UNSPECIFIED.);
#1304=B_SPLINE_CURVE_WITH_KNOTS('',3,(#4464,#4465,#4466,#4467,#4468),
 .UNSPECIFIED.,.F.,.F.,(4,1,4),(9.82296094589858E-15,0.009549848882142,
0.0190996977642742),.UNSPECIFIED.);
#1305=B_SPLINE_CURVE_WITH_KNOTS('',3,(#4470,#4471,#4472,#4473,#4474,#4475,
#4476),.UNSPECIFIED.,.F.,.F.,(4,1,1,1,4),(0.000553246226226103,0.00253328642780212,
0.00451332662937813,0.00649336683095415,0.00847340703253016),
 .UNSPECIFIED.);
#1306=B_SPLINE_CURVE_WITH_KNOTS('',3,(#4478,#4479,#4480,#4481),
 .UNSPECIFIED.,.F.,.F.,(4,4),(0.,1.54960056519774E-6),.UNSPECIFIED.);
#1307=B_SPLINE_CURVE_WITH_KNOTS('',3,(#4483,#4484,#4485,#4486),
 .UNSPECIFIED.,.F.,.F.,(4,4),(1.23379860328393E-11,0.00710657422413337),
 .UNSPECIFIED.);
#1308=B_SPLINE_CURVE_WITH_KNOTS('',3,(#4488,#4489,#4490,#4491),
 .UNSPECIFIED.,.F.,.F.,(4,4),(1.39048664439199E-17,1.73016840701005E-5),
 .UNSPECIFIED.);
#1309=B_SPLINE_CURVE_WITH_KNOTS('',3,(#4586,#4587,#4588,#4589,#4590,#4591,
#4592),.UNSPECIFIED.,.F.,.F.,(4,1,1,1,4),(0.000871897361327384,0.00150047195569784,
0.0021290465500683,0.00275762114443876,0.00338619573880921),
 .UNSPECIFIED.);
#1310=B_SPLINE_CURVE_WITH_KNOTS('',3,(#4595,#4596,#4597,#4598),
 .UNSPECIFIED.,.F.,.F.,(4,4),(6.93889390390723E-18,0.00221351824197287),
 .UNSPECIFIED.);
#1311=B_SPLINE_CURVE_WITH_KNOTS('',3,(#4599,#4600,#4601,#4602),
 .UNSPECIFIED.,.F.,.F.,(4,4),(6.65573093628305E-13,6.16830782063959E-6),
 .UNSPECIFIED.);
#1312=B_SPLINE_CURVE_WITH_KNOTS('',3,(#4604,#4605,#4606,#4607),
 .UNSPECIFIED.,.F.,.F.,(4,4),(7.58939042559413E-16,0.00220788316879022),
 .UNSPECIFIED.);
#1313=B_SPLINE_CURVE_WITH_KNOTS('',3,(#4609,#4610,#4611,#4612),
 .UNSPECIFIED.,.F.,.F.,(4,4),(9.34177181294034E-18,0.000178619061351285),
 .UNSPECIFIED.);
#1314=B_SPLINE_CURVE_WITH_KNOTS('',3,(#4613,#4614,#4615,#4616),
 .UNSPECIFIED.,.F.,.F.,(4,4),(1.05807467213497E-16,0.000180053256089009),
 .UNSPECIFIED.);
#1315=B_SPLINE_CURVE_WITH_KNOTS('',3,(#4618,#4619,#4620,#4621,#4622,#4623,
#4624),.UNSPECIFIED.,.F.,.F.,(4,1,1,1,4),(0.000523635269716492,0.0011216366232257,
0.00171963797673491,0.00231763933024411,0.00291564068375332),
 .UNSPECIFIED.);
#1316=B_SPLINE_CURVE_WITH_KNOTS('',3,(#4627,#4628,#4629,#4630),
 .UNSPECIFIED.,.F.,.F.,(4,4),(0.,0.00221756133165229),.UNSPECIFIED.);
#1317=B_SPLINE_CURVE_WITH_KNOTS('',3,(#4631,#4632,#4633,#4634),
 .UNSPECIFIED.,.F.,.F.,(4,4),(1.73472347597681E-18,6.29999740629935E-5),
 .UNSPECIFIED.);
#1318=B_SPLINE_CURVE_WITH_KNOTS('',3,(#4636,#4637,#4638,#4639),
 .UNSPECIFIED.,.F.,.F.,(4,4),(0.,0.00215166787364309),.UNSPECIFIED.);
#1319=B_SPLINE_CURVE_WITH_KNOTS('',3,(#4641,#4642,#4643,#4644),
 .UNSPECIFIED.,.F.,.F.,(4,4),(8.67361737988404E-19,0.000180228227230569),
 .UNSPECIFIED.);
#1320=B_SPLINE_CURVE_WITH_KNOTS('',3,(#4645,#4646,#4647,#4648),
 .UNSPECIFIED.,.F.,.F.,(4,4),(8.27881671502428E-16,0.000179540101716221),
 .UNSPECIFIED.);
#1321=B_SPLINE_CURVE_WITH_KNOTS('',3,(#4650,#4651,#4652,#4653,#4654,#4655,
#4656),.UNSPECIFIED.,.F.,.F.,(4,1,1,1,4),(0.00114745539383604,0.00181886100556373,
0.00249026661729141,0.0031616722290191,0.00383307784074679),
 .UNSPECIFIED.);
#1322=B_SPLINE_CURVE_WITH_KNOTS('',3,(#4659,#4660,#4661,#4662),
 .UNSPECIFIED.,.F.,.F.,(4,4),(0.,0.00221482336444692),.UNSPECIFIED.);
#1323=B_SPLINE_CURVE_WITH_KNOTS('',3,(#4663,#4664,#4665,#4666),
 .UNSPECIFIED.,.F.,.F.,(4,4),(0.,6.84583106826404E-5),.UNSPECIFIED.);
#1324=B_SPLINE_CURVE_WITH_KNOTS('',3,(#4668,#4669,#4670,#4671),
 .UNSPECIFIED.,.F.,.F.,(4,4),(0.,0.00214327751902763),.UNSPECIFIED.);
#1325=B_SPLINE_CURVE_WITH_KNOTS('',3,(#4673,#4674,#4675,#4676),
 .UNSPECIFIED.,.F.,.F.,(4,4),(1.19242524577209E-17,0.000178432534887057),
 .UNSPECIFIED.);
#1326=B_SPLINE_CURVE_WITH_KNOTS('',3,(#4677,#4678,#4679,#4680),
 .UNSPECIFIED.,.F.,.F.,(4,4),(8.03736906290819E-16,0.000178315993560001),
 .UNSPECIFIED.);
#1327=B_SPLINE_CURVE_WITH_KNOTS('',3,(#4682,#4683,#4684,#4685,#4686,#4687,
#4688,#4689,#4690,#4691,#4692),.UNSPECIFIED.,.F.,.F.,(4,1,1,1,1,1,1,1,4),
(0.00117793864314971,0.00175620303791255,0.00233446743267538,0.00291273182743821,
0.00349099622220105,0.00406926061696388,0.00464752501172672,0.00522578940648955,
0.00580405380125239),.UNSPECIFIED.);
#1328=B_SPLINE_CURVE_WITH_KNOTS('',3,(#4695,#4696,#4697,#4698),
 .UNSPECIFIED.,.F.,.F.,(4,4),(6.93889390390723E-18,0.00222185606593392),
 .UNSPECIFIED.);
#1329=B_SPLINE_CURVE_WITH_KNOTS('',3,(#4700,#4701,#4702,#4703,#4704,#4705,
#4706,#4707,#4708,#4709,#4710,#4711,#4712,#4713),.UNSPECIFIED.,.F.,.F.,
(4,1,1,1,1,1,1,1,1,1,1,4),(0.0153338773353917,0.0176555372640765,0.0188163672284188,
0.0199771971927612,0.0222988571214459,0.0234596870857883,0.0246205170501307,
0.0269421769788154,0.0281030069431578,0.0292638369075001,0.0315854968361849,
0.0339071567648696),.UNSPECIFIED.);
#1330=B_SPLINE_CURVE_WITH_KNOTS('',3,(#4715,#4716,#4717,#4718),
 .UNSPECIFIED.,.F.,.F.,(4,4),(6.93889390390723E-18,6.44401398140142E-5),
 .UNSPECIFIED.);
#1331=B_SPLINE_CURVE_WITH_KNOTS('',3,(#4720,#4721,#4722,#4723),
 .UNSPECIFIED.,.F.,.F.,(4,4),(7.75791922889773E-18,0.00214926148846478),
 .UNSPECIFIED.);
#1332=B_SPLINE_CURVE_WITH_KNOTS('',3,(#4725,#4726,#4727,#4728),
 .UNSPECIFIED.,.F.,.F.,(4,4),(7.75791922889773E-18,0.000178549147452061),
 .UNSPECIFIED.);
#1333=B_SPLINE_CURVE_WITH_KNOTS('',3,(#4729,#4730,#4731,#4732),
 .UNSPECIFIED.,.F.,.F.,(4,4),(8.67361737988404E-19,0.000180416032375915),
 .UNSPECIFIED.);
#1334=B_SPLINE_CURVE_WITH_KNOTS('',3,(#4775,#4776,#4777,#4778,#4779,#4780,
#4781,#4782,#4783,#4784,#4785),.UNSPECIFIED.,.F.,.F.,(4,1,1,1,1,1,1,1,4),
(0.000379235406985118,0.000961344688534022,0.00154345397008293,0.00212556325163183,
0.00270767253318073,0.00328978181472964,0.00387189109627854,0.00445400037782745,
0.00503610965937635),.UNSPECIFIED.);
#1335=B_SPLINE_CURVE_WITH_KNOTS('',3,(#4788,#4789,#4790,#4791),
 .UNSPECIFIED.,.F.,.F.,(4,4),(3.87895961444886E-18,0.00223670512626573),
 .UNSPECIFIED.);
#1336=B_SPLINE_CURVE_WITH_KNOTS('',3,(#4793,#4794,#4795,#4796,#4797,#4798,
#4799,#4800,#4801,#4802,#4803,#4804,#4805,#4806,#4807,#4808),
 .UNSPECIFIED.,.F.,.F.,(4,1,1,1,1,1,1,1,1,1,1,1,1,4),(3.46944695195361E-18,
0.00233817999541252,0.00350726999311878,0.00467635999082504,0.00584544998853129,
0.00701453998623755,0.00818362998394381,0.00935271998165007,0.0105218099793563,
0.0116908999770626,0.0140290799724751,0.0151981699701814,0.0163672599678876,
0.0187054399633001),.UNSPECIFIED.);
#1337=B_SPLINE_CURVE_WITH_KNOTS('',3,(#4810,#4811,#4812,#4813),
 .UNSPECIFIED.,.F.,.F.,(4,4),(0.,5.43496532145113E-5),.UNSPECIFIED.);
#1338=B_SPLINE_CURVE_WITH_KNOTS('',3,(#4815,#4816,#4817,#4818),
 .UNSPECIFIED.,.F.,.F.,(4,4),(1.56125112837913E-17,0.00219684898139962),
 .UNSPECIFIED.);
#1339=B_SPLINE_CURVE_WITH_KNOTS('',3,(#4820,#4821,#4822,#4823),
 .UNSPECIFIED.,.F.,.F.,(4,4),(5.8885877652482E-16,0.00017937196918693),
 .UNSPECIFIED.);
#1340=B_SPLINE_CURVE_WITH_KNOTS('',3,(#4824,#4825,#4826,#4827),
 .UNSPECIFIED.,.F.,.F.,(4,4),(1.73472347597681E-18,0.000180216651574996),
 .UNSPECIFIED.);
#1341=B_SPLINE_CURVE_WITH_KNOTS('',3,(#4870,#4871,#4872,#4873,#4874,#4875,
#4876),.UNSPECIFIED.,.F.,.F.,(4,1,1,1,4),(3.46944695195361E-18,0.000648485896873272,
0.00129697179374654,0.00194545769061981,0.00259394358749308),
 .UNSPECIFIED.);
#1342=B_SPLINE_CURVE_WITH_KNOTS('',3,(#4879,#4880,#4881,#4882),
 .UNSPECIFIED.,.F.,.F.,(4,4),(0.,0.00221448599390857),.UNSPECIFIED.);
#1343=B_SPLINE_CURVE_WITH_KNOTS('',3,(#4884,#4885,#4886,#4887,#4888,#4889,
#4890,#4891,#4892,#4893,#4894),.UNSPECIFIED.,.F.,.F.,(4,1,1,1,1,1,1,1,4),
(0.0010158106937402,0.00235741051540705,0.00369901033707389,0.00504061015874074,
0.00638220998040758,0.00772380980207443,0.00906540962374127,0.0104070094454081,
0.011748609267075),.UNSPECIFIED.);
#1344=B_SPLINE_CURVE_WITH_KNOTS('',3,(#4896,#4897,#4898,#4899),
 .UNSPECIFIED.,.F.,.F.,(4,4),(1.4304896245382E-17,6.75439178117418E-5),
 .UNSPECIFIED.);
#1345=B_SPLINE_CURVE_WITH_KNOTS('',3,(#4901,#4902,#4903,#4904),
 .UNSPECIFIED.,.F.,.F.,(4,4),(6.93889390390723E-18,0.0021451598393715),
 .UNSPECIFIED.);
#1346=B_SPLINE_CURVE_WITH_KNOTS('',3,(#4906,#4907,#4908,#4909),
 .UNSPECIFIED.,.F.,.F.,(4,4),(1.39857877853494E-17,0.000180507077397625),
 .UNSPECIFIED.);
#1347=B_SPLINE_CURVE_WITH_KNOTS('',3,(#4910,#4911,#4912,#4913),
 .UNSPECIFIED.,.F.,.F.,(4,4),(0.,0.000180499599043359),.UNSPECIFIED.);
#1348=B_SPLINE_CURVE_WITH_KNOTS('',3,(#4942,#4943,#4944,#4945,#4946),
 .UNSPECIFIED.,.F.,.F.,(4,1,4),(2.60208521396521E-18,0.000307445120274503,
0.000614890240549003),.UNSPECIFIED.);
#1349=B_SPLINE_CURVE_WITH_KNOTS('',3,(#5019,#5020,#5021,#5022,#5023),
 .UNSPECIFIED.,.F.,.F.,(4,1,4),(1.73472347597681E-18,0.00030645894355054,
0.000612917887101078),.UNSPECIFIED.);
#1350=B_SPLINE_CURVE_WITH_KNOTS('',3,(#5081,#5082,#5083,#5084,#5085),
 .UNSPECIFIED.,.F.,.F.,(4,1,4),(8.9567881633944E-5,0.000344958476361942,
0.00060034907108994),.UNSPECIFIED.);
#1351=B_SPLINE_CURVE_WITH_KNOTS('',3,(#5087,#5088,#5089,#5090,#5091),
 .UNSPECIFIED.,.F.,.F.,(4,1,4),(0.000156173418813644,0.000378155004700696,
0.000600136590587748),.UNSPECIFIED.);
#1352=B_SPLINE_CURVE_WITH_KNOTS('',3,(#5120,#5121,#5122,#5123,#5124),
 .UNSPECIFIED.,.F.,.F.,(4,1,4),(8.67361737988404E-19,0.000306159714102121,
0.00061231942820424),.UNSPECIFIED.);
#1353=B_SPLINE_CURVE_WITH_KNOTS('',3,(#5139,#5140,#5141,#5142,#5143),
 .UNSPECIFIED.,.F.,.F.,(4,1,4),(7.27922310455109E-5,0.000335951015238461,
0.000599109799431412),.UNSPECIFIED.);
#1354=B_SPLINE_CURVE_WITH_KNOTS('',3,(#5145,#5146,#5147,#5148),
 .UNSPECIFIED.,.F.,.F.,(4,4),(0.000337413051467034,0.000605229793680683),
 .UNSPECIFIED.);
#1355=B_SPLINE_CURVE_WITH_KNOTS('',3,(#5191,#5192,#5193,#5194,#5195),
 .UNSPECIFIED.,.F.,.F.,(4,1,4),(2.60208521396521E-18,0.000306700925972173,
0.000613401851944343),.UNSPECIFIED.);
#1356=B_SPLINE_CURVE_WITH_KNOTS('',3,(#5268,#5269,#5270,#5271,#5272),
 .UNSPECIFIED.,.F.,.F.,(4,1,4),(1.73472347597681E-18,0.000307058951506644,
0.000614117903013286),.UNSPECIFIED.);
#1357=B_SPLINE_CURVE_WITH_KNOTS('',3,(#5301,#5302,#5303,#5304,#5305),
 .UNSPECIFIED.,.F.,.F.,(4,1,4),(8.67361737988404E-19,0.000306724220982691,
0.000613448441965382),.UNSPECIFIED.);
#1358=B_SPLINE_CURVE_WITH_KNOTS('',3,(#5392,#5393,#5394,#5395,#5396),
 .UNSPECIFIED.,.F.,.F.,(4,1,4),(2.60208521396521E-18,0.000306894414766708,
0.000613788829533413),.UNSPECIFIED.);
#1359=B_SPLINE_CURVE_WITH_KNOTS('',3,(#5425,#5426,#5427,#5428,#5429),
 .UNSPECIFIED.,.F.,.F.,(4,1,4),(2.60208521396521E-18,0.000306927475401486,
0.00061385495080297),.UNSPECIFIED.);
#1360=B_SPLINE_CURVE_WITH_KNOTS('',3,(#5458,#5459,#5460,#5461,#5462),
 .UNSPECIFIED.,.F.,.F.,(4,1,4),(8.67361737988404E-19,0.000306632015446188,
0.000613264030892376),.UNSPECIFIED.);
#1361=B_SPLINE_CURVE_WITH_KNOTS('',3,(#5549,#5550,#5551,#5552,#5553),
 .UNSPECIFIED.,.F.,.F.,(4,1,4),(1.73472347597681E-18,0.000306459136605271,
0.000612918273210541),.UNSPECIFIED.);
#1362=B_SPLINE_CURVE_WITH_KNOTS('',3,(#5555,#5556,#5557,#5558,#5559,#5560,
#5561,#5562,#5563,#5564,#5565),.UNSPECIFIED.,.T.,.F.,(1,1,1,1,1,1,1,1,1,
1,1,1,1,1,1),(-0.00187698624437852,-0.00125132416291901,-0.000625662081459506,
0.,0.000625662081459506,0.00125132416291901,0.00187698624437852,0.00250264832583802,
0.00312831040729753,0.00375397248875704,0.00437963457021654,0.00500529665167605,
0.00563095873313555,0.00625662081459506,0.00688228289605457),
 .UNSPECIFIED.);
#1363=B_SPLINE_CURVE_WITH_KNOTS('',3,(#5569,#5570,#5571,#5572,#5573,#5574,
#5575,#5576,#5577,#5578,#5579),.UNSPECIFIED.,.T.,.F.,(1,1,1,1,1,1,1,1,1,
1,1,1,1,1,1),(-0.00187698624437852,-0.00125132416291901,-0.000625662081459506,
0.,0.000625662081459506,0.00125132416291901,0.00187698624437852,0.00250264832583802,
0.00312831040729753,0.00375397248875704,0.00437963457021654,0.00500529665167605,
0.00563095873313555,0.00625662081459506,0.00688228289605457),
 .UNSPECIFIED.);
#1364=B_SPLINE_CURVE_WITH_KNOTS('',3,(#5583,#5584,#5585,#5586,#5587,#5588,
#5589,#5590,#5591,#5592,#5593),.UNSPECIFIED.,.T.,.F.,(1,1,1,1,1,1,1,1,1,
1,1,1,1,1,1),(-0.00187698624437851,-0.00125132416291901,-0.000625662081459504,
0.,0.000625662081459504,0.00125132416291901,0.00187698624437851,0.00250264832583802,
0.00312831040729752,0.00375397248875703,0.00437963457021653,0.00500529665167603,
0.00563095873313554,0.00625662081459504,0.00688228289605455),
 .UNSPECIFIED.);
#1365=B_SPLINE_CURVE_WITH_KNOTS('',3,(#5597,#5598,#5599,#5600,#5601,#5602,
#5603,#5604,#5605,#5606,#5607),.UNSPECIFIED.,.T.,.F.,(1,1,1,1,1,1,1,1,1,
1,1,1,1,1,1),(-0.00187698624437851,-0.001251324162919,-0.000625662081459502,
0.,0.000625662081459502,0.001251324162919,0.00187698624437851,0.00250264832583801,
0.00312831040729751,0.00375397248875701,0.00437963457021652,0.00500529665167602,
0.00563095873313552,0.00625662081459502,0.00688228289605452),
 .UNSPECIFIED.);
#1366=B_SPLINE_CURVE_WITH_KNOTS('',3,(#5638,#5639,#5640,#5641,#5642,#5643,
#5644,#5645,#5646,#5647,#5648),.UNSPECIFIED.,.T.,.F.,(1,1,1,1,1,1,1,1,1,
1,1,1,1,1,1),(-0.00187737308813877,-0.00125158205875918,-0.00062579102937959,
0.,0.000625791029379589,0.00125158205875918,0.00187737308813877,0.00250316411751836,
0.00312895514689795,0.00375474617627754,0.00438053720565713,0.00500632823503672,
0.00563211926441631,0.00625791029379589,0.00688370132317548),
 .UNSPECIFIED.);
#1367=B_SPLINE_CURVE_WITH_KNOTS('',3,(#5679,#5680,#5681,#5682,#5683,#5684,
#5685,#5686,#5687,#5688,#5689),.UNSPECIFIED.,.T.,.F.,(1,1,1,1,1,1,1,1,1,
1,1,1,1,1,1),(-0.00188853003590868,-0.00125902002393912,-0.00062951001196956,
0.,0.00062951001196956,0.00125902002393912,0.00188853003590868,0.00251804004787824,
0.0031475500598478,0.00377706007181736,0.00440657008378692,0.00503608009575648,
0.00566559010772604,0.0062951001196956,0.00692461013166516),
 .UNSPECIFIED.);
#1368=EDGE_LOOP('',(#92,#93,#94,#95,#96));
#1369=EDGE_LOOP('',(#97,#98,#99,#100));
#1370=EDGE_LOOP('',(#101,#102,#103,#104,#105));
#1371=EDGE_LOOP('',(#106,#107,#108,#109));
#1372=EDGE_LOOP('',(#110,#111,#112,#113,#114));
#1373=EDGE_LOOP('',(#115,#116,#117,#118));
#1374=EDGE_LOOP('',(#119,#120,#121,#122,#123));
#1375=EDGE_LOOP('',(#124,#125,#126,#127));
#1376=EDGE_LOOP('',(#128,#129,#130,#131,#132,#133,#134,#135,#136,#137,#138,
#139));
#1377=EDGE_LOOP('',(#140));
#1378=EDGE_LOOP('',(#141));
#1379=EDGE_LOOP('',(#142));
#1380=EDGE_LOOP('',(#143));
#1381=EDGE_LOOP('',(#144));
#1382=EDGE_LOOP('',(#145,#146,#147,#148,#149,#150,#151,#152,#153,#154,#155,
#156,#157,#158,#159,#160,#161,#162,#163,#164,#165,#166,#167,#168));
#1383=EDGE_LOOP('',(#169));
#1384=EDGE_LOOP('',(#170));
#1385=EDGE_LOOP('',(#171));
#1386=EDGE_LOOP('',(#172));
#1387=EDGE_LOOP('',(#173));
#1388=EDGE_LOOP('',(#174));
#1389=EDGE_LOOP('',(#175,#176,#177,#178));
#1390=EDGE_LOOP('',(#179,#180,#181,#182,#183));
#1391=EDGE_LOOP('',(#184,#185,#186,#187));
#1392=EDGE_LOOP('',(#188,#189,#190,#191,#192));
#1393=EDGE_LOOP('',(#193,#194,#195,#196));
#1394=EDGE_LOOP('',(#197,#198,#199,#200,#201));
#1395=EDGE_LOOP('',(#202,#203,#204,#205));
#1396=EDGE_LOOP('',(#206,#207,#208,#209,#210));
#1397=EDGE_LOOP('',(#211,#212,#213,#214));
#1398=EDGE_LOOP('',(#215,#216,#217,#218,#219));
#1399=EDGE_LOOP('',(#220,#221,#222,#223));
#1400=EDGE_LOOP('',(#224,#225,#226,#227,#228));
#1401=EDGE_LOOP('',(#229,#230,#231,#232,#233,#234));
#1402=EDGE_LOOP('',(#235,#236,#237,#238,#239,#240,#241,#242));
#1403=EDGE_LOOP('',(#243,#244,#245,#246,#247,#248));
#1404=EDGE_LOOP('',(#249,#250,#251,#252,#253,#254));
#1405=EDGE_LOOP('',(#255,#256,#257,#258,#259,#260));
#1406=EDGE_LOOP('',(#261,#262,#263,#264,#265,#266,#267,#268));
#1407=EDGE_LOOP('',(#269,#270,#271,#272,#273,#274));
#1408=EDGE_LOOP('',(#275,#276,#277,#278,#279,#280));
#1409=EDGE_LOOP('',(#281,#282,#283,#284,#285,#286,#287,#288));
#1410=EDGE_LOOP('',(#289,#290,#291,#292,#293,#294,#295));
#1411=EDGE_LOOP('',(#296,#297,#298,#299,#300,#301,#302,#303,#304));
#1412=EDGE_LOOP('',(#305,#306,#307,#308,#309,#310));
#1413=EDGE_LOOP('',(#311,#312,#313,#314,#315,#316,#317,#318));
#1414=EDGE_LOOP('',(#319,#320,#321,#322,#323,#324));
#1415=EDGE_LOOP('',(#325,#326,#327,#328,#329,#330,#331,#332));
#1416=EDGE_LOOP('',(#333,#334,#335,#336,#337,#338));
#1417=EDGE_LOOP('',(#339,#340));
#1418=EDGE_LOOP('',(#341));
#1419=EDGE_LOOP('',(#342));
#1420=EDGE_LOOP('',(#343,#344,#345,#346));
#1421=EDGE_LOOP('',(#347));
#1422=EDGE_LOOP('',(#348));
#1423=EDGE_LOOP('',(#349,#350,#351,#352));
#1424=EDGE_LOOP('',(#353));
#1425=EDGE_LOOP('',(#354));
#1426=EDGE_LOOP('',(#355,#356,#357,#358));
#1427=EDGE_LOOP('',(#359));
#1428=EDGE_LOOP('',(#360));
#1429=EDGE_LOOP('',(#361,#362,#363,#364));
#1430=EDGE_LOOP('',(#365));
#1431=EDGE_LOOP('',(#366));
#1432=EDGE_LOOP('',(#367,#368));
#1433=EDGE_LOOP('',(#369));
#1434=EDGE_LOOP('',(#370));
#1435=EDGE_LOOP('',(#371,#372,#373,#374,#375));
#1436=EDGE_LOOP('',(#376,#377,#378,#379));
#1437=EDGE_LOOP('',(#380,#381,#382,#383,#384));
#1438=EDGE_LOOP('',(#385,#386,#387,#388));
#1439=EDGE_LOOP('',(#389,#390,#391,#392,#393));
#1440=EDGE_LOOP('',(#394,#395,#396,#397));
#1441=EDGE_LOOP('',(#398,#399,#400,#401,#402));
#1442=EDGE_LOOP('',(#403,#404,#405,#406));
#1443=EDGE_LOOP('',(#407,#408,#409,#410,#411,#412,#413,#414,#415,#416,#417,
#418));
#1444=EDGE_LOOP('',(#419));
#1445=EDGE_LOOP('',(#420,#421,#422,#423,#424,#425,#426,#427,#428,#429,#430,
#431,#432,#433,#434,#435,#436,#437,#438,#439,#440,#441,#442,#443));
#1446=EDGE_LOOP('',(#444));
#1447=EDGE_LOOP('',(#445));
#1448=EDGE_LOOP('',(#446));
#1449=EDGE_LOOP('',(#447));
#1450=EDGE_LOOP('',(#448));
#1451=EDGE_LOOP('',(#449));
#1452=EDGE_LOOP('',(#450));
#1453=EDGE_LOOP('',(#451));
#1454=EDGE_LOOP('',(#452,#453,#454,#455,#456));
#1455=EDGE_LOOP('',(#457,#458,#459,#460));
#1456=EDGE_LOOP('',(#461,#462,#463,#464,#465));
#1457=EDGE_LOOP('',(#466,#467,#468,#469));
#1458=EDGE_LOOP('',(#470,#471,#472,#473,#474));
#1459=EDGE_LOOP('',(#475,#476,#477,#478));
#1460=EDGE_LOOP('',(#479,#480,#481,#482,#483));
#1461=EDGE_LOOP('',(#484,#485,#486,#487));
#1462=EDGE_LOOP('',(#488,#489,#490,#491,#492));
#1463=EDGE_LOOP('',(#493,#494,#495,#496));
#1464=EDGE_LOOP('',(#497,#498,#499,#500,#501));
#1465=EDGE_LOOP('',(#502,#503,#504,#505));
#1466=EDGE_LOOP('',(#506,#507,#508,#509,#510,#511));
#1467=EDGE_LOOP('',(#512,#513,#514,#515,#516,#517,#518,#519));
#1468=EDGE_LOOP('',(#520,#521,#522,#523,#524,#525));
#1469=EDGE_LOOP('',(#526,#527,#528,#529,#530,#531,#532,#533));
#1470=EDGE_LOOP('',(#534,#535,#536,#537,#538,#539));
#1471=EDGE_LOOP('',(#540,#541,#542,#543,#544,#545,#546,#547,#548));
#1472=EDGE_LOOP('',(#549,#550,#551,#552,#553,#554,#555));
#1473=EDGE_LOOP('',(#556,#557,#558,#559,#560,#561,#562,#563));
#1474=EDGE_LOOP('',(#564,#565,#566,#567,#568,#569));
#1475=EDGE_LOOP('',(#570,#571,#572,#573,#574,#575));
#1476=EDGE_LOOP('',(#576,#577,#578,#579,#580,#581,#582,#583));
#1477=EDGE_LOOP('',(#584,#585,#586,#587,#588,#589));
#1478=EDGE_LOOP('',(#590,#591,#592,#593,#594,#595));
#1479=EDGE_LOOP('',(#596,#597,#598,#599,#600,#601));
#1480=EDGE_LOOP('',(#602,#603,#604,#605,#606,#607,#608,#609));
#1481=EDGE_LOOP('',(#610,#611,#612,#613,#614,#615));
#1482=EDGE_LOOP('',(#616));
#1483=EDGE_LOOP('',(#617,#618));
#1484=EDGE_LOOP('',(#619));
#1485=EDGE_LOOP('',(#620));
#1486=EDGE_LOOP('',(#621,#622,#623,#624));
#1487=EDGE_LOOP('',(#625));
#1488=EDGE_LOOP('',(#626));
#1489=EDGE_LOOP('',(#627,#628,#629,#630));
#1490=EDGE_LOOP('',(#631));
#1491=EDGE_LOOP('',(#632));
#1492=EDGE_LOOP('',(#633,#634,#635,#636));
#1493=EDGE_LOOP('',(#637));
#1494=EDGE_LOOP('',(#638));
#1495=EDGE_LOOP('',(#639,#640,#641,#642));
#1496=EDGE_LOOP('',(#643));
#1497=EDGE_LOOP('',(#644));
#1498=EDGE_LOOP('',(#645,#646));
#1499=EDGE_LOOP('',(#647));
#1500=FACE_BOUND('',#1368,.T.);
#1501=FACE_BOUND('',#1369,.T.);
#1502=FACE_BOUND('',#1370,.T.);
#1503=FACE_BOUND('',#1371,.T.);
#1504=FACE_BOUND('',#1372,.T.);
#1505=FACE_BOUND('',#1373,.T.);
#1506=FACE_BOUND('',#1374,.T.);
#1507=FACE_BOUND('',#1375,.T.);
#1508=FACE_BOUND('',#1376,.T.);
#1509=FACE_BOUND('',#1377,.T.);
#1510=FACE_BOUND('',#1378,.T.);
#1511=FACE_BOUND('',#1379,.T.);
#1512=FACE_BOUND('',#1380,.T.);
#1513=FACE_BOUND('',#1381,.T.);
#1514=FACE_BOUND('',#1382,.T.);
#1515=FACE_BOUND('',#1383,.T.);
#1516=FACE_BOUND('',#1384,.T.);
#1517=FACE_BOUND('',#1385,.T.);
#1518=FACE_BOUND('',#1386,.T.);
#1519=FACE_BOUND('',#1387,.T.);
#1520=FACE_BOUND('',#1388,.T.);
#1521=FACE_BOUND('',#1389,.T.);
#1522=FACE_BOUND('',#1390,.T.);
#1523=FACE_BOUND('',#1391,.T.);
#1524=FACE_BOUND('',#1392,.T.);
#1525=FACE_BOUND('',#1393,.T.);
#1526=FACE_BOUND('',#1394,.T.);
#1527=FACE_BOUND('',#1395,.T.);
#1528=FACE_BOUND('',#1396,.T.);
#1529=FACE_BOUND('',#1397,.T.);
#1530=FACE_BOUND('',#1398,.T.);
#1531=FACE_BOUND('',#1399,.T.);
#1532=FACE_BOUND('',#1400,.T.);
#1533=FACE_BOUND('',#1401,.T.);
#1534=FACE_BOUND('',#1402,.T.);
#1535=FACE_BOUND('',#1403,.T.);
#1536=FACE_BOUND('',#1404,.T.);
#1537=FACE_BOUND('',#1405,.T.);
#1538=FACE_BOUND('',#1406,.T.);
#1539=FACE_BOUND('',#1407,.T.);
#1540=FACE_BOUND('',#1408,.T.);
#1541=FACE_BOUND('',#1409,.T.);
#1542=FACE_BOUND('',#1410,.T.);
#1543=FACE_BOUND('',#1411,.T.);
#1544=FACE_BOUND('',#1412,.T.);
#1545=FACE_BOUND('',#1413,.T.);
#1546=FACE_BOUND('',#1414,.T.);
#1547=FACE_BOUND('',#1415,.T.);
#1548=FACE_BOUND('',#1416,.T.);
#1549=FACE_BOUND('',#1417,.T.);
#1550=FACE_BOUND('',#1418,.T.);
#1551=FACE_BOUND('',#1419,.T.);
#1552=FACE_BOUND('',#1420,.T.);
#1553=FACE_BOUND('',#1421,.T.);
#1554=FACE_BOUND('',#1422,.T.);
#1555=FACE_BOUND('',#1423,.T.);
#1556=FACE_BOUND('',#1424,.T.);
#1557=FACE_BOUND('',#1425,.T.);
#1558=FACE_BOUND('',#1426,.T.);
#1559=FACE_BOUND('',#1427,.T.);
#1560=FACE_BOUND('',#1428,.T.);
#1561=FACE_BOUND('',#1429,.T.);
#1562=FACE_BOUND('',#1430,.T.);
#1563=FACE_BOUND('',#1431,.T.);
#1564=FACE_BOUND('',#1432,.T.);
#1565=FACE_BOUND('',#1433,.T.);
#1566=FACE_BOUND('',#1434,.T.);
#1567=FACE_BOUND('',#1435,.T.);
#1568=FACE_BOUND('',#1436,.T.);
#1569=FACE_BOUND('',#1437,.T.);
#1570=FACE_BOUND('',#1438,.T.);
#1571=FACE_BOUND('',#1439,.T.);
#1572=FACE_BOUND('',#1440,.T.);
#1573=FACE_BOUND('',#1441,.T.);
#1574=FACE_BOUND('',#1442,.T.);
#1575=FACE_BOUND('',#1443,.T.);
#1576=FACE_BOUND('',#1444,.T.);
#1577=FACE_BOUND('',#1445,.T.);
#1578=FACE_BOUND('',#1446,.T.);
#1579=FACE_BOUND('',#1447,.T.);
#1580=FACE_BOUND('',#1448,.T.);
#1581=FACE_BOUND('',#1449,.T.);
#1582=FACE_BOUND('',#1450,.T.);
#1583=FACE_BOUND('',#1451,.T.);
#1584=FACE_BOUND('',#1452,.T.);
#1585=FACE_BOUND('',#1453,.T.);
#1586=FACE_BOUND('',#1454,.T.);
#1587=FACE_BOUND('',#1455,.T.);
#1588=FACE_BOUND('',#1456,.T.);
#1589=FACE_BOUND('',#1457,.T.);
#1590=FACE_BOUND('',#1458,.T.);
#1591=FACE_BOUND('',#1459,.T.);
#1592=FACE_BOUND('',#1460,.T.);
#1593=FACE_BOUND('',#1461,.T.);
#1594=FACE_BOUND('',#1462,.T.);
#1595=FACE_BOUND('',#1463,.T.);
#1596=FACE_BOUND('',#1464,.T.);
#1597=FACE_BOUND('',#1465,.T.);
#1598=FACE_BOUND('',#1466,.T.);
#1599=FACE_BOUND('',#1467,.T.);
#1600=FACE_BOUND('',#1468,.T.);
#1601=FACE_BOUND('',#1469,.T.);
#1602=FACE_BOUND('',#1470,.T.);
#1603=FACE_BOUND('',#1471,.T.);
#1604=FACE_BOUND('',#1472,.T.);
#1605=FACE_BOUND('',#1473,.T.);
#1606=FACE_BOUND('',#1474,.T.);
#1607=FACE_BOUND('',#1475,.T.);
#1608=FACE_BOUND('',#1476,.T.);
#1609=FACE_BOUND('',#1477,.T.);
#1610=FACE_BOUND('',#1478,.T.);
#1611=FACE_BOUND('',#1479,.T.);
#1612=FACE_BOUND('',#1480,.T.);
#1613=FACE_BOUND('',#1481,.T.);
#1614=FACE_BOUND('',#1482,.T.);
#1615=FACE_BOUND('',#1483,.T.);
#1616=FACE_BOUND('',#1484,.T.);
#1617=FACE_BOUND('',#1485,.T.);
#1618=FACE_BOUND('',#1486,.T.);
#1619=FACE_BOUND('',#1487,.T.);
#1620=FACE_BOUND('',#1488,.T.);
#1621=FACE_BOUND('',#1489,.T.);
#1622=FACE_BOUND('',#1490,.T.);
#1623=FACE_BOUND('',#1491,.T.);
#1624=FACE_BOUND('',#1492,.T.);
#1625=FACE_BOUND('',#1493,.T.);
#1626=FACE_BOUND('',#1494,.T.);
#1627=FACE_BOUND('',#1495,.T.);
#1628=FACE_BOUND('',#1496,.T.);
#1629=FACE_BOUND('',#1497,.T.);
#1630=FACE_BOUND('',#1498,.T.);
#1631=FACE_BOUND('',#1499,.T.);
#1632=CYLINDRICAL_SURFACE('',#1813,0.0075);
#1633=CYLINDRICAL_SURFACE('',#1814,0.003);
#1634=CYLINDRICAL_SURFACE('',#1815,0.0075);
#1635=CYLINDRICAL_SURFACE('',#1816,0.00299999999999996);
#1636=CYLINDRICAL_SURFACE('',#1817,0.0075);
#1637=CYLINDRICAL_SURFACE('',#1818,0.003);
#1638=CYLINDRICAL_SURFACE('',#1819,0.003);
#1639=CYLINDRICAL_SURFACE('',#1822,0.0075);
#1640=CYLINDRICAL_SURFACE('',#1825,0.0075);
#1641=CYLINDRICAL_SURFACE('',#1827,0.0075);
#1642=CYLINDRICAL_SURFACE('',#1832,0.003);
#1643=CYLINDRICAL_SURFACE('',#1833,0.0075);
#1644=CYLINDRICAL_SURFACE('',#1834,0.00299999999999996);
#1645=CYLINDRICAL_SURFACE('',#1835,0.0075);
#1646=CYLINDRICAL_SURFACE('',#1836,0.003);
#1647=CYLINDRICAL_SURFACE('',#1837,0.0075);
#1648=CYLINDRICAL_SURFACE('',#1838,0.003);
#1649=CYLINDRICAL_SURFACE('',#1839,0.0075);
#1650=CYLINDRICAL_SURFACE('',#1840,0.003);
#1651=CYLINDRICAL_SURFACE('',#1841,0.003);
#1652=CYLINDRICAL_SURFACE('',#1851,0.0008);
#1653=CYLINDRICAL_SURFACE('',#1852,0.0075);
#1654=CYLINDRICAL_SURFACE('',#1853,0.0008);
#1655=CYLINDRICAL_SURFACE('',#1854,0.0075);
#1656=CYLINDRICAL_SURFACE('',#1855,0.0008);
#1657=CYLINDRICAL_SURFACE('',#1856,0.0075);
#1658=CYLINDRICAL_SURFACE('',#1857,0.0008);
#1659=CYLINDRICAL_SURFACE('',#1858,0.0075);
#1660=CYLINDRICAL_SURFACE('',#1859,0.0008);
#1661=CYLINDRICAL_SURFACE('',#1860,0.0008);
#1662=CYLINDRICAL_SURFACE('',#1861,0.0075);
#1663=CYLINDRICAL_SURFACE('',#1862,0.003);
#1664=CYLINDRICAL_SURFACE('',#1863,0.0075);
#1665=CYLINDRICAL_SURFACE('',#1864,0.00299999999999996);
#1666=CYLINDRICAL_SURFACE('',#1865,0.0075);
#1667=CYLINDRICAL_SURFACE('',#1866,0.003);
#1668=CYLINDRICAL_SURFACE('',#1867,0.003);
#1669=CYLINDRICAL_SURFACE('',#1870,0.0075);
#1670=CYLINDRICAL_SURFACE('',#1873,0.0075);
#1671=CYLINDRICAL_SURFACE('',#1877,0.0075);
#1672=CYLINDRICAL_SURFACE('',#1878,0.003);
#1673=CYLINDRICAL_SURFACE('',#1879,0.0075);
#1674=CYLINDRICAL_SURFACE('',#1880,0.00299999999999996);
#1675=CYLINDRICAL_SURFACE('',#1881,0.0075);
#1676=CYLINDRICAL_SURFACE('',#1882,0.003);
#1677=CYLINDRICAL_SURFACE('',#1883,0.0075);
#1678=CYLINDRICAL_SURFACE('',#1884,0.003);
#1679=CYLINDRICAL_SURFACE('',#1885,0.003);
#1680=CYLINDRICAL_SURFACE('',#1886,0.003);
#1681=CYLINDRICAL_SURFACE('',#1896,0.0075);
#1682=CYLINDRICAL_SURFACE('',#1897,0.0008);
#1683=CYLINDRICAL_SURFACE('',#1898,0.0075);
#1684=CYLINDRICAL_SURFACE('',#1899,0.0008);
#1685=CYLINDRICAL_SURFACE('',#1900,0.0075);
#1686=CYLINDRICAL_SURFACE('',#1901,0.0008);
#1687=CYLINDRICAL_SURFACE('',#1902,0.0075);
#1688=CYLINDRICAL_SURFACE('',#1903,0.0008);
#1689=CYLINDRICAL_SURFACE('',#1904,0.0008);
#1690=CYLINDRICAL_SURFACE('',#1905,0.0008);
#1691=ADVANCED_FACE('',(#1500),#1632,.T.);
#1692=ADVANCED_FACE('',(#1501),#1633,.T.);
#1693=ADVANCED_FACE('',(#1502),#1634,.T.);
#1694=ADVANCED_FACE('',(#1503),#1635,.T.);
#1695=ADVANCED_FACE('',(#1504),#1636,.T.);
#1696=ADVANCED_FACE('',(#1505),#1637,.T.);
#1697=ADVANCED_FACE('',(#1506),#48,.T.);
#1698=ADVANCED_FACE('',(#1507),#1638,.T.);
#1699=ADVANCED_FACE('',(#1508,#1509),#49,.T.);
#1700=ADVANCED_FACE('',(#1510,#1511),#1639,.T.);
#1701=ADVANCED_FACE('',(#1512,#1513),#50,.T.);
#1702=ADVANCED_FACE('',(#1514,#1515),#1640,.T.);
#1703=ADVANCED_FACE('',(#1516,#1517),#1641,.T.);
#1704=ADVANCED_FACE('',(#1518,#1519),#16,.T.);
#1705=ADVANCED_FACE('',(#1520),#14,.T.);
#1706=ADVANCED_FACE('',(#1521),#1642,.T.);
#1707=ADVANCED_FACE('',(#1522),#1643,.T.);
#1708=ADVANCED_FACE('',(#1523),#1644,.T.);
#1709=ADVANCED_FACE('',(#1524),#1645,.T.);
#1710=ADVANCED_FACE('',(#1525),#1646,.T.);
#1711=ADVANCED_FACE('',(#1526),#1647,.T.);
#1712=ADVANCED_FACE('',(#1527),#1648,.T.);
#1713=ADVANCED_FACE('',(#1528),#1649,.T.);
#1714=ADVANCED_FACE('',(#1529),#1650,.T.);
#1715=ADVANCED_FACE('',(#1530),#51,.T.);
#1716=ADVANCED_FACE('',(#1531),#1651,.T.);
#1717=ADVANCED_FACE('',(#1532),#52,.T.);
#1718=ADVANCED_FACE('',(#1533),#53,.T.);
#1719=ADVANCED_FACE('',(#1534),#54,.T.);
#1720=ADVANCED_FACE('',(#1535),#55,.T.);
#1721=ADVANCED_FACE('',(#1536),#56,.T.);
#1722=ADVANCED_FACE('',(#1537),#57,.T.);
#1723=ADVANCED_FACE('',(#1538),#58,.T.);
#1724=ADVANCED_FACE('',(#1539),#59,.T.);
#1725=ADVANCED_FACE('',(#1540),#60,.T.);
#1726=ADVANCED_FACE('',(#1541),#61,.T.);
#1727=ADVANCED_FACE('',(#1542),#62,.T.);
#1728=ADVANCED_FACE('',(#1543),#12,.T.);
#1729=ADVANCED_FACE('',(#1544),#63,.T.);
#1730=ADVANCED_FACE('',(#1545),#64,.T.);
#1731=ADVANCED_FACE('',(#1546),#65,.T.);
#1732=ADVANCED_FACE('',(#1547),#66,.T.);
#1733=ADVANCED_FACE('',(#1548),#67,.T.);
#1734=ADVANCED_FACE('',(#1549,#1550),#1652,.T.);
#1735=ADVANCED_FACE('',(#1551),#1653,.T.);
#1736=ADVANCED_FACE('',(#1552,#1553),#1654,.T.);
#1737=ADVANCED_FACE('',(#1554),#1655,.T.);
#1738=ADVANCED_FACE('',(#1555,#1556),#1656,.T.);
#1739=ADVANCED_FACE('',(#1557),#1657,.T.);
#1740=ADVANCED_FACE('',(#1558,#1559),#1658,.T.);
#1741=ADVANCED_FACE('',(#1560),#1659,.T.);
#1742=ADVANCED_FACE('',(#1561,#1562),#1660,.T.);
#1743=ADVANCED_FACE('',(#1563),#68,.T.);
#1744=ADVANCED_FACE('',(#1564,#1565),#1661,.T.);
#1745=ADVANCED_FACE('',(#1566),#69,.T.);
#1746=ADVANCED_FACE('',(#1567),#1662,.T.);
#1747=ADVANCED_FACE('',(#1568),#1663,.T.);
#1748=ADVANCED_FACE('',(#1569),#1664,.T.);
#1749=ADVANCED_FACE('',(#1570),#1665,.T.);
#1750=ADVANCED_FACE('',(#1571),#1666,.T.);
#1751=ADVANCED_FACE('',(#1572),#1667,.T.);
#1752=ADVANCED_FACE('',(#1573),#70,.F.);
#1753=ADVANCED_FACE('',(#1574),#1668,.T.);
#1754=ADVANCED_FACE('',(#1575,#1576),#71,.F.);
#1755=ADVANCED_FACE('',(#1577,#1578),#1669,.T.);
#1756=ADVANCED_FACE('',(#1579,#1580),#72,.F.);
#1757=ADVANCED_FACE('',(#1581,#1582),#1670,.T.);
#1758=ADVANCED_FACE('',(#1583,#1584),#17,.T.);
#1759=ADVANCED_FACE('',(#1585),#15,.T.);
#1760=ADVANCED_FACE('',(#1586),#1671,.T.);
#1761=ADVANCED_FACE('',(#1587),#1672,.T.);
#1762=ADVANCED_FACE('',(#1588),#1673,.T.);
#1763=ADVANCED_FACE('',(#1589),#1674,.T.);
#1764=ADVANCED_FACE('',(#1590),#1675,.T.);
#1765=ADVANCED_FACE('',(#1591),#1676,.T.);
#1766=ADVANCED_FACE('',(#1592),#1677,.T.);
#1767=ADVANCED_FACE('',(#1593),#1678,.T.);
#1768=ADVANCED_FACE('',(#1594),#73,.F.);
#1769=ADVANCED_FACE('',(#1595),#1679,.T.);
#1770=ADVANCED_FACE('',(#1596),#74,.F.);
#1771=ADVANCED_FACE('',(#1597),#1680,.T.);
#1772=ADVANCED_FACE('',(#1598),#75,.F.);
#1773=ADVANCED_FACE('',(#1599),#76,.F.);
#1774=ADVANCED_FACE('',(#1600),#77,.F.);
#1775=ADVANCED_FACE('',(#1601),#78,.F.);
#1776=ADVANCED_FACE('',(#1602),#79,.F.);
#1777=ADVANCED_FACE('',(#1603),#13,.T.);
#1778=ADVANCED_FACE('',(#1604),#80,.F.);
#1779=ADVANCED_FACE('',(#1605),#81,.F.);
#1780=ADVANCED_FACE('',(#1606),#82,.F.);
#1781=ADVANCED_FACE('',(#1607),#83,.F.);
#1782=ADVANCED_FACE('',(#1608),#84,.F.);
#1783=ADVANCED_FACE('',(#1609),#85,.F.);
#1784=ADVANCED_FACE('',(#1610),#86,.F.);
#1785=ADVANCED_FACE('',(#1611),#87,.F.);
#1786=ADVANCED_FACE('',(#1612),#88,.F.);
#1787=ADVANCED_FACE('',(#1613),#89,.F.);
#1788=ADVANCED_FACE('',(#1614),#1681,.T.);
#1789=ADVANCED_FACE('',(#1615,#1616),#1682,.T.);
#1790=ADVANCED_FACE('',(#1617),#1683,.T.);
#1791=ADVANCED_FACE('',(#1618,#1619),#1684,.T.);
#1792=ADVANCED_FACE('',(#1620),#1685,.T.);
#1793=ADVANCED_FACE('',(#1621,#1622),#1686,.T.);
#1794=ADVANCED_FACE('',(#1623),#1687,.T.);
#1795=ADVANCED_FACE('',(#1624,#1625),#1688,.T.);
#1796=ADVANCED_FACE('',(#1626),#90,.F.);
#1797=ADVANCED_FACE('',(#1627,#1628),#1689,.T.);
#1798=ADVANCED_FACE('',(#1629),#91,.F.);
#1799=ADVANCED_FACE('',(#1630,#1631),#1690,.T.);
#1800=CLOSED_SHELL('',(#1691,#1692,#1693,#1694,#1695,#1696,#1697,#1698,
#1699,#1700,#1701,#1702,#1703,#1704,#1705,#1706,#1707,#1708,#1709,#1710,
#1711,#1712,#1713,#1714,#1715,#1716,#1717,#1718,#1719,#1720,#1721,#1722,
#1723,#1724,#1725,#1726,#1727,#1728,#1729,#1730,#1731,#1732,#1733,#1734,
#1735,#1736,#1737,#1738,#1739,#1740,#1741,#1742,#1743,#1744,#1745,#1746,
#1747,#1748,#1749,#1750,#1751,#1752,#1753,#1754,#1755,#1756,#1757,#1758,
#1759,#1760,#1761,#1762,#1763,#1764,#1765,#1766,#1767,#1768,#1769,#1770,
#1771,#1772,#1773,#1774,#1775,#1776,#1777,#1778,#1779,#1780,#1781,#1782,
#1783,#1784,#1785,#1786,#1787,#1788,#1789,#1790,#1791,#1792,#1793,#1794,
#1795,#1796,#1797,#1798,#1799));
#1801=STYLED_ITEM('',(#1802),#1809);
#1802=PRESENTATION_STYLE_ASSIGNMENT((#1803));
#1803=SURFACE_STYLE_USAGE(.BOTH.,#1804);
#1804=SURFACE_SIDE_STYLE('',(#1805));
#1805=SURFACE_STYLE_FILL_AREA(#1806);
#1806=FILL_AREA_STYLE('',(#1807));
#1807=FILL_AREA_STYLE_COLOUR('',#1808);
#1808=COLOUR_RGB('',1.,0.647058823529412,0.);
#1809=MANIFOLD_SOLID_BREP('Part 128 RIB hull',#1800);
#1810=SHAPE_DEFINITION_REPRESENTATION(#5698,#1811);
#1811=SHAPE_REPRESENTATION('Part 128 RIB hull',(#1812),#5693);
#1812=AXIS2_PLACEMENT_3D('',#2094,#1906,#1907);
#1813=AXIS2_PLACEMENT_3D('',#2095,#1908,#1909);
#1814=AXIS2_PLACEMENT_3D('',#2125,#1910,#1911);
#1815=AXIS2_PLACEMENT_3D('',#2160,#1912,#1913);
#1816=AXIS2_PLACEMENT_3D('',#2190,#1914,#1915);
#1817=AXIS2_PLACEMENT_3D('',#2222,#1916,#1917);
#1818=AXIS2_PLACEMENT_3D('',#2252,#1918,#1919);
#1819=AXIS2_PLACEMENT_3D('',#2340,#1920,#1921);
#1820=AXIS2_PLACEMENT_3D('',#2495,#1922,#1923);
#1821=AXIS2_PLACEMENT_3D('',#2559,#1924,#1925);
#1822=AXIS2_PLACEMENT_3D('',#2561,#1926,#1927);
#1823=AXIS2_PLACEMENT_3D('',#2562,#1928,#1929);
#1824=AXIS2_PLACEMENT_3D('',#2564,#1930,#1931);
#1825=AXIS2_PLACEMENT_3D('',#2650,#1932,#1933);
#1826=AXIS2_PLACEMENT_3D('',#2780,#1934,#1935);
#1827=AXIS2_PLACEMENT_3D('',#2782,#1936,#1937);
#1828=AXIS2_PLACEMENT_3D('',#2783,#1938,#1939);
#1829=AXIS2_PLACEMENT_3D('',#2785,#1940,#1941);
#1830=AXIS2_PLACEMENT_3D('',#2786,#1942,#1943);
#1831=AXIS2_PLACEMENT_3D('',#2788,#1944,#1945);
#1832=AXIS2_PLACEMENT_3D('',#2789,#1946,#1947);
#1833=AXIS2_PLACEMENT_3D('',#2798,#1948,#1949);
#1834=AXIS2_PLACEMENT_3D('',#2821,#1950,#1951);
#1835=AXIS2_PLACEMENT_3D('',#2830,#1952,#1953);
#1836=AXIS2_PLACEMENT_3D('',#2853,#1954,#1955);
#1837=AXIS2_PLACEMENT_3D('',#2862,#1956,#1957);
#1838=AXIS2_PLACEMENT_3D('',#2885,#1958,#1959);
#1839=AXIS2_PLACEMENT_3D('',#2910,#1960,#1961);
#1840=AXIS2_PLACEMENT_3D('',#2937,#1962,#1963);
#1841=AXIS2_PLACEMENT_3D('',#3032,#1964,#1965);
#1842=AXIS2_PLACEMENT_3D('',#3151,#1966,#1967);
#1843=AXIS2_PLACEMENT_3D('',#3208,#1968,#1969);
#1844=AXIS2_PLACEMENT_3D('',#3275,#1970,#1971);
#1845=AXIS2_PLACEMENT_3D('',#3309,#1972,#1973);
#1846=AXIS2_PLACEMENT_3D('',#3399,#1974,#1975);
#1847=AXIS2_PLACEMENT_3D('',#3433,#1976,#1977);
#1848=AXIS2_PLACEMENT_3D('',#3591,#1978,#1979);
#1849=AXIS2_PLACEMENT_3D('',#3681,#1980,#1981);
#1850=AXIS2_PLACEMENT_3D('',#3724,#1982,#1983);
#1851=AXIS2_PLACEMENT_3D('',#3758,#1984,#1985);
#1852=AXIS2_PLACEMENT_3D('',#3771,#1986,#1987);
#1853=AXIS2_PLACEMENT_3D('',#3772,#1988,#1989);
#1854=AXIS2_PLACEMENT_3D('',#3785,#1990,#1991);
#1855=AXIS2_PLACEMENT_3D('',#3786,#1992,#1993);
#1856=AXIS2_PLACEMENT_3D('',#3799,#1994,#1995);
#1857=AXIS2_PLACEMENT_3D('',#3800,#1996,#1997);
#1858=AXIS2_PLACEMENT_3D('',#3813,#1998,#1999);
#1859=AXIS2_PLACEMENT_3D('',#3814,#2000,#2001);
#1860=AXIS2_PLACEMENT_3D('',#3855,#2002,#2003);
#1861=AXIS2_PLACEMENT_3D('',#3896,#2004,#2005);
#1862=AXIS2_PLACEMENT_3D('',#3926,#2006,#2007);
#1863=AXIS2_PLACEMENT_3D('',#3961,#2008,#2009);
#1864=AXIS2_PLACEMENT_3D('',#3991,#2010,#2011);
#1865=AXIS2_PLACEMENT_3D('',#4023,#2012,#2013);
#1866=AXIS2_PLACEMENT_3D('',#4053,#2014,#2015);
#1867=AXIS2_PLACEMENT_3D('',#4141,#2016,#2017);
#1868=AXIS2_PLACEMENT_3D('',#4353,#2018,#2019);
#1869=AXIS2_PLACEMENT_3D('',#4360,#2020,#2021);
#1870=AXIS2_PLACEMENT_3D('',#4362,#2022,#2023);
#1871=AXIS2_PLACEMENT_3D('',#4492,#2024,#2025);
#1872=AXIS2_PLACEMENT_3D('',#4578,#2026,#2027);
#1873=AXIS2_PLACEMENT_3D('',#4580,#2028,#2029);
#1874=AXIS2_PLACEMENT_3D('',#4581,#2030,#2031);
#1875=AXIS2_PLACEMENT_3D('',#4582,#2032,#2033);
#1876=AXIS2_PLACEMENT_3D('',#4584,#2034,#2035);
#1877=AXIS2_PLACEMENT_3D('',#4585,#2036,#2037);
#1878=AXIS2_PLACEMENT_3D('',#4608,#2038,#2039);
#1879=AXIS2_PLACEMENT_3D('',#4617,#2040,#2041);
#1880=AXIS2_PLACEMENT_3D('',#4640,#2042,#2043);
#1881=AXIS2_PLACEMENT_3D('',#4649,#2044,#2045);
#1882=AXIS2_PLACEMENT_3D('',#4672,#2046,#2047);
#1883=AXIS2_PLACEMENT_3D('',#4681,#2048,#2049);
#1884=AXIS2_PLACEMENT_3D('',#4724,#2050,#2051);
#1885=AXIS2_PLACEMENT_3D('',#4819,#2052,#2053);
#1886=AXIS2_PLACEMENT_3D('',#4905,#2054,#2055);
#1887=AXIS2_PLACEMENT_3D('',#4947,#2056,#2057);
#1888=AXIS2_PLACEMENT_3D('',#4990,#2058,#2059);
#1889=AXIS2_PLACEMENT_3D('',#5080,#2060,#2061);
#1890=AXIS2_PLACEMENT_3D('',#5238,#2062,#2063);
#1891=AXIS2_PLACEMENT_3D('',#5239,#2064,#2065);
#1892=AXIS2_PLACEMENT_3D('',#5362,#2066,#2067);
#1893=AXIS2_PLACEMENT_3D('',#5363,#2068,#2069);
#1894=AXIS2_PLACEMENT_3D('',#5463,#2070,#2071);
#1895=AXIS2_PLACEMENT_3D('',#5520,#2072,#2073);
#1896=AXIS2_PLACEMENT_3D('',#5554,#2074,#2075);
#1897=AXIS2_PLACEMENT_3D('',#5567,#2076,#2077);
#1898=AXIS2_PLACEMENT_3D('',#5568,#2078,#2079);
#1899=AXIS2_PLACEMENT_3D('',#5581,#2080,#2081);
#1900=AXIS2_PLACEMENT_3D('',#5582,#2082,#2083);
#1901=AXIS2_PLACEMENT_3D('',#5595,#2084,#2085);
#1902=AXIS2_PLACEMENT_3D('',#5596,#2086,#2087);
#1903=AXIS2_PLACEMENT_3D('',#5609,#2088,#2089);
#1904=AXIS2_PLACEMENT_3D('',#5650,#2090,#2091);
#1905=AXIS2_PLACEMENT_3D('',#5691,#2092,#2093);
#1906=DIRECTION('',(0.,0.,1.));
#1907=DIRECTION('',(1.,0.,0.));
#1908=DIRECTION('',(0.,1.,0.));
#1909=DIRECTION('',(0.,0.,1.));
#1910=DIRECTION('',(0.,0.,1.));
#1911=DIRECTION('',(1.,0.,0.));
#1912=DIRECTION('',(0.,1.,0.));
#1913=DIRECTION('',(0.,0.,1.));
#1914=DIRECTION('',(0.,0.,1.));
#1915=DIRECTION('',(1.,0.,0.));
#1916=DIRECTION('',(0.,1.,0.));
#1917=DIRECTION('',(0.,0.,1.));
#1918=DIRECTION('',(0.,0.,1.));
#1919=DIRECTION('',(1.,0.,0.));
#1920=DIRECTION('',(0.,0.,1.));
#1921=DIRECTION('',(1.,0.,0.));
#1922=DIRECTION('',(0.,-1.,0.));
#1923=DIRECTION('',(0.,0.,-1.));
#1924=DIRECTION('',(0.469234726670744,-0.861704611096865,-0.193090482677508));
#1925=DIRECTION('',(-0.0388271451720638,0.198313707491813,-0.979369249169402));
#1926=DIRECTION('',(-0.549786618473402,0.815092181559272,0.182645584968619));
#1927=DIRECTION('',(-0.829037572555042,-0.559192903470747,0.));
#1928=DIRECTION('',(0.549786618473402,-0.815092181559271,-0.182645584968619));
#1929=DIRECTION('',(-0.0367268575036774,0.194857689967952,-0.980143672426781));
#1930=DIRECTION('',(-0.880280244715682,0.46297311932891,0.103742862608266));
#1931=DIRECTION('',(0.474454097635692,0.858978967218381,0.192479721303685));
#1932=DIRECTION('',(0.,1.,0.));
#1933=DIRECTION('',(0.,0.,1.));
#1934=DIRECTION('',(0.,-1.,0.));
#1935=DIRECTION('',(0.,0.,-1.));
#1936=DIRECTION('',(-1.,0.,0.));
#1937=DIRECTION('',(0.,0.,1.));
#1938=DIRECTION('',(-0.880280244715682,-0.46297311932891,-0.103742862608266));
#1939=DIRECTION('',(-0.474454097635692,0.858978967218381,0.192479721303685));
#1940=DIRECTION('',(0.,1.,0.));
#1941=DIRECTION('',(0.,0.,-1.));
#1942=DIRECTION('',(0.,-1.,0.));
#1943=DIRECTION('',(0.,0.,-1.));
#1944=DIRECTION('',(0.,-1.,0.));
#1945=DIRECTION('',(1.,0.,0.));
#1946=DIRECTION('',(0.,0.,1.));
#1947=DIRECTION('',(1.,0.,0.));
#1948=DIRECTION('',(0.,1.,0.));
#1949=DIRECTION('',(0.,0.,1.));
#1950=DIRECTION('',(0.,0.,1.));
#1951=DIRECTION('',(1.,0.,0.));
#1952=DIRECTION('',(0.,1.,0.));
#1953=DIRECTION('',(0.,0.,1.));
#1954=DIRECTION('',(0.,0.,1.));
#1955=DIRECTION('',(1.,0.,0.));
#1956=DIRECTION('',(0.,1.,0.));
#1957=DIRECTION('',(0.,0.,1.));
#1958=DIRECTION('',(0.,0.,1.));
#1959=DIRECTION('',(1.,0.,0.));
#1960=DIRECTION('',(0.,1.,0.));
#1961=DIRECTION('',(0.,0.,1.));
#1962=DIRECTION('',(0.,0.,1.));
#1963=DIRECTION('',(1.,0.,0.));
#1964=DIRECTION('',(0.,0.,1.));
#1965=DIRECTION('',(1.,0.,0.));
#1966=DIRECTION('',(0.594973659062657,-0.802953170767762,-0.0356728268516922));
#1967=DIRECTION('',(-0.0108637474986368,0.0363452173165558,-0.999280243059222));
#1968=DIRECTION('',(0.0539121057878381,-0.998028527332965,0.0321332145779658));
#1969=DIRECTION('',(-0.0105767897925565,-0.032748960937961,-0.999407643094232));
#1970=DIRECTION('',(0.512306499156095,-0.858644319884908,-0.0164919026134024));
#1971=DIRECTION('',(-0.00787868856167018,0.0145035055963992,-0.999863778017767));
#1972=DIRECTION('',(0.0538879576798395,-0.99795179432371,0.0344717888016232));
#1973=DIRECTION('',(-0.0110908098013768,-0.0351179941425391,-0.99932163011983));
#1974=DIRECTION('',(0.446812430316253,-0.894584897562484,-0.00874718057458172));
#1975=DIRECTION('',(-0.005769172424618,0.00689603533117678,-0.999959579856228));
#1976=DIRECTION('',(0.218891670814994,-0.975740549018976,0.00410090818821362));
#1977=DIRECTION('',(-0.00564994839345132,-0.00547021236829768,-0.99996907695178));
#1978=DIRECTION('',(0.61321855834191,-0.788461168135141,-0.0478746911012402));
#1979=DIRECTION('',(-0.0182530846295662,0.0464473185650643,-0.998753959441273));
#1980=DIRECTION('',(0.699617277372339,-0.702006815661692,-0.133124362784008));
#1981=DIRECTION('',(-0.033260547591987,0.154114908671194,-0.98749295232885));
#1982=DIRECTION('',(0.187088675829972,-0.982191265162464,-0.0172669051872996));
#1983=DIRECTION('',(-0.0118325964665712,0.0153228040268857,-0.99981258310626));
#1984=DIRECTION('',(0.,0.,1.));
#1985=DIRECTION('',(1.,0.,0.));
#1986=DIRECTION('',(0.,1.,0.));
#1987=DIRECTION('',(0.,0.,1.));
#1988=DIRECTION('',(0.,0.,1.));
#1989=DIRECTION('',(1.,0.,0.));
#1990=DIRECTION('',(0.,1.,0.));
#1991=DIRECTION('',(0.,0.,1.));
#1992=DIRECTION('',(0.,0.,1.));
#1993=DIRECTION('',(1.,0.,0.));
#1994=DIRECTION('',(0.,1.,0.));
#1995=DIRECTION('',(0.,0.,1.));
#1996=DIRECTION('',(0.,0.,1.));
#1997=DIRECTION('',(1.,0.,0.));
#1998=DIRECTION('',(0.,1.,0.));
#1999=DIRECTION('',(0.,0.,1.));
#2000=DIRECTION('',(0.,0.,1.));
#2001=DIRECTION('',(1.,0.,0.));
#2002=DIRECTION('',(0.,0.,1.));
#2003=DIRECTION('',(1.,0.,0.));
#2004=DIRECTION('',(0.,1.,0.));
#2005=DIRECTION('',(0.,0.,1.));
#2006=DIRECTION('',(0.,0.,1.));
#2007=DIRECTION('',(-1.,0.,0.));
#2008=DIRECTION('',(0.,1.,0.));
#2009=DIRECTION('',(0.,0.,1.));
#2010=DIRECTION('',(0.,0.,1.));
#2011=DIRECTION('',(-1.,0.,0.));
#2012=DIRECTION('',(0.,1.,0.));
#2013=DIRECTION('',(0.,0.,1.));
#2014=DIRECTION('',(0.,0.,1.));
#2015=DIRECTION('',(-1.,0.,0.));
#2016=DIRECTION('',(0.,0.,1.));
#2017=DIRECTION('',(-1.,0.,0.));
#2018=DIRECTION('',(0.,1.,0.));
#2019=DIRECTION('',(0.,0.,-1.));
#2020=DIRECTION('',(0.469234726670744,0.861704611096865,0.193090482677508));
#2021=DIRECTION('',(0.0388271451720638,0.198313707491813,-0.979369249169402));
#2022=DIRECTION('',(0.,1.,0.));
#2023=DIRECTION('',(0.,0.,1.));
#2024=DIRECTION('',(0.,1.,0.));
#2025=DIRECTION('',(0.,0.,-1.));
#2026=DIRECTION('',(0.549786618473402,0.815092181559271,0.182645584968619));
#2027=DIRECTION('',(0.0367268575036774,0.194857689967952,-0.980143672426781));
#2028=DIRECTION('',(0.549786618473402,0.815092181559272,0.182645584968619));
#2029=DIRECTION('',(0.829037572555042,-0.559192903470747,0.));
#2030=DIRECTION('',(0.,1.,0.));
#2031=DIRECTION('',(0.,0.,-1.));
#2032=DIRECTION('',(0.,1.,0.));
#2033=DIRECTION('',(0.,0.,-1.));
#2034=DIRECTION('',(0.,-1.,0.));
#2035=DIRECTION('',(-1.,0.,0.));
#2036=DIRECTION('',(0.,1.,0.));
#2037=DIRECTION('',(0.,0.,1.));
#2038=DIRECTION('',(0.,0.,1.));
#2039=DIRECTION('',(-1.,0.,0.));
#2040=DIRECTION('',(0.,1.,0.));
#2041=DIRECTION('',(0.,0.,1.));
#2042=DIRECTION('',(0.,0.,1.));
#2043=DIRECTION('',(-1.,0.,0.));
#2044=DIRECTION('',(0.,1.,0.));
#2045=DIRECTION('',(0.,0.,1.));
#2046=DIRECTION('',(0.,0.,1.));
#2047=DIRECTION('',(-1.,0.,0.));
#2048=DIRECTION('',(0.,1.,0.));
#2049=DIRECTION('',(0.,0.,1.));
#2050=DIRECTION('',(0.,0.,1.));
#2051=DIRECTION('',(-1.,0.,0.));
#2052=DIRECTION('',(0.,0.,1.));
#2053=DIRECTION('',(-1.,0.,0.));
#2054=DIRECTION('',(0.,0.,1.));
#2055=DIRECTION('',(-1.,0.,0.));
#2056=DIRECTION('',(0.187088675829972,0.982191265162464,0.0172669051872996));
#2057=DIRECTION('',(0.0118325964665712,0.0153228040268857,-0.99981258310626));
#2058=DIRECTION('',(0.699617277372339,0.702006815661692,0.133124362784008));
#2059=DIRECTION('',(0.033260547591987,0.154114908671194,-0.98749295232885));
#2060=DIRECTION('',(0.61321855834191,0.788461168135141,0.0478746911012402));
#2061=DIRECTION('',(0.0182530846295662,0.0464473185650643,-0.998753959441273));
#2062=DIRECTION('',(0.218891670814994,0.975740549018976,-0.00410090818821362));
#2063=DIRECTION('',(0.00564994839345132,-0.00547021236829768,-0.99996907695178));
#2064=DIRECTION('',(0.446812430316253,0.894584897562484,0.00874718057458172));
#2065=DIRECTION('',(0.005769172424618,0.00689603533117678,-0.999959579856228));
#2066=DIRECTION('',(0.0538879576798395,0.99795179432371,-0.0344717888016232));
#2067=DIRECTION('',(0.0110908098013768,-0.0351179941425391,-0.99932163011983));
#2068=DIRECTION('',(0.512306499156095,0.858644319884908,0.0164919026134024));
#2069=DIRECTION('',(0.00787868856167018,0.0145035055963992,-0.999863778017767));
#2070=DIRECTION('',(0.0539121057878381,0.998028527332965,-0.0321332145779658));
#2071=DIRECTION('',(0.0105767897925565,-0.032748960937961,-0.999407643094232));
#2072=DIRECTION('',(0.594973659062657,0.802953170767762,0.0356728268516922));
#2073=DIRECTION('',(0.0108637474986368,0.0363452173165558,-0.999280243059222));
#2074=DIRECTION('',(0.,1.,0.));
#2075=DIRECTION('',(0.,0.,1.));
#2076=DIRECTION('',(0.,0.,1.));
#2077=DIRECTION('',(-1.,0.,0.));
#2078=DIRECTION('',(0.,1.,0.));
#2079=DIRECTION('',(0.,0.,1.));
#2080=DIRECTION('',(0.,0.,1.));
#2081=DIRECTION('',(-1.,0.,0.));
#2082=DIRECTION('',(0.,1.,0.));
#2083=DIRECTION('',(0.,0.,1.));
#2084=DIRECTION('',(0.,0.,1.));
#2085=DIRECTION('',(-1.,0.,0.));
#2086=DIRECTION('',(0.,1.,0.));
#2087=DIRECTION('',(0.,0.,1.));
#2088=DIRECTION('',(0.,0.,1.));
#2089=DIRECTION('',(-1.,0.,0.));
#2090=DIRECTION('',(0.,0.,1.));
#2091=DIRECTION('',(-1.,0.,0.));
#2092=DIRECTION('',(0.,0.,1.));
#2093=DIRECTION('',(-1.,0.,0.));
#2094=CARTESIAN_POINT('',(0.,0.,0.));
#2095=CARTESIAN_POINT('',(0.027,-0.0454579740500385,0.00016));
#2096=CARTESIAN_POINT('',(0.027316157033815,0.0319888687484983,0.00765333335238526));
#2097=CARTESIAN_POINT('',(0.0275814349444456,0.0321029959243488,0.00764214080650247));
#2098=CARTESIAN_POINT('',(0.0279682196925764,0.0326497521020225,0.00759690592618963));
#2099=CARTESIAN_POINT('',(0.027672653511688,0.0332464515848145,0.007633907080882));
#2100=CARTESIAN_POINT('',(0.0274245569010345,0.0334017958366474,0.00764797378719931));
#2101=CARTESIAN_POINT('',(0.027316157033815,0.0319888687484983,0.00765333335238526));
#2102=CARTESIAN_POINT('',(0.0274245569010345,0.0334017958366474,0.00764797378719931));
#2103=CARTESIAN_POINT('',(0.0276279250074875,0.0298468820987086,0.00763366778663382));
#2104=CARTESIAN_POINT('',(0.0275363638170974,0.0305625986070624,0.00764136060397634));
#2105=CARTESIAN_POINT('',(0.0274324324036139,0.0312767249116252,0.00764842748816001));
#2106=CARTESIAN_POINT('',(0.027316157033815,0.0319888687484983,0.00765333335238526));
#2107=CARTESIAN_POINT('',(0.0276279250074873,0.0298468820987085,0.00763366778663085));
#2108=CARTESIAN_POINT('',(0.0276349587312297,0.0297917114179333,0.00763307349151841));
#2109=CARTESIAN_POINT('',(0.0276326221007294,0.0298101026529517,0.00763327202615607));
#2110=CARTESIAN_POINT('',(0.0276302775293542,0.0298284928802083,0.00763347013170117));
#2111=CARTESIAN_POINT('',(0.0276279250074875,0.0298468820987086,0.00763366778663485));
#2112=CARTESIAN_POINT('',(0.0276349587312297,0.0297917114179332,0.00763307349151841));
#2113=CARTESIAN_POINT('',(0.0280745729814412,0.0355246911081862,0.00758262035318772));
#2114=CARTESIAN_POINT('',(0.0286725539760901,0.0352952777424579,0.00749605062582869));
#2115=CARTESIAN_POINT('',(0.0297045258117233,0.0344571707244837,0.00718371298860439));
#2116=CARTESIAN_POINT('',(0.0302077700827997,0.0324686648039602,0.00693439072771332));
#2117=CARTESIAN_POINT('',(0.0294095753410641,0.0306069154131028,0.00730578677171879));
#2118=CARTESIAN_POINT('',(0.0282681560022217,0.0299288360356943,0.00757927311925344));
#2119=CARTESIAN_POINT('',(0.0276349587312297,0.0297917114179333,0.00763307349151841));
#2120=CARTESIAN_POINT('',(0.0280745729814412,0.0355246911081862,0.00758262035318772));
#2121=CARTESIAN_POINT('',(0.0274245569010345,0.0334017958366474,0.00764797378719931));
#2122=CARTESIAN_POINT('',(0.0276540739685011,0.0341056537101617,0.00763496051315918));
#2123=CARTESIAN_POINT('',(0.0278713308451542,0.0348132910100501,0.00761204372363541));
#2124=CARTESIAN_POINT('',(0.0280745729814412,0.0355246911081862,0.00758262035318772));
#2125=CARTESIAN_POINT('',(0.027,0.0327237461055922,-0.007502));
#2126=CARTESIAN_POINT('',(0.0277722012016928,0.0356226606100411,0.00746014110483876));
#2127=CARTESIAN_POINT('',(0.0277308292259381,0.0356336811107648,0.00750286697406122));
#2128=CARTESIAN_POINT('',(0.0277102909088511,0.0356384537033256,0.00756593349647001));
#2129=CARTESIAN_POINT('',(0.0277159162576228,0.0356370713383926,0.00762575273579774));
#2130=CARTESIAN_POINT('',(0.0277722012016928,0.0356226606100412,0.00746014110483874));
#2131=CARTESIAN_POINT('',(0.0277159162576228,0.0356370713383926,0.00762575273579774));
#2132=CARTESIAN_POINT('',(0.0277722012016927,0.0356226606100411,0.00746014110483872));
#2133=CARTESIAN_POINT('',(0.0273468015612848,0.0357359768575602,0.00750417433543132));
#2134=CARTESIAN_POINT('',(0.0264330599875693,0.0357716706895984,0.007519048875352));
#2135=CARTESIAN_POINT('',(0.0251953969608107,0.035238388801296,0.00730819554774411));
#2136=CARTESIAN_POINT('',(0.0243085739119327,0.0342540918374611,0.00701159107303701));
#2137=CARTESIAN_POINT('',(0.0239082822262725,0.032959077071181,0.00683194235838307));
#2138=CARTESIAN_POINT('',(0.0241095292393129,0.0316091797883815,0.00692614238997229));
#2139=CARTESIAN_POINT('',(0.0248475765557134,0.0305001659594199,0.00720744032090444));
#2140=CARTESIAN_POINT('',(0.025984360161738,0.0297960708359058,0.00746856440664564));
#2141=CARTESIAN_POINT('',(0.0268912948561693,0.0296934485443002,0.00751203876201602));
#2142=CARTESIAN_POINT('',(0.0273296681628945,0.0297419146377903,0.00749275109037888));
#2143=CARTESIAN_POINT('',(0.0273296681628944,0.0297419146377903,0.00749275109037887));
#2144=CARTESIAN_POINT('',(0.0272622098760348,0.0297352270775601,0.00765541499724397));
#2145=CARTESIAN_POINT('',(0.0272596211378556,0.0297349999440834,0.00759426171733326));
#2146=CARTESIAN_POINT('',(0.027284004067472,0.0297368660632444,0.00753326822359153));
#2147=CARTESIAN_POINT('',(0.0273296681628989,0.0297419146377908,0.00749275109038297));
#2148=CARTESIAN_POINT('',(0.0272622098760348,0.0297352270775601,0.00765541499724397));
#2149=CARTESIAN_POINT('',(0.0272622098760349,0.0297352270775601,0.00765541499724397));
#2150=CARTESIAN_POINT('',(0.026828839145641,0.0296972035333137,0.00767057547675517));
#2151=CARTESIAN_POINT('',(0.0259361233559146,0.0298155608577713,0.00762060312885775));
#2152=CARTESIAN_POINT('',(0.0248217086331084,0.0305285560078632,0.00735860752112447));
#2153=CARTESIAN_POINT('',(0.0241051741090746,0.0316289614074806,0.00708394038867967));
#2154=CARTESIAN_POINT('',(0.0239105333924554,0.0329595801010625,0.00699303819480097));
#2155=CARTESIAN_POINT('',(0.0243048204581853,0.0342440978834984,0.00716979947473676));
#2156=CARTESIAN_POINT('',(0.0251764446216479,0.0352216351736692,0.00746247813178333));
#2157=CARTESIAN_POINT('',(0.0263897570296241,0.0357599494974372,0.00767411411168396));
#2158=CARTESIAN_POINT('',(0.0272899950587834,0.0357417365873261,0.00766659575879973));
#2159=CARTESIAN_POINT('',(0.0277159162576228,0.0356370713383926,0.00762575273579774));
#2160=CARTESIAN_POINT('',(0.027,-0.0454579740500385,0.00016));
#2161=CARTESIAN_POINT('',(0.0273350574846905,0.00699729137062733,0.00765251202748136));
#2162=CARTESIAN_POINT('',(0.0276158851996958,0.0071268155147925,0.007639953698916));
#2163=CARTESIAN_POINT('',(0.0279993866507246,0.00774967274174194,0.00759314924790078));
#2164=CARTESIAN_POINT('',(0.0275842752749264,0.00835142303855935,0.00764270726913753));
#2165=CARTESIAN_POINT('',(0.0272976464678557,0.00846631366492467,0.00765409144460975));
#2166=CARTESIAN_POINT('',(0.0273350574846905,0.00699729137062733,0.00765251202748136));
#2167=CARTESIAN_POINT('',(0.0272976464678557,0.00846631366492466,0.00765409144460975));
#2168=CARTESIAN_POINT('',(0.0277619911070941,0.00488489938532389,0.00762119089373342));
#2169=CARTESIAN_POINT('',(0.0276187387644923,0.00558877012923513,0.00763582086536766));
#2170=CARTESIAN_POINT('',(0.0274750506014403,0.00629264084537464,0.00764625167829538));
#2171=CARTESIAN_POINT('',(0.0273350574846905,0.00699729137062733,0.00765251202748136));
#2172=CARTESIAN_POINT('',(0.0277619911070942,0.00488489938532389,0.00762119089373482));
#2173=CARTESIAN_POINT('',(0.0277741109595811,0.00482534098859146,0.00761994317821902));
#2174=CARTESIAN_POINT('',(0.0277700715441442,0.00484519382813607,0.00762036234438225));
#2175=CARTESIAN_POINT('',(0.0277660315579819,0.00486504661977423,0.00762077825348742));
#2176=CARTESIAN_POINT('',(0.0277619911070941,0.00488489938532384,0.00762119089373333));
#2177=CARTESIAN_POINT('',(0.0277741109595811,0.00482534098859146,0.00761994317821902));
#2178=CARTESIAN_POINT('',(0.0275797326619367,0.0106671981674889,0.00763756043377008));
#2179=CARTESIAN_POINT('',(0.0282493411186741,0.0105353142825413,0.00758564592281186));
#2180=CARTESIAN_POINT('',(0.0294545129449657,0.00982264848613208,0.00729306414467347));
#2181=CARTESIAN_POINT('',(0.0302388298346958,0.00783115397698489,0.00691849828765701));
#2182=CARTESIAN_POINT('',(0.0295806044847191,0.00578188495893657,0.00724029637593128));
#2183=CARTESIAN_POINT('',(0.0284329610434952,0.00500130778760354,0.00755157495362342));
#2184=CARTESIAN_POINT('',(0.0277741109595811,0.00482534098859146,0.00761994317821901));
#2185=CARTESIAN_POINT('',(0.0275797326619367,0.0106671981674889,0.00763756043377008));
#2186=CARTESIAN_POINT('',(0.0272976464678557,0.00846631366492466,0.00765409144460975));
#2187=CARTESIAN_POINT('',(0.0274001125357748,0.0091988400999903,0.00765002175004883));
#2188=CARTESIAN_POINT('',(0.0274941112574892,0.00993253114455296,0.00764419863150298));
#2189=CARTESIAN_POINT('',(0.0275797326619367,0.0106671981674889,0.00763756043377008));
#2190=CARTESIAN_POINT('',(0.027,0.00772374610559222,-0.007502));
#2191=CARTESIAN_POINT('',(0.0272746216558035,0.0107111501536185,0.00749497051002629));
#2192=CARTESIAN_POINT('',(0.0272285764830941,0.0107153829260751,0.00753513759689397));
#2193=CARTESIAN_POINT('',(0.0272037189149796,0.0107168220204082,0.0075960198059668));
#2194=CARTESIAN_POINT('',(0.0272059110432387,0.0107166712035979,0.00765717284329716));
#2195=CARTESIAN_POINT('',(0.0272746216558035,0.0107111501536185,0.00749497051002629));
#2196=CARTESIAN_POINT('',(0.0272059110432386,0.0107166712035979,0.00765717284329716));
#2197=CARTESIAN_POINT('',(0.0272746216558035,0.0107111501536185,0.00749497051002629));
#2198=CARTESIAN_POINT('',(0.0264249865924302,0.0107892541476485,0.00752610181169321));
#2199=CARTESIAN_POINT('',(0.0251189835825497,0.0103238962423772,0.00731084658645439));
#2200=CARTESIAN_POINT('',(0.0241477561380246,0.0089120770839397,0.00694149606767067));
#2201=CARTESIAN_POINT('',(0.0239080577648899,0.00762380565842458,0.00683198663349313));
#2202=CARTESIAN_POINT('',(0.024229394766357,0.00635408941765993,0.00697783200748265));
#2203=CARTESIAN_POINT('',(0.0250277396476508,0.0053470289703013,0.00726009649374042));
#2204=CARTESIAN_POINT('',(0.0261691520645171,0.00474500033983032,0.00749004024907928));
#2205=CARTESIAN_POINT('',(0.0270497116805048,0.0046942099490274,0.0075116151065397));
#2206=CARTESIAN_POINT('',(0.0274694021422342,0.00476069672549985,0.00748529636212662));
#2207=CARTESIAN_POINT('',(0.0274694021422342,0.00476069672549986,0.00748529636212661));
#2208=CARTESIAN_POINT('',(0.0274049912702251,0.00475120812079855,0.00764905748883272));
#2209=CARTESIAN_POINT('',(0.0274014454637161,0.00475072502497625,0.00758796134875181));
#2210=CARTESIAN_POINT('',(0.0274247675621757,0.00475362577769926,0.00752663167532301));
#2211=CARTESIAN_POINT('',(0.0274694021422342,0.00476069672549985,0.00748529636212661));
#2212=CARTESIAN_POINT('',(0.0274049912702251,0.00475120812079855,0.00764905748883272));
#2213=CARTESIAN_POINT('',(0.0274049912702251,0.00475120812079854,0.00764905748883272));
#2214=CARTESIAN_POINT('',(0.0265730106810079,0.00463785553208366,0.00769404911509973));
#2215=CARTESIAN_POINT('',(0.0252581565200659,0.00503411112250564,0.00750887223644333));
#2216=CARTESIAN_POINT('',(0.0242262312878895,0.00636944402142582,0.0071350013560577));
#2217=CARTESIAN_POINT('',(0.0239104806298053,0.0076186484698003,0.00699345264723619));
#2218=CARTESIAN_POINT('',(0.0241420192675523,0.00889335427897209,0.00709880770991127));
#2219=CARTESIAN_POINT('',(0.0250905760487642,0.0102966430458043,0.00746115746789437));
#2220=CARTESIAN_POINT('',(0.0263671170639386,0.010774379611822,0.00768021045320025));
#2221=CARTESIAN_POINT('',(0.0272059110432387,0.0107166712035979,0.00765717284329716));
#2222=CARTESIAN_POINT('',(0.027,-0.0454579740500385,0.00016));
#2223=CARTESIAN_POINT('',(0.0274348287788128,-0.0179477625936189,0.00764738431851312));
#2224=CARTESIAN_POINT('',(0.0276559867296226,-0.0178045539623855,0.00763454060199151));
#2225=CARTESIAN_POINT('',(0.0279360287046673,-0.0172924413372494,0.00760068811203539));
#2226=CARTESIAN_POINT('',(0.027671513119001,-0.016768808190674,0.00763297576741239));
#2227=CARTESIAN_POINT('',(0.0274567458337099,-0.0166194561756324,0.00764607929716141));
#2228=CARTESIAN_POINT('',(0.0274348287788127,-0.0179477625936189,0.00764738431851139));
#2229=CARTESIAN_POINT('',(0.0274567458337094,-0.016619456175633,0.00764607929716144));
#2230=CARTESIAN_POINT('',(0.0281126645168692,-0.020001744080278,0.00757700597767725));
#2231=CARTESIAN_POINT('',(0.0278988973295512,-0.0193134695464308,0.00760907433044864));
#2232=CARTESIAN_POINT('',(0.0276706136580292,-0.0186294238689362,0.00763369114520577));
#2233=CARTESIAN_POINT('',(0.0274348287788128,-0.017947762593619,0.00764738431851312));
#2234=CARTESIAN_POINT('',(0.0281126645168692,-0.020001744080278,0.00757700597767723));
#2235=CARTESIAN_POINT('',(0.0281293473571355,-0.0200555657781177,0.00757448410524502));
#2236=CARTESIAN_POINT('',(0.0281237966387792,-0.0200376222685638,0.00757532957055548));
#2237=CARTESIAN_POINT('',(0.0281182356620069,-0.0200196817131332,0.00757617022056334));
#2238=CARTESIAN_POINT('',(0.0281126645168693,-0.020001744080278,0.00757700597767768));
#2239=CARTESIAN_POINT('',(0.0281293473571355,-0.0200555657781177,0.00757448410524502));
#2240=CARTESIAN_POINT('',(0.0281564182047549,-0.014508096215425,0.00757031017810399));
#2241=CARTESIAN_POINT('',(0.0287006564778414,-0.0147354557518777,0.0074853789091564));
#2242=CARTESIAN_POINT('',(0.0296415224480208,-0.0155081198144226,0.00720550124736626));
#2243=CARTESIAN_POINT('',(0.0301840143319632,-0.0172964522413309,0.00694603424932032));
#2244=CARTESIAN_POINT('',(0.0296220992794629,-0.0190710836786028,0.00721368308020312));
#2245=CARTESIAN_POINT('',(0.0286743575036715,-0.0198341060088093,0.00749147013423023));
#2246=CARTESIAN_POINT('',(0.0281293473571355,-0.0200555657781177,0.00757448410524502));
#2247=CARTESIAN_POINT('',(0.0281564182047549,-0.014508096215425,0.00757031017810399));
#2248=CARTESIAN_POINT('',(0.0274567458337094,-0.016619456175633,0.00764607929716144));
#2249=CARTESIAN_POINT('',(0.0277158251740774,-0.0159242613775252,0.0076302721697432));
#2250=CARTESIAN_POINT('',(0.0279496274639678,-0.0152200394956266,0.0076025809699431));
#2251=CARTESIAN_POINT('',(0.0281564182047546,-0.0145080962154249,0.00757031017810403));
#2252=CARTESIAN_POINT('',(0.027,-0.0172762538944078,-0.007502));
#2253=CARTESIAN_POINT('',(0.0278565496889329,-0.0144011325699436,0.00745092763556251));
#2254=CARTESIAN_POINT('',(0.0278155647544239,-0.0143889224302858,0.00749438374910686));
#2255=CARTESIAN_POINT('',(0.0277957702061859,-0.0143837138071621,0.00755642297053022));
#2256=CARTESIAN_POINT('',(0.0278017398322534,-0.0143853693859263,0.00761702442274251));
#2257=CARTESIAN_POINT('',(0.027856549688933,-0.0144011325699436,0.00745092763556249));
#2258=CARTESIAN_POINT('',(0.0278017398322534,-0.0143853693859263,0.00761702442274251));
#2259=CARTESIAN_POINT('',(0.027856549688933,-0.0144011325699436,0.00745092763556249));
#2260=CARTESIAN_POINT('',(0.0274124098028982,-0.0142688154124071,0.00750198542324117));
#2261=CARTESIAN_POINT('',(0.0264434745950097,-0.0142142129574117,0.00752490682398996));
#2262=CARTESIAN_POINT('',(0.0251385644269252,-0.0147895982181797,0.0072965909029846));
#2263=CARTESIAN_POINT('',(0.024231706107001,-0.0158628856742728,0.00698077693003748));
#2264=CARTESIAN_POINT('',(0.0238876676990284,-0.0172618986514785,0.00682189513875239));
#2265=CARTESIAN_POINT('',(0.0242178194727271,-0.0186629628165961,0.00697490947444282));
#2266=CARTESIAN_POINT('',(0.0251189125706482,-0.01974855592594,0.00729128099098214));
#2267=CARTESIAN_POINT('',(0.0264155844957743,-0.0203316766541613,0.00752216188772726));
#2268=CARTESIAN_POINT('',(0.0273807368163794,-0.0202883901197498,0.00750391902767457));
#2269=CARTESIAN_POINT('',(0.0278293676346483,-0.0201593337279535,0.00745400223548383));
#2270=CARTESIAN_POINT('',(0.0278293676346483,-0.0201593337279535,0.00745400223548383));
#2271=CARTESIAN_POINT('',(0.0277736737189115,-0.0201747757550578,0.00761998853730122));
#2272=CARTESIAN_POINT('',(0.0277679062454115,-0.0201763152096094,0.00755928357298527));
#2273=CARTESIAN_POINT('',(0.0277880470893934,-0.0201712202953949,0.00749732403314151));
#2274=CARTESIAN_POINT('',(0.0278293676346483,-0.0201593337279535,0.00745400223548382));
#2275=CARTESIAN_POINT('',(0.0277736737189115,-0.0201747757550577,0.00761998853730122));
#2276=CARTESIAN_POINT('',(0.0277736737189115,-0.0201747757550577,0.00761998853730122));
#2277=CARTESIAN_POINT('',(0.02732428967383,-0.0202947253852806,0.00766659405467424));
#2278=CARTESIAN_POINT('',(0.0263740884984949,-0.0203206382517759,0.00767746297716134));
#2279=CARTESIAN_POINT('',(0.0250942406599574,-0.0197274802723281,0.0074439524494111));
#2280=CARTESIAN_POINT('',(0.0242133091063027,-0.0186471839670343,0.00713257570049195));
#2281=CARTESIAN_POINT('',(0.0238900257917669,-0.0172642919380029,0.00698305045680816));
#2282=CARTESIAN_POINT('',(0.0242267523463245,-0.0158761892993455,0.00713847557241182));
#2283=CARTESIAN_POINT('',(0.0251188305864627,-0.014807593965699,0.00745042673244058));
#2284=CARTESIAN_POINT('',(0.0263985969524409,-0.0142259925358812,0.0076799210410096));
#2285=CARTESIAN_POINT('',(0.0273566408242595,-0.01426192841035,0.0076648791143427));
#2286=CARTESIAN_POINT('',(0.0278017398322534,-0.0143853693859262,0.00761702442274254));
#2287=CARTESIAN_POINT('',(0.0271639538605248,0.0549172332383165,0.00771853545627799));
#2288=CARTESIAN_POINT('',(0.0271514296888051,0.0552261680454747,0.00772365741383821));
#2289=CARTESIAN_POINT('',(0.0271382406421057,0.0555348343025543,0.00772916298975747));
#2290=CARTESIAN_POINT('',(0.0270522640900345,0.0574447217760004,0.00776581176293483));
#2291=CARTESIAN_POINT('',(0.0269614521275855,0.0590384913895283,0.00780768381042237));
#2292=CARTESIAN_POINT('',(0.0268480805120284,0.0606235746181457,0.00786450716832869));
#2293=CARTESIAN_POINT('',(0.0280368963286461,0.0549533499488441,0.00767461742065669));
#2294=CARTESIAN_POINT('',(0.0280243190878026,0.055263591542598,0.00767976124268289));
#2295=CARTESIAN_POINT('',(0.0280110729148708,0.0555735947227293,0.00768529081130604));
#2296=CARTESIAN_POINT('',(0.0279247152927536,0.057491948787194,0.00772210280380125));
#2297=CARTESIAN_POINT('',(0.0278334748743875,0.059093607250958,0.00776416679364849));
#2298=CARTESIAN_POINT('',(0.0277194857071395,0.0606873891841941,0.00782129837784839));
#2299=CARTESIAN_POINT('',(0.028937812543973,0.054993146818968,0.00747714693961874));
#2300=CARTESIAN_POINT('',(0.0289251753828887,0.0553048641938012,0.00748231544910524));
#2301=CARTESIAN_POINT('',(0.0289118646342976,0.0556163790705451,0.00748787213783407));
#2302=CARTESIAN_POINT('',(0.0288250757410212,0.0575443179334169,0.00752486883090105));
#2303=CARTESIAN_POINT('',(0.0287333477567591,0.0591549627488542,0.00756715106349176));
#2304=CARTESIAN_POINT('',(0.0286186519538743,0.0607586954646625,0.00762463534337609));
#2305=CARTESIAN_POINT('',(0.0298192418603388,0.055035351925845,0.00708679700834693));
#2306=CARTESIAN_POINT('',(0.0298065394010389,0.0553486778810212,0.00709199242144599));
#2307=CARTESIAN_POINT('',(0.029793158192686,0.0556618427139524,0.00709757869989365));
#2308=CARTESIAN_POINT('',(0.0297058981294831,0.0576002564649778,0.00713477715639703));
#2309=CARTESIAN_POINT('',(0.0296136343217211,0.0592207878258214,0.00717729902102791));
#2310=CARTESIAN_POINT('',(0.0294981573757265,0.0608355173297533,0.00723517319255751));
#2311=CARTESIAN_POINT('',(0.0271137794505683,0.0570696080992598,0.00775825435135217));
#2312=CARTESIAN_POINT('',(0.0273421591277009,0.0572303991810462,0.00774830223463716));
#2313=CARTESIAN_POINT('',(0.0276028586948905,0.0578008155240407,0.00772560194101943));
#2314=CARTESIAN_POINT('',(0.0272546729909473,0.058320496586133,0.00777845283283834));
#2315=CARTESIAN_POINT('',(0.0270039038649048,0.0584427938181068,0.00779480906016458));
#2316=CARTESIAN_POINT('',(0.0271137794505683,0.0570696080992598,0.00775825435135217));
#2317=CARTESIAN_POINT('',(0.0270039038649048,0.0584427938181068,0.00779480906016458));
#2318=CARTESIAN_POINT('',(0.0278515532764302,0.0550333736965012,0.00765297796487539));
#2319=CARTESIAN_POINT('',(0.0276213872900705,0.0557173938724471,0.00769369031514396));
#2320=CARTESIAN_POINT('',(0.0273740630155706,0.0563958451196163,0.00772977674163045));
#2321=CARTESIAN_POINT('',(0.0271137794505683,0.0570696080992598,0.00775825435135218));
#2322=CARTESIAN_POINT('',(0.0278515532764303,0.0550333736965013,0.0076529779648754));
#2323=CARTESIAN_POINT('',(0.0278690810513953,0.0549811720653735,0.00764986295680577));
#2324=CARTESIAN_POINT('',(0.0278632497757133,0.0549985762376464,0.00765090415859695));
#2325=CARTESIAN_POINT('',(0.0278574071675982,0.0550159767746971,0.00765194251358464));
#2326=CARTESIAN_POINT('',(0.0278515532764302,0.0550333736965012,0.00765297796487539));
#2327=CARTESIAN_POINT('',(0.0278690810513953,0.0549811720653735,0.00764986295680577));
#2328=CARTESIAN_POINT('',(0.02739551044915,0.0606304665060618,0.00781620021267816));
#2329=CARTESIAN_POINT('',(0.0280040965994891,0.0604750542197748,0.00773565042167219));
#2330=CARTESIAN_POINT('',(0.0290739906585463,0.0598019447172353,0.0074305638729417));
#2331=CARTESIAN_POINT('',(0.0298437751269598,0.058010595121957,0.0070673030765251));
#2332=CARTESIAN_POINT('',(0.0294003199456921,0.0560838777798591,0.00728716184845539));
#2333=CARTESIAN_POINT('',(0.0284341616825317,0.0552316857949479,0.00756970232561726));
#2334=CARTESIAN_POINT('',(0.0278690810513953,0.0549811720653735,0.00764986295680577));
#2335=CARTESIAN_POINT('',(0.02739551044915,0.0606304665060617,0.00781620021267815));
#2336=CARTESIAN_POINT('',(0.0270039038649048,0.0584427938181068,0.00779480906016458));
#2337=CARTESIAN_POINT('',(0.0271551960182379,0.0591680886093131,0.00780448197543138));
#2338=CARTESIAN_POINT('',(0.0272860053568688,0.0598976566549247,0.00781033579288741));
#2339=CARTESIAN_POINT('',(0.0273955104491499,0.0606304665060617,0.00781620021267816));
#2340=CARTESIAN_POINT('',(0.0266532325271462,0.0577237461055922,-0.007502));
#2341=CARTESIAN_POINT('',(0.0273955104491499,0.0606304665060617,0.00781620021267816));
#2342=CARTESIAN_POINT('',(0.0273893673514168,0.0606320352451187,0.00775605954796236));
#2343=CARTESIAN_POINT('',(0.027357652060189,0.0606403172737739,0.00769995502417591));
#2344=CARTESIAN_POINT('',(0.027307945934022,0.0606514329663847,0.00766725160635186));
#2345=CARTESIAN_POINT('',(0.027307945934022,0.0606514329663847,0.00766725160635187));
#2346=CARTESIAN_POINT('',(0.0277858654161404,0.0549457715306961,0.00750119308859986));
#2347=CARTESIAN_POINT('',(0.0278330149528668,0.0549649952905101,0.00753382061722411));
#2348=CARTESIAN_POINT('',(0.0278630000656173,0.0549784762192538,0.00758981814336488));
#2349=CARTESIAN_POINT('',(0.0278690810513953,0.0549811720653735,0.00764986295680577));
#2350=CARTESIAN_POINT('',(0.0277858654161396,0.0549457715306959,0.00750119308859933));
#2351=CARTESIAN_POINT('',(0.027307945934022,0.0606514329663847,0.00766725160635188));
#2352=CARTESIAN_POINT('',(0.0279353487782107,0.0605111279839416,0.00759192682572298));
#2353=CARTESIAN_POINT('',(0.0290548748213268,0.0598397223183885,0.00728094985027197));
#2354=CARTESIAN_POINT('',(0.0298533894429004,0.0580095831949044,0.00690219589773788));
#2355=CARTESIAN_POINT('',(0.0293822854557618,0.0560353001319785,0.00713661472562235));
#2356=CARTESIAN_POINT('',(0.0283727127884432,0.0551850403277168,0.00742462987661788));
#2357=CARTESIAN_POINT('',(0.0277858654161398,0.0549457715306958,0.00750119308859931));
#2358=CARTESIAN_POINT('',(0.027,0.0425420259499615,-0.0075));
#2359=CARTESIAN_POINT('',(0.027,0.0436593851297284,-0.0075));
#2360=CARTESIAN_POINT('',(0.0269964875026016,0.0447806973006995,-0.00749999927483161));
#2361=CARTESIAN_POINT('',(0.0269795471582092,0.0470303667888053,-0.00749729461582737));
#2362=CARTESIAN_POINT('',(0.0269661256582593,0.0481587299833767,-0.00749459068429068));
#2363=CARTESIAN_POINT('',(0.0269066256383462,0.0515531927882788,-0.00747830711122736));
#2364=CARTESIAN_POINT('',(0.0268413366396923,0.0538286666599146,-0.00745657768735511));
#2365=CARTESIAN_POINT('',(0.0265328227460651,0.0606830236249841,-0.00732505083652286));
#2366=CARTESIAN_POINT('',(0.0261770891571033,0.0652915719148425,-0.00714914987899088));
#2367=CARTESIAN_POINT('',(0.0249669911655884,0.0745228841954031,-0.00643335235584336));
#2368=CARTESIAN_POINT('',(0.0241148572199045,0.079090960127546,-0.00589962500872576));
#2369=CARTESIAN_POINT('',(0.0222903189975361,0.0856774049756846,-0.00487644775112393));
#2370=CARTESIAN_POINT('',(0.0215956144401424,0.0878251185657285,-0.00450031794150398));
#2371=CARTESIAN_POINT('',(0.02037701080134,0.0909668201564791,-0.00389764349054125));
#2372=CARTESIAN_POINT('',(0.0199415237208305,0.0920003853953397,-0.00369039369007952));
#2373=CARTESIAN_POINT('',(0.0190046385728094,0.0940377611874848,-0.00326567677703569));
#2374=CARTESIAN_POINT('',(0.0184957265791748,0.0950553854889588,-0.00304511480476241));
#2375=CARTESIAN_POINT('',(0.0179653459143576,0.0960293787561501,-0.00282686271737111));
#2376=CARTESIAN_POINT('',(0.012,0.0425420259499615,-0.0075));
#2377=CARTESIAN_POINT('',(0.012,0.0436436340594278,-0.0075));
#2378=CARTESIAN_POINT('',(0.0119965829224624,0.0447115431323694,-0.00750000689800881));
#2379=CARTESIAN_POINT('',(0.0119803025263898,0.0468735861374694,-0.00749741312737716));
#2380=CARTESIAN_POINT('',(0.0119674454698334,0.0479519743194015,-0.00749482506009474));
#2381=CARTESIAN_POINT('',(0.0119108992070678,0.0511779474073644,-0.00747936488739573));
#2382=CARTESIAN_POINT('',(0.011849210729022,0.0533163310909585,-0.00745877612211255));
#2383=CARTESIAN_POINT('',(0.0115625836212268,0.0596844575737725,-0.00733662414186354));
#2384=CARTESIAN_POINT('',(0.0112349632805667,0.0638722195051211,-0.00717382286198733));
#2385=CARTESIAN_POINT('',(0.0101625732586439,0.0720530177217511,-0.00653948233401603));
#2386=CARTESIAN_POINT('',(0.00942765652649758,0.0759344505082342,-0.0060799168907431));
#2387=CARTESIAN_POINT('',(0.00793679996767561,0.0813163292022143,-0.00524386380971242));
#2388=CARTESIAN_POINT('',(0.00738537438462615,0.0830100479585995,-0.00494600323179613));
#2389=CARTESIAN_POINT('',(0.00646619545014517,0.0853797456218194,-0.00449130172245921));
#2390=CARTESIAN_POINT('',(0.00614411387009038,0.0861428578751927,-0.00433815735370043));
#2391=CARTESIAN_POINT('',(0.00546521054192442,0.0876192020264485,-0.00403035441478818));
#2392=CARTESIAN_POINT('',(0.00509829002678959,0.0883510524448267,-0.00387154153704461));
#2393=CARTESIAN_POINT('',(0.00473205360220398,0.0890236105439601,-0.00372083494186343));
#2394=CARTESIAN_POINT('',(0.012,0.0425420259499615,0.0075));
#2395=CARTESIAN_POINT('',(0.012,0.0436436228066887,0.0075));
#2396=CARTESIAN_POINT('',(0.0119965681115999,0.0447055032785281,0.00749999668089022));
#2397=CARTESIAN_POINT('',(0.0119804628278077,0.0468435596958792,0.0075025616137354));
#2398=CARTESIAN_POINT('',(0.0119677830007541,0.0479039781364603,0.00750511726853541));
#2399=CARTESIAN_POINT('',(0.0119124809885497,0.0510581123762649,0.00752023282393759));
#2400=CARTESIAN_POINT('',(0.0118525220125114,0.053124695249472,0.00754030599536386));
#2401=CARTESIAN_POINT('',(0.0115787870554888,0.0592054195413211,0.00765694309607044));
#2402=CARTESIAN_POINT('',(0.0112697569091522,0.0631021206766423,0.00781124725571547));
#2403=CARTESIAN_POINT('',(0.0102966006700004,0.0705259078194417,0.00838688902982236));
#2404=CARTESIAN_POINT('',(0.00962967326928797,0.0740498065213932,0.00880405812767134));
#2405=CARTESIAN_POINT('',(0.00827906146936761,0.0789254126939662,0.00956146386540331));
#2406=CARTESIAN_POINT('',(0.00777524788142032,0.0804754580610653,0.00983380238049776));
#2407=CARTESIAN_POINT('',(0.00692939307220962,0.0826564351317328,0.0102522978463414));
#2408=CARTESIAN_POINT('',(0.0066317932911822,0.0833618195080117,0.0103938296706008));
#2409=CARTESIAN_POINT('',(0.00600112810411794,0.0847333549788025,0.0106797824467825));
#2410=CARTESIAN_POINT('',(0.00567299178443773,0.0853904970977839,0.0108221679872466));
#2411=CARTESIAN_POINT('',(0.00531446077978495,0.0860489049315828,0.0109697037956776));
#2412=CARTESIAN_POINT('',(0.027,0.0425420259499615,0.0075));
#2413=CARTESIAN_POINT('',(0.027,0.0436593738769892,0.0075));
#2414=CARTESIAN_POINT('',(0.026996472691741,0.0447746574468582,0.00750000430406742));
#2415=CARTESIAN_POINT('',(0.0269797074596251,0.0470003403472151,0.00750268012528519));
#2416=CARTESIAN_POINT('',(0.026966463189181,0.0481107338004355,0.00750535164433948));
#2417=CARTESIAN_POINT('',(0.0269082074198261,0.0514333577571792,0.00752129060010596));
#2418=CARTESIAN_POINT('',(0.0268446479231816,0.0536370308184281,0.0075425044301208));
#2419=CARTESIAN_POINT('',(0.0265490261803272,0.0602039855925328,0.00766851640141209));
#2420=CARTESIAN_POINT('',(0.0262118827857044,0.0645214730863482,0.00783592023870998));
#2421=CARTESIAN_POINT('',(0.0251010185769294,0.0729957742931091,0.00849301900799697));
#2422=CARTESIAN_POINT('',(0.0243168739626949,0.0772063161407204,0.00898435000969254));
#2423=CARTESIAN_POINT('',(0.0226325804992281,0.0832864884674288,0.00992887992398989));
#2424=CARTESIAN_POINT('',(0.0219854879369442,0.0852905286681865,0.0102794876707909));
#2425=CARTESIAN_POINT('',(0.0208402084234005,0.0882435096663964,0.0108459560782589));
#2426=CARTESIAN_POINT('',(0.0204292031419204,0.0892193470281587,0.0110415933342222));
#2427=CARTESIAN_POINT('',(0.0195405561350049,0.0911519141398388,0.0114444600845345));
#2428=CARTESIAN_POINT('',(0.019070428336823,0.0920948301419161,0.0116485947195288));
#2429=CARTESIAN_POINT('',(0.0185477530919386,0.0930546731437729,0.0118636760201699));
#2430=CARTESIAN_POINT('',(0.042,0.0425420259499615,0.0075));
#2431=CARTESIAN_POINT('',(0.042,0.0436751249472897,0.0075));
#2432=CARTESIAN_POINT('',(0.041996377271882,0.0448438116151881,0.00750001192724461));
#2433=CARTESIAN_POINT('',(0.0419789520914426,0.047157120998551,0.00750279863683498));
#2434=CARTESIAN_POINT('',(0.0419651433776078,0.0483174894644107,0.00750558602014353));
#2435=CARTESIAN_POINT('',(0.0419039338511025,0.0518086031380936,0.00752234837627433));
#2436=CARTESIAN_POINT('',(0.0418367738338518,0.0541493663873842,0.00754470286487775));
#2437=CARTESIAN_POINT('',(0.0415192653051654,0.0612025516437444,0.00768008970675373));
#2438=CARTESIAN_POINT('',(0.0411540086622565,0.065940825496054,0.00786059322170448));
#2439=CARTESIAN_POINT('',(0.0399054364838584,0.0754656407667764,0.00859914898617158));
#2440=CARTESIAN_POINT('',(0.0390040746561018,0.0803628257600475,0.00916464189171371));
#2441=CARTESIAN_POINT('',(0.0369860995290885,0.0876475642408913,0.0102962959825765));
#2442=CARTESIAN_POINT('',(0.0361957279924682,0.0901055992753078,0.010725172961084));
#2443=CARTESIAN_POINT('',(0.0347510237745915,0.0938305842010598,0.0114396143101763));
#2444=CARTESIAN_POINT('',(0.0342266129926584,0.0950768745483056,0.0116893569978436));
#2445=CARTESIAN_POINT('',(0.0330799841658918,0.097570473300875,0.0122091377222865));
#2446=CARTESIAN_POINT('',(0.0324678648892082,0.0987991631860481,0.012475021451811));
#2447=CARTESIAN_POINT('',(0.0317810454040921,0.100060441355963,0.0127576482446622));
#2448=CARTESIAN_POINT('',(0.042,0.0425420259499615,-0.0075));
#2449=CARTESIAN_POINT('',(0.042,0.0436751362000288,-0.0075));
#2450=CARTESIAN_POINT('',(0.0419963920827407,0.0448498514690295,-0.00749999165165442));
#2451=CARTESIAN_POINT('',(0.0419787917900286,0.0471871474401412,-0.00749717610427757));
#2452=CARTESIAN_POINT('',(0.0419648058466851,0.0483654856473519,-0.00749435630848662));
#2453=CARTESIAN_POINT('',(0.0419023520696244,0.0519284381691931,-0.00747724933505899));
#2454=CARTESIAN_POINT('',(0.0418334625503624,0.0543410022288706,-0.00745437925259769));
#2455=CARTESIAN_POINT('',(0.0415030618709034,0.0616815896761957,-0.00731347753118218));
#2456=CARTESIAN_POINT('',(0.0411192150336399,0.0667109243245638,-0.00712447689599443));
#2457=CARTESIAN_POINT('',(0.039771409072533,0.0769927506690549,-0.00632722237767069));
#2458=CARTESIAN_POINT('',(0.0388020579133114,0.0822474697468577,-0.00571933312670841));
#2459=CARTESIAN_POINT('',(0.0366438380273966,0.0900384807491548,-0.00450903169253544));
#2460=CARTESIAN_POINT('',(0.0358058544956586,0.0926401891728574,-0.00405463265121183));
#2461=CARTESIAN_POINT('',(0.0342878261525347,0.0965538946911388,-0.00330398525862328));
#2462=CARTESIAN_POINT('',(0.0337389335715705,0.0978579129154865,-0.00304263002645862));
#2463=CARTESIAN_POINT('',(0.0325440666036944,0.100456320348521,-0.0025009991392832));
#2464=CARTESIAN_POINT('',(0.0318931631315601,0.101759718533091,-0.00221868807248022));
#2465=CARTESIAN_POINT('',(0.0311986382265111,0.10303514696834,-0.00193289049287878));
#2466=CARTESIAN_POINT('',(0.027,0.0425420259499615,-0.0075));
#2467=CARTESIAN_POINT('',(0.027,0.0436593851297284,-0.0075));
#2468=CARTESIAN_POINT('',(0.0269964875026016,0.0447806973006995,-0.00749999927483161));
#2469=CARTESIAN_POINT('',(0.0269795471582092,0.0470303667888053,-0.00749729461582737));
#2470=CARTESIAN_POINT('',(0.0269661256582593,0.0481587299833767,-0.00749459068429068));
#2471=CARTESIAN_POINT('',(0.0269066256383462,0.0515531927882788,-0.00747830711122736));
#2472=CARTESIAN_POINT('',(0.0268413366396923,0.0538286666599146,-0.00745657768735511));
#2473=CARTESIAN_POINT('',(0.0265328227460651,0.0606830236249841,-0.00732505083652286));
#2474=CARTESIAN_POINT('',(0.0261770891571033,0.0652915719148425,-0.00714914987899088));
#2475=CARTESIAN_POINT('',(0.0249669911655884,0.0745228841954031,-0.00643335235584336));
#2476=CARTESIAN_POINT('',(0.0241148572199045,0.079090960127546,-0.00589962500872576));
#2477=CARTESIAN_POINT('',(0.0222903189975361,0.0856774049756846,-0.00487644775112393));
#2478=CARTESIAN_POINT('',(0.0215956144401424,0.0878251185657285,-0.00450031794150398));
#2479=CARTESIAN_POINT('',(0.02037701080134,0.0909668201564791,-0.00389764349054125));
#2480=CARTESIAN_POINT('',(0.0199415237208305,0.0920003853953397,-0.00369039369007952));
#2481=CARTESIAN_POINT('',(0.0190046385728094,0.0940377611874848,-0.00326567677703569));
#2482=CARTESIAN_POINT('',(0.0184957265791748,0.0950553854889588,-0.00304511480476241));
#2483=CARTESIAN_POINT('',(0.0179653459143576,0.0960293787561501,-0.00282686271737111));
#2484=CARTESIAN_POINT('',(0.027307945934022,0.0606514329663847,0.00766725160635187));
#2485=CARTESIAN_POINT('',(0.0273100044610648,0.060665536452856,0.00766740762654655));
#2486=CARTESIAN_POINT('',(0.0273120550917255,0.0606796410874999,0.00766756363372843));
#2487=CARTESIAN_POINT('',(0.0273140978119697,0.0606937468720646,0.00766771965432021));
#2488=CARTESIAN_POINT('',(0.0273140978119697,0.0606937468720646,0.00766771965432021));
#2489=CARTESIAN_POINT('',(0.0293488701358223,0.0425420259499615,0.00712269675649912));
#2490=CARTESIAN_POINT('',(0.0295442519656391,0.044633961796227,0.00705826518502721));
#2491=CARTESIAN_POINT('',(0.0294781027070244,0.0488649454078701,0.00708203626826466));
#2492=CARTESIAN_POINT('',(0.0284443167199885,0.0529526969809583,0.00739015775756385));
#2493=CARTESIAN_POINT('',(0.0277858654161396,0.0549457715306959,0.00750119308859933));
#2494=CARTESIAN_POINT('',(0.0293488701358222,0.0425420259499615,0.00712269675649909));
#2495=CARTESIAN_POINT('',(0.027,0.0425420259499615,8.92923418674459E-19));
#2496=CARTESIAN_POINT('',(0.0291151883627833,0.0425420259499615,0.00719555266744302));
#2497=CARTESIAN_POINT('',(0.029119084754523,0.0425605585947077,0.00719440605206679));
#2498=CARTESIAN_POINT('',(0.0291177854426374,0.0425543811899126,0.00719478882248053));
#2499=CARTESIAN_POINT('',(0.0291164866479351,0.0425482036410573,0.00719517102648066));
#2500=CARTESIAN_POINT('',(0.0291151883627833,0.0425420259499615,0.007195552667443));
#2501=CARTESIAN_POINT('',(0.0291190847545379,0.0425605585946955,0.00719440605205456));
#2502=CARTESIAN_POINT('',(0.0275848400960932,0.05483375810487,0.0075242182956576));
#2503=CARTESIAN_POINT('',(0.0282328999457127,0.0528607404141624,0.00743114595562329));
#2504=CARTESIAN_POINT('',(0.0292493610568416,0.0488148360645874,0.00715810954751307));
#2505=CARTESIAN_POINT('',(0.0293100002024973,0.0446298494580801,0.0071381515208339));
#2506=CARTESIAN_POINT('',(0.0291190847545347,0.0425605585946957,0.00719440605205549));
#2507=CARTESIAN_POINT('',(0.0275848400960961,0.0548337581048613,0.00752421829565714));
#2508=CARTESIAN_POINT('',(0.0275734566670688,0.0548683674035101,0.00752584715460299));
#2509=CARTESIAN_POINT('',(0.0275772558549833,0.0548568324579385,0.0075253055271165));
#2510=CARTESIAN_POINT('',(0.0275810503358788,0.0548452960267934,0.0075247625692328));
#2511=CARTESIAN_POINT('',(0.0275848400960932,0.05483375810487,0.00752421829565756));
#2512=CARTESIAN_POINT('',(0.0275734566670689,0.0548683674035101,0.007525847154603));
#2513=CARTESIAN_POINT('',(0.0275734566670689,0.0548683674035101,0.00752584715460299));
#2514=CARTESIAN_POINT('',(0.0271428311640882,0.0547295865185717,0.00756966606179272));
#2515=CARTESIAN_POINT('',(0.0262083960862815,0.0546507649434517,0.00758372355207657));
#2516=CARTESIAN_POINT('',(0.0249205462456686,0.055152707246409,0.00736989338409466));
#2517=CARTESIAN_POINT('',(0.0239822892420552,0.056145443695155,0.00708050873019304));
#2518=CARTESIAN_POINT('',(0.0235572437944241,0.0574776084015509,0.00694679741344132));
#2519=CARTESIAN_POINT('',(0.0237652267001248,0.0588540510769301,0.00711793722638624));
#2520=CARTESIAN_POINT('',(0.0245275784448565,0.0599789108408113,0.00745507630728023));
#2521=CARTESIAN_POINT('',(0.0257061944167247,0.0606793507429986,0.0077208667678524));
#2522=CARTESIAN_POINT('',(0.026637701575861,0.0607577453916532,0.00773023617374846));
#2523=CARTESIAN_POINT('',(0.0270861606393564,0.0606923439647941,0.00769041537027929));
#2524=CARTESIAN_POINT('',(0.0270861606393564,0.0606923439647941,0.00769041537027929));
#2525=CARTESIAN_POINT('',(0.0243146972511869,0.0797307007202947,0.00933932532992302));
#2526=CARTESIAN_POINT('',(0.025689200296573,0.0768032902559876,0.00884814478341708));
#2527=CARTESIAN_POINT('',(0.0271440804057751,0.0721131244303403,0.00814563785882069));
#2528=CARTESIAN_POINT('',(0.0275891520093321,0.0655782259918002,0.00777230138230411));
#2529=CARTESIAN_POINT('',(0.0273213879128461,0.0623106609777244,0.00771909042097883));
#2530=CARTESIAN_POINT('',(0.0270861606393565,0.0606923439647941,0.00769041537027929));
#2531=CARTESIAN_POINT('',(0.0243146972511869,0.0797307007202947,0.00933932532992302));
#2532=CARTESIAN_POINT('',(0.0243067253018847,0.0797476680647546,0.0093421726990052));
#2533=CARTESIAN_POINT('',(0.0243093840613106,0.079742012968407,0.00934122353329542));
#2534=CARTESIAN_POINT('',(0.0243120413780257,0.0797363571871249,0.00934027440983608));
#2535=CARTESIAN_POINT('',(0.024314697251187,0.0797307007202947,0.00933932532992303));
#2536=CARTESIAN_POINT('',(0.0243067253018847,0.0797476680647547,0.0093421726990052));
#2537=CARTESIAN_POINT('',(0.0243067253018847,0.0797476680647547,0.0093421726990052));
#2538=CARTESIAN_POINT('',(0.0235979095825951,0.0794117274126734,0.00937901634396313));
#2539=CARTESIAN_POINT('',(0.0223235945953715,0.0793533767510817,0.00928767682742991));
#2540=CARTESIAN_POINT('',(0.0209541555678468,0.0801784181919236,0.00908827685454339));
#2541=CARTESIAN_POINT('',(0.0202335674386553,0.0811519398929074,0.00906887082486394));
#2542=CARTESIAN_POINT('',(0.0199515260714095,0.0823109543520352,0.00928208561256814));
#2543=CARTESIAN_POINT('',(0.0201147848486269,0.083443429378228,0.00966000194078499));
#2544=CARTESIAN_POINT('',(0.0206696933173568,0.0844345405684056,0.0100503525956911));
#2545=CARTESIAN_POINT('',(0.0215830294608024,0.0851807099595367,0.0103045613233956));
#2546=CARTESIAN_POINT('',(0.0227524811601621,0.0855261606590822,0.0102934908945564));
#2547=CARTESIAN_POINT('',(0.0243212194681078,0.0853502128943097,0.00993958192281334));
#2548=CARTESIAN_POINT('',(0.0255580302026463,0.0843653966792973,0.00935661522995224));
#2549=CARTESIAN_POINT('',(0.0260747455128923,0.0828609955012503,0.00907621266532834));
#2550=CARTESIAN_POINT('',(0.0259666999592421,0.0812438684052584,0.00908491869078664));
#2551=CARTESIAN_POINT('',(0.025194328242694,0.0802447237321445,0.00927855369181622));
#2552=CARTESIAN_POINT('',(0.0245102303393277,0.0798538358221576,0.00932934694525034));
#2553=CARTESIAN_POINT('',(0.0245102303393277,0.0798538358221576,0.00932934694525034));
#2554=CARTESIAN_POINT('',(0.0273140978119701,0.0606937468720647,0.0076677196543205));
#2555=CARTESIAN_POINT('',(0.0277859895343156,0.0639523443194041,0.00770376219415804));
#2556=CARTESIAN_POINT('',(0.0278652700928824,0.0706172358380747,0.00783328742533478));
#2557=CARTESIAN_POINT('',(0.0258951924213016,0.0769110349453114,0.0088156121199812));
#2558=CARTESIAN_POINT('',(0.0245102303393276,0.0798538358221576,0.00932934694525035));
#2559=CARTESIAN_POINT('',(0.0182565495031481,0.0945420259499615,0.00451840665139941));
#2560=CARTESIAN_POINT('',(0.0179653459143576,0.0960293787561501,-0.0028268627173711));
#2561=CARTESIAN_POINT('',(0.016183858069415,0.0979612744988607,0.00528459072909735));
#2562=CARTESIAN_POINT('',(0.016183858069415,0.0979612744988607,0.00528459072909735));
#2563=CARTESIAN_POINT('',(0.0159084066381374,0.0994227071736204,-0.00206648681410351));
#2564=CARTESIAN_POINT('',(0.005,0.114542025949961,0.009));
#2565=CARTESIAN_POINT('',(0.00904235554941598,0.121860538767682,0.0106399299182772));
#2566=CARTESIAN_POINT('',(0.0179653459143576,0.0960293787561501,-0.00282686271737111));
#2567=CARTESIAN_POINT('',(0.0176427258952357,0.0966218395061929,-0.00269410430953617));
#2568=CARTESIAN_POINT('',(0.0173182260368436,0.0971872548795606,-0.00256740622071239));
#2569=CARTESIAN_POINT('',(0.0168050129355629,0.0980348441124464,-0.00237747870728963));
#2570=CARTESIAN_POINT('',(0.0166306750189099,0.098315184391861,-0.00231466015071181));
#2571=CARTESIAN_POINT('',(0.0163638839135052,0.0987326895503844,-0.00222110573363885));
#2572=CARTESIAN_POINT('',(0.016274072823942,0.0988713570652971,-0.0021900331630139));
#2573=CARTESIAN_POINT('',(0.0161379869736302,0.0990786419323853,-0.00214358483893379));
#2574=CARTESIAN_POINT('',(0.0160923968199502,0.0991476174872785,-0.00212812881953229));
#2575=CARTESIAN_POINT('',(0.0160007520708202,0.0992853356136096,-0.00209726898758519));
#2576=CARTESIAN_POINT('',(0.0159548850439919,0.0993538001032217,-0.00208192748752202));
#2577=CARTESIAN_POINT('',(0.0159084066381373,0.0994227071736204,-0.0020664868141035));
#2578=CARTESIAN_POINT('',(0.00473205360220398,0.0890236105439601,-0.00372083494186343));
#2579=CARTESIAN_POINT('',(0.00450927926267626,0.089432714271144,-0.00362916311473169));
#2580=CARTESIAN_POINT('',(0.00429695351534341,0.0898019206917068,-0.00354643146279999));
#2581=CARTESIAN_POINT('',(0.00396299564238306,0.090353463699374,-0.00342284188906693));
#2582=CARTESIAN_POINT('',(0.00385062816649089,0.0905341120224139,-0.00338236227291944));
#2583=CARTESIAN_POINT('',(0.00367997474051745,0.0908011699723926,-0.00332252001630291));
#2584=CARTESIAN_POINT('',(0.00362273914380216,0.0908895371283224,-0.00330271873339059));
#2585=CARTESIAN_POINT('',(0.00353628605406711,0.0910212217757548,-0.00327321088138842));
#2586=CARTESIAN_POINT('',(0.00350736836157143,0.0910649723171905,-0.00326340727461339));
#2587=CARTESIAN_POINT('',(0.00344932025654256,0.0911522034607001,-0.0032438605489866));
#2588=CARTESIAN_POINT('',(0.00342890117098518,0.0911827689900049,-0.00323701143534496));
#2589=CARTESIAN_POINT('',(0.00339094652359198,0.0912390390688037,-0.00322440245480145));
#2590=CARTESIAN_POINT('',(0.00531446077978494,0.0860489049315829,0.0109697037956776));
#2591=CARTESIAN_POINT('',(0.00509637349408662,0.0864494013335461,0.0110594468962364));
#2592=CARTESIAN_POINT('',(0.00487002954198985,0.086843920064257,0.01114785052221));
#2593=CARTESIAN_POINT('',(0.00452818251121135,0.0874084922896249,0.0112743596787093));
#2594=CARTESIAN_POINT('',(0.00441308766946716,0.087593528130874,0.0113158224484797));
#2595=CARTESIAN_POINT('',(0.00423820315170172,0.0878672073759907,0.0113771484027076));
#2596=CARTESIAN_POINT('',(0.0041795338829694,0.0879577882886677,0.0113974457434962));
#2597=CARTESIAN_POINT('',(0.00409089641800122,0.0880928001587962,0.0114276991584533));
#2598=CARTESIAN_POINT('',(0.00406124495791067,0.088137660872105,0.0114377515321723));
#2599=CARTESIAN_POINT('',(0.00400171823923074,0.0882271139858131,0.0114577961561426));
#2600=CARTESIAN_POINT('',(0.00398017917058038,0.0882593474769521,0.0114650190261171));
#2601=CARTESIAN_POINT('',(0.00394184938614714,0.0883161737192845,0.0114777526316002));
#2602=CARTESIAN_POINT('',(0.0185477530919386,0.0930546731437729,0.0118636760201699));
#2603=CARTESIAN_POINT('',(0.0182298201266461,0.0936385265685951,0.011994505701432));
#2604=CARTESIAN_POINT('',(0.01789130206349,0.0942292542521131,0.0121268757642979));
#2605=CARTESIAN_POINT('',(0.0173701998043913,0.0950898727026961,0.0123197228604864));
#2606=CARTESIAN_POINT('',(0.0171931345218863,0.0953746005003224,0.0123835245706872));
#2607=CARTESIAN_POINT('',(0.0169221123246895,0.0957987269539818,0.0124785626853717));
#2608=CARTESIAN_POINT('',(0.0168308675631092,0.0959396082256424,0.0125101313138728));
#2609=CARTESIAN_POINT('',(0.0166925973375643,0.0961502203154268,0.0125573252009079));
#2610=CARTESIAN_POINT('',(0.0166462734162895,0.0962203060421928,0.0125730299872534));
#2611=CARTESIAN_POINT('',(0.0165531500535085,0.0963602461387229,0.012604387717544));
#2612=CARTESIAN_POINT('',(0.0165061630435871,0.096430378590169,0.0126201029739401));
#2613=CARTESIAN_POINT('',(0.0164593095006925,0.0964998418241011,0.0126356682722982));
#2614=CARTESIAN_POINT('',(0.0317810454040922,0.100060441355963,0.0127576482446622));
#2615=CARTESIAN_POINT('',(0.0313632667592055,0.100827651803644,0.0129295645066275));
#2616=CARTESIAN_POINT('',(0.0309125745849901,0.101614588439969,0.0131059010063857));
#2617=CARTESIAN_POINT('',(0.0302122170975711,0.102771253115767,0.0133650860422636));
#2618=CARTESIAN_POINT('',(0.0299731813743053,0.103155672869771,0.0134512266928947));
#2619=CARTESIAN_POINT('',(0.0296060214976772,0.103730246531973,0.0135799769680359));
#2620=CARTESIAN_POINT('',(0.029482201243249,0.103921428162617,0.0136228168842494));
#2621=CARTESIAN_POINT('',(0.0292942982571274,0.104207640472057,0.0136869512433626));
#2622=CARTESIAN_POINT('',(0.0292313018746682,0.104302951212281,0.0137083084423345));
#2623=CARTESIAN_POINT('',(0.0291045818677861,0.104493378291633,0.0137509792789454));
#2624=CARTESIAN_POINT('',(0.0290321469165938,0.104601409703386,0.013775186921763));
#2625=CARTESIAN_POINT('',(0.0289767696152379,0.104683509928918,0.0137935839129961));
#2626=CARTESIAN_POINT('',(0.0311986382265112,0.10303514696834,-0.00193289049287879));
#2627=CARTESIAN_POINT('',(0.0307761725277951,0.103810964741242,-0.00175904550434065));
#2628=CARTESIAN_POINT('',(0.0303394985583437,0.104572589067414,-0.00158838097862479));
#2629=CARTESIAN_POINT('',(0.0296470302287429,0.105716224525519,-0.00133211552551233));
#2630=CARTESIAN_POINT('',(0.029410721871329,0.106096256761308,-0.00124695802850417));
#2631=CARTESIAN_POINT('',(0.029047793086493,0.106664209128376,-0.00111969145097479));
#2632=CARTESIAN_POINT('',(0.0289254065040818,0.106853177002272,-0.00107734759263722));
#2633=CARTESIAN_POINT('',(0.0287396878931933,0.107136062089016,-0.00101395879647916));
#2634=CARTESIAN_POINT('',(0.0286774252783289,0.107230262657366,-0.000992850364451195));
#2635=CARTESIAN_POINT('',(0.028552183885098,0.107418467766519,-0.000950677426183763));
#2636=CARTESIAN_POINT('',(0.0284808689169987,0.107524831216438,-0.000926843539699075));
#2637=CARTESIAN_POINT('',(0.0284258667526827,0.107606375278437,-0.000908571173405551));
#2638=CARTESIAN_POINT('',(0.0179653459143576,0.0960293787561501,-0.00282686271737111));
#2639=CARTESIAN_POINT('',(0.0176427258952357,0.0966218395061929,-0.00269410430953617));
#2640=CARTESIAN_POINT('',(0.0173182260368436,0.0971872548795606,-0.00256740622071239));
#2641=CARTESIAN_POINT('',(0.0168050129355629,0.0980348441124464,-0.00237747870728963));
#2642=CARTESIAN_POINT('',(0.0166306750189099,0.098315184391861,-0.00231466015071181));
#2643=CARTESIAN_POINT('',(0.0163638839135052,0.0987326895503844,-0.00222110573363885));
#2644=CARTESIAN_POINT('',(0.016274072823942,0.0988713570652971,-0.0021900331630139));
#2645=CARTESIAN_POINT('',(0.0161379869736302,0.0990786419323853,-0.00214358483893379));
#2646=CARTESIAN_POINT('',(0.0160923968199502,0.0991476174872785,-0.00212812881953229));
#2647=CARTESIAN_POINT('',(0.0160007520708202,0.0992853356136096,-0.00209726898758519));
#2648=CARTESIAN_POINT('',(0.0159548850439919,0.0993538001032217,-0.00208192748752202));
#2649=CARTESIAN_POINT('',(0.0159084066381373,0.0994227071736204,-0.0020664868141035));
#2650=CARTESIAN_POINT('',(0.027,-0.0454579740500385,4.59242549680257E-19));
#2651=CARTESIAN_POINT('',(0.0291151883627833,0.0425420259499615,0.00719555266744305));
#2652=CARTESIAN_POINT('',(0.0286324583934558,0.0402450293085577,0.00733745487574849));
#2653=CARTESIAN_POINT('',(0.0281721265981397,0.0379395296682236,0.00741874472005407));
#2654=CARTESIAN_POINT('',(0.0277722012016928,0.0356226606100412,0.00746014110483873));
#2655=CARTESIAN_POINT('',(0.0293472608019519,0.042524807446179,0.00712322726912603));
#2656=CARTESIAN_POINT('',(0.0293477976213524,0.0425305469106761,0.00712305037527035));
#2657=CARTESIAN_POINT('',(0.0293483340765273,0.0425362864108411,0.0071228735341601));
#2658=CARTESIAN_POINT('',(0.0293488701358226,0.0425420259499618,0.00712269675649948));
#2659=CARTESIAN_POINT('',(0.0293472608019518,0.042524807446179,0.007123227269126));
#2660=CARTESIAN_POINT('',(0.0279896156206163,0.0355574603654914,0.00743442559994283));
#2661=CARTESIAN_POINT('',(0.0284994436458248,0.0378698164407696,0.00736656107284632));
#2662=CARTESIAN_POINT('',(0.0289526346308761,0.0401925473232561,0.00725326528769475));
#2663=CARTESIAN_POINT('',(0.0293472603838419,0.0425248075372038,0.00712322740690456));
#2664=CARTESIAN_POINT('',(0.027989616647739,0.0355574600894659,0.00743442391113918));
#2665=CARTESIAN_POINT('',(0.0279891977967396,0.0355559692110213,0.0074344796535417));
#2666=CARTESIAN_POINT('',(0.0279893374206927,0.0355564661686644,0.00743446107581828));
#2667=CARTESIAN_POINT('',(0.0279894770376927,0.0355569631281458,0.00743444249501703));
#2668=CARTESIAN_POINT('',(0.027989616647739,0.0355574600894659,0.00743442391113917));
#2669=CARTESIAN_POINT('',(0.027989197796738,0.0355559692110217,0.00743447965354191));
#2670=CARTESIAN_POINT('',(0.0275519943564905,0.0297749663189003,0.00747965923223797));
#2671=CARTESIAN_POINT('',(0.0281992525454164,0.0298961292721638,0.0074318919668605));
#2672=CARTESIAN_POINT('',(0.0293944597759244,0.0305718760010283,0.00715504709105397));
#2673=CARTESIAN_POINT('',(0.0302168732224764,0.0324743415366741,0.00676921679586072));
#2674=CARTESIAN_POINT('',(0.0296859300579904,0.0345044738303496,0.00703397364436403));
#2675=CARTESIAN_POINT('',(0.0286067298318242,0.0353402865808817,0.00735231367058285));
#2676=CARTESIAN_POINT('',(0.027989197796738,0.0355559692110217,0.00743447965354191));
#2677=CARTESIAN_POINT('',(0.0275519943564905,0.0297749663189003,0.00747965923223797));
#2678=CARTESIAN_POINT('',(0.0275018940086249,0.0107214099201532,0.00748318798401509));
#2679=CARTESIAN_POINT('',(0.0278628502692875,0.0138840752437338,0.00745897881207003));
#2680=CARTESIAN_POINT('',(0.0282765663300635,0.0202454759156045,0.00738580312365275));
#2681=CARTESIAN_POINT('',(0.0279463305414383,0.026616235624524,0.00745055745876244));
#2682=CARTESIAN_POINT('',(0.0275519943564906,0.0297749663189003,0.00747965923223803));
#2683=CARTESIAN_POINT('',(0.0275018940086237,0.0107214099201435,0.00748318798401509));
#2684=CARTESIAN_POINT('',(0.0274974134701516,0.0106822220375056,0.00748348714435749));
#2685=CARTESIAN_POINT('',(0.0274989096181646,0.010695284365849,0.00748338769818211));
#2686=CARTESIAN_POINT('',(0.0275004031315508,0.0107083469933184,0.00748328797646109));
#2687=CARTESIAN_POINT('',(0.0275018940086236,0.0107214099201435,0.00748318798401508));
#2688=CARTESIAN_POINT('',(0.0274974134701542,0.0106822220375053,0.00748348714435384));
#2689=CARTESIAN_POINT('',(0.0276901334038256,0.00480420575051509,0.0074681802257929));
#2690=CARTESIAN_POINT('',(0.0283613787121768,0.0049628775800203,0.00740615054848886));
#2691=CARTESIAN_POINT('',(0.0295668978667386,0.00574421179257086,0.00708958081599156));
#2692=CARTESIAN_POINT('',(0.0302483174820053,0.00782811698806529,0.00675320467285076));
#2693=CARTESIAN_POINT('',(0.0294304607224033,0.00986655979855016,0.00714487053023871));
#2694=CARTESIAN_POINT('',(0.0281853308067885,0.0105665613536027,0.00743776255861006));
#2695=CARTESIAN_POINT('',(0.0274974134701541,0.0106822220375053,0.00748348714435384));
#2696=CARTESIAN_POINT('',(0.0276901334038256,0.00480420575051509,0.0074681802257929));
#2697=CARTESIAN_POINT('',(0.0280799445583588,-0.0144417916630767,0.00742184072524312));
#2698=CARTESIAN_POINT('',(0.0285241473068635,-0.0128815819353452,0.00735720523132527));
#2699=CARTESIAN_POINT('',(0.0291510387346854,-0.00968976342511804,0.00718901199404599));
#2700=CARTESIAN_POINT('',(0.0292356967207827,-0.00480449026048955,0.00715912796332596));
#2701=CARTESIAN_POINT('',(0.0286483259695075,3.20573364621349E-5,0.0073327612544202));
#2702=CARTESIAN_POINT('',(0.0280088147977275,0.00321313155356377,0.00743873092643752));
#2703=CARTESIAN_POINT('',(0.0276901334038256,0.00480420575051506,0.00746818022579291));
#2704=CARTESIAN_POINT('',(0.028079944558346,-0.0144417916631196,0.00742184072524456));
#2705=CARTESIAN_POINT('',(0.0280707941191969,-0.0144738620670051,0.00742316643719236));
#2706=CARTESIAN_POINT('',(0.0280738503677144,-0.0144631736305024,0.00742272557237179));
#2707=CARTESIAN_POINT('',(0.0280769005175406,-0.0144524834971803,0.00742228366055211));
#2708=CARTESIAN_POINT('',(0.0280799445583461,-0.0144417916631196,0.00742184072524469));
#2709=CARTESIAN_POINT('',(0.0280707941191955,-0.0144738620670046,0.00742316643719487));
#2710=CARTESIAN_POINT('',(0.0280440475094017,-0.0200887198583107,0.00742697548118427));
#2711=CARTESIAN_POINT('',(0.0286166211504659,-0.0198761682784606,0.0073464859083539));
#2712=CARTESIAN_POINT('',(0.0296014128376382,-0.0191147295726204,0.00706349129833196));
#2713=CARTESIAN_POINT('',(0.0301940546330924,-0.0172957431038102,0.00678105533659787));
#2714=CARTESIAN_POINT('',(0.0296220786353575,-0.0154619963400582,0.00705559517270011));
#2715=CARTESIAN_POINT('',(0.028634914521686,-0.0146894125134476,0.00734179188974053));
#2716=CARTESIAN_POINT('',(0.0280707941191955,-0.0144738620670046,0.00742316643719487));
#2717=CARTESIAN_POINT('',(0.0280440475094017,-0.0200887198583107,0.00742697548118426));
#2718=CARTESIAN_POINT('',(0.0280177925118395,-0.0394201596437831,0.00743061897844667));
#2719=CARTESIAN_POINT('',(0.0284668389981495,-0.0378453752259349,0.00736911183448466));
#2720=CARTESIAN_POINT('',(0.0292062640403891,-0.0346543384382785,0.00718438630518919));
#2721=CARTESIAN_POINT('',(0.0296986700390166,-0.0297518281775645,0.00699489268743352));
#2722=CARTESIAN_POINT('',(0.0293227003797274,-0.0248323199582511,0.0071466316540875));
#2723=CARTESIAN_POINT('',(0.0285213745623017,-0.0216548326813429,0.00735987520303937));
#2724=CARTESIAN_POINT('',(0.0280440475094203,-0.0200887198583067,0.00742697548120788));
#2725=CARTESIAN_POINT('',(0.0280177925118387,-0.0394201596437832,0.00743061897844624));
#2726=CARTESIAN_POINT('',(0.0280089827718383,-0.0394510187243496,0.0074318203534621));
#2727=CARTESIAN_POINT('',(0.0280119225501806,-0.0394407332251172,0.00743142123379029));
#2728=CARTESIAN_POINT('',(0.0280148591320307,-0.0394304468656056,0.00743102077162274));
#2729=CARTESIAN_POINT('',(0.0280177925118387,-0.0394201596437832,0.00743061897844621));
#2730=CARTESIAN_POINT('',(0.0280089827718383,-0.0394510187243496,0.0074318203534621));
#2731=CARTESIAN_POINT('',(0.0277935405511224,-0.039383107960701,0.00745790140681172));
#2732=CARTESIAN_POINT('',(0.0270428380989319,-0.0391772030906079,0.00753777814493757));
#2733=CARTESIAN_POINT('',(0.0253587673842668,-0.0393970447128814,0.00742969872194056));
#2734=CARTESIAN_POINT('',(0.0240861634724218,-0.0410053942676666,0.00691401118510893));
#2735=CARTESIAN_POINT('',(0.0239389752237537,-0.0425997637928309,0.00684625542571905));
#2736=CARTESIAN_POINT('',(0.0244119531004974,-0.0441194272446694,0.00705677180619976));
#2737=CARTESIAN_POINT('',(0.0256740727452094,-0.0451672747272869,0.00745518559486496));
#2738=CARTESIAN_POINT('',(0.0272702540673308,-0.045342528847194,0.00752699149726649));
#2739=CARTESIAN_POINT('',(0.0287964321971573,-0.0448962305924914,0.0073463827734561));
#2740=CARTESIAN_POINT('',(0.0298636814691504,-0.0436572320356446,0.00693824669174418));
#2741=CARTESIAN_POINT('',(0.0300712498358926,-0.042069575193478,0.00684113592130748));
#2742=CARTESIAN_POINT('',(0.029655006222242,-0.0405290658522799,0.00702930083412338));
#2743=CARTESIAN_POINT('',(0.0287369056967891,-0.0397109835224257,0.00733299373285368));
#2744=CARTESIAN_POINT('',(0.0280089827718383,-0.0394510187243496,0.0074318203534621));
#2745=CARTESIAN_POINT('',(0.0277935405511226,-0.0393831079607007,0.00745790140681182));
#2746=CARTESIAN_POINT('',(0.0278409604341848,-0.0201975494495795,0.00745270323762753));
#2747=CARTESIAN_POINT('',(0.0283120663389242,-0.0217527191811512,0.00739954381163611));
#2748=CARTESIAN_POINT('',(0.0291015778116116,-0.0249090858775907,0.00721383041078963));
#2749=CARTESIAN_POINT('',(0.0294623343996144,-0.0297904720640423,0.00708142975113549));
#2750=CARTESIAN_POINT('',(0.0289827649482974,-0.034655104994616,0.00724891341840016));
#2751=CARTESIAN_POINT('',(0.0282388485510927,-0.0378202196865798,0.00741051945089141));
#2752=CARTESIAN_POINT('',(0.0277935405511225,-0.0393831079607008,0.00745790140681171));
#2753=CARTESIAN_POINT('',(0.0278409604341849,-0.0201975494495795,0.00745270323762806));
#2754=CARTESIAN_POINT('',(0.0278293676346483,-0.0201593337279535,0.00745400223548382));
#2755=CARTESIAN_POINT('',(0.0278332368407932,-0.0201720708881256,0.00745357172926085));
#2756=CARTESIAN_POINT('',(0.0278371011219289,-0.0201848094572619,0.007453138721076));
#2757=CARTESIAN_POINT('',(0.0278409604341859,-0.0201975494495787,0.00745270323762687));
#2758=CARTESIAN_POINT('',(0.0274779275353718,0.00471803453352124,0.007484756861131));
#2759=CARTESIAN_POINT('',(0.0277937386384437,0.00313746259922181,0.00746459123318415));
#2760=CARTESIAN_POINT('',(0.0284100701168297,-2.6172328782307E-5,0.00738156088856947));
#2761=CARTESIAN_POINT('',(0.0290104926760345,-0.00482848116903391,0.00722598115511795));
#2762=CARTESIAN_POINT('',(0.0289191890983092,-0.00967988225560252,0.00725409568006686));
#2763=CARTESIAN_POINT('',(0.0282979654578563,-0.0128510837019994,0.007400183009114));
#2764=CARTESIAN_POINT('',(0.0278565496889329,-0.0144011325699436,0.0074509276355625));
#2765=CARTESIAN_POINT('',(0.0274779275353689,0.00471803453352124,0.00748475686108536));
#2766=CARTESIAN_POINT('',(0.0274694021422342,0.00476069672549986,0.00748529636212661));
#2767=CARTESIAN_POINT('',(0.0274722442955183,0.00474647604563047,0.00748511813099513));
#2768=CARTESIAN_POINT('',(0.0274750861071088,0.00473225531776005,0.00748493829620461));
#2769=CARTESIAN_POINT('',(0.0274779275352447,0.00471803453349631,0.00748475686122004));
#2770=CARTESIAN_POINT('',(0.0273346566809493,0.0297017853327775,0.007492529940328));
#2771=CARTESIAN_POINT('',(0.027725116618142,0.0265530880344811,0.00747508989969216));
#2772=CARTESIAN_POINT('',(0.028048935219491,0.0202036139298979,0.00742158309319834));
#2773=CARTESIAN_POINT('',(0.0276352137273107,0.0138633406452635,0.00748175813093045));
#2774=CARTESIAN_POINT('',(0.0272746216557993,0.0107111501536192,0.00749497051003374));
#2775=CARTESIAN_POINT('',(0.0273346566809517,0.0297017853327775,0.00749252994038228));
#2776=CARTESIAN_POINT('',(0.0273296681628964,0.0297419146377905,0.00749275109038113));
#2777=CARTESIAN_POINT('',(0.0273313350148689,0.0297285386995161,0.00749267775176078));
#2778=CARTESIAN_POINT('',(0.0273329978503765,0.0297151622640944,0.00749260403256815));
#2779=CARTESIAN_POINT('',(0.0273346566810745,0.02970178533284,0.00749252994026818));
#2780=CARTESIAN_POINT('',(0.027,-0.0454579740500385,4.59242549680257E-19));
#2781=CARTESIAN_POINT('',(0.027,-0.0454579740500385,-0.0075));
#2782=CARTESIAN_POINT('',(0.0141800904670779,0.114542025949962,0.009));
#2783=CARTESIAN_POINT('',(-0.005,0.114542025949961,0.009));
#2784=CARTESIAN_POINT('',(-0.00904235554941598,0.121860538767682,0.0106399299182772));
#2785=CARTESIAN_POINT('',(0.027,-0.0454579740500385,4.59242549680257E-19));
#2786=CARTESIAN_POINT('',(0.027,-0.0534579740500385,4.59242549680257E-19));
#2787=CARTESIAN_POINT('',(0.027,-0.0534579740500385,-0.00189833969432232));
#2788=CARTESIAN_POINT('',(0.027,-0.0534579740500385,0.));
#2789=CARTESIAN_POINT('',(0.027,0.0327237461055922,-0.007502));
#2790=CARTESIAN_POINT('',(0.0280745729814412,0.0355246911081862,0.00758262035318773));
#2791=CARTESIAN_POINT('',(0.0280681735797201,0.0355271462167944,0.00752263160169703));
#2792=CARTESIAN_POINT('',(0.0280373858921665,0.0355391387721571,0.00746684131817646));
#2793=CARTESIAN_POINT('',(0.0279891977967386,0.0355559692110215,0.00743447965354105));
#2794=CARTESIAN_POINT('',(0.0275519943564906,0.0297749663189003,0.00747965923223802));
#2795=CARTESIAN_POINT('',(0.027601081471611,0.0297841551402037,0.00751454591824022));
#2796=CARTESIAN_POINT('',(0.0276311134185107,0.0297908786805528,0.007572342204523));
#2797=CARTESIAN_POINT('',(0.0276349587312297,0.0297917114179333,0.0076330734915184));
#2798=CARTESIAN_POINT('',(0.027,-0.0454579740500385,0.00016));
#2799=CARTESIAN_POINT('',(0.0270663602515011,0.0335209890528929,0.00765970641538859));
#2800=CARTESIAN_POINT('',(0.0268567661605258,0.0335384350731272,0.00766156098353031));
#2801=CARTESIAN_POINT('',(0.0264248893834382,0.0333991343201875,0.00764375283435605));
#2802=CARTESIAN_POINT('',(0.0261150477776098,0.032791777834412,0.00760674074835802));
#2803=CARTESIAN_POINT('',(0.0263289521761639,0.0321429961820381,0.00763405500318795));
#2804=CARTESIAN_POINT('',(0.0267353639989466,0.0319402120071484,0.00765824757326046));
#2805=CARTESIAN_POINT('',(0.0269445206126367,0.031925672150637,0.00765979479969804));
#2806=CARTESIAN_POINT('',(0.0270663602515011,0.0335209890528929,0.00765970641538859));
#2807=CARTESIAN_POINT('',(0.0269445206126367,0.031925672150637,0.00765979479969804));
#2808=CARTESIAN_POINT('',(0.0277147048536722,0.0356310242691035,0.00762586880223247));
#2809=CARTESIAN_POINT('',(0.0275120336956686,0.0349237813156682,0.00764527043708054));
#2810=CARTESIAN_POINT('',(0.0272950009373495,0.0342205338524522,0.00765768331573962));
#2811=CARTESIAN_POINT('',(0.0270663602515011,0.033520989052893,0.00765970641538859));
#2812=CARTESIAN_POINT('',(0.0277147048536719,0.0356310242691028,0.00762586880223145));
#2813=CARTESIAN_POINT('',(0.0277159182099876,0.0356370709435606,0.00762575254305024));
#2814=CARTESIAN_POINT('',(0.0277155143946759,0.0356350552572794,0.00762579126637162));
#2815=CARTESIAN_POINT('',(0.027715112545536,0.0356330391729294,0.00762582977382672));
#2816=CARTESIAN_POINT('',(0.0277147087557322,0.0356310234802349,0.00762586842868796));
#2817=CARTESIAN_POINT('',(0.0269445206126367,0.0319256721506371,0.00765979479969804));
#2818=CARTESIAN_POINT('',(0.0270636331457436,0.0311975075618027,0.00766067592918766));
#2819=CARTESIAN_POINT('',(0.0271690878739091,0.0304671611494919,0.00765867265657869));
#2820=CARTESIAN_POINT('',(0.0272622098760348,0.0297352270775603,0.00765541499724396));
#2821=CARTESIAN_POINT('',(0.027,0.00772374610559222,-0.007502));
#2822=CARTESIAN_POINT('',(0.0275797326619367,0.0106671981674889,0.00763756043377008));
#2823=CARTESIAN_POINT('',(0.0275762580663354,0.0106678825124399,0.00757673830325802));
#2824=CARTESIAN_POINT('',(0.0275464852210213,0.0106739715225622,0.00751873501122315));
#2825=CARTESIAN_POINT('',(0.0274974134701483,0.0106822220375063,0.00748348714436058));
#2826=CARTESIAN_POINT('',(0.0276901334038263,0.00480420575051519,0.00746818022579338));
#2827=CARTESIAN_POINT('',(0.0277390793476801,0.00481577580152564,0.00750224781671806));
#2828=CARTESIAN_POINT('',(0.0277694122569516,0.00482408605111566,0.00755945472993517));
#2829=CARTESIAN_POINT('',(0.0277741109595811,0.00482534098859144,0.00761994317821902));
#2830=CARTESIAN_POINT('',(0.027,-0.0454579740500385,0.00016));
#2831=CARTESIAN_POINT('',(0.0269237569428295,0.00852010469079944,0.00765961245640288));
#2832=CARTESIAN_POINT('',(0.0267229941580489,0.0085008837408881,0.00765757144847524));
#2833=CARTESIAN_POINT('',(0.0263427829516799,0.00830610711343348,0.00763493045878603));
#2834=CARTESIAN_POINT('',(0.0261213343069986,0.00770097767818484,0.00760760143549151));
#2835=CARTESIAN_POINT('',(0.026373485129132,0.00710832828122352,0.00763810363558064));
#2836=CARTESIAN_POINT('',(0.0267638099175405,0.0069334503198715,0.00765896585130845));
#2837=CARTESIAN_POINT('',(0.0269644929797446,0.0069245344618378,0.00765991594962988));
#2838=CARTESIAN_POINT('',(0.0269237569428295,0.00852010469079944,0.00765961245640288));
#2839=CARTESIAN_POINT('',(0.0269644929797446,0.00692453446183781,0.00765991594962987));
#2840=CARTESIAN_POINT('',(0.0271985834015448,0.0106540991385431,0.00765737051456242));
#2841=CARTESIAN_POINT('',(0.0271149280844718,0.00994177399747717,0.00765958629906838));
#2842=CARTESIAN_POINT('',(0.0270231028798403,0.00923041407211993,0.00766062243365161));
#2843=CARTESIAN_POINT('',(0.0269237569428295,0.00852010469079944,0.00765961245640289));
#2844=CARTESIAN_POINT('',(0.0271985834015448,0.0106540991385431,0.00765737051456248));
#2845=CARTESIAN_POINT('',(0.0272059110432387,0.0107166712035979,0.00765717284329716));
#2846=CARTESIAN_POINT('',(0.027203475341538,0.0106958130500981,0.00765723974023134));
#2847=CARTESIAN_POINT('',(0.0272010327912724,0.0106749556954762,0.00765730563739727));
#2848=CARTESIAN_POINT('',(0.027198583401547,0.0106540991385625,0.0076573705145622));
#2849=CARTESIAN_POINT('',(0.0269644929797447,0.00692453446183781,0.00765991594962987));
#2850=CARTESIAN_POINT('',(0.0271085978991613,0.006199529751225,0.00766059818878122));
#2851=CARTESIAN_POINT('',(0.0272571175034038,0.00547540944341608,0.00765705416728621));
#2852=CARTESIAN_POINT('',(0.0274049912702251,0.0047512081207986,0.00764905748883271));
#2853=CARTESIAN_POINT('',(0.027,-0.0172762538944078,-0.007502));
#2854=CARTESIAN_POINT('',(0.0281564182047547,-0.0145080962154249,0.00757031017810402));
#2855=CARTESIAN_POINT('',(0.0281495846399502,-0.0145052414435298,0.0075104494555777));
#2856=CARTESIAN_POINT('',(0.0281186748536205,-0.0144921572990788,0.00745506432477982));
#2857=CARTESIAN_POINT('',(0.0280707941191989,-0.0144738620670059,0.00742316643719017));
#2858=CARTESIAN_POINT('',(0.0280440475094024,-0.0200887198583105,0.0074269754811847));
#2859=CARTESIAN_POINT('',(0.0280919583971704,-0.0200709343122134,0.00745904301943019));
#2860=CARTESIAN_POINT('',(0.0281227235141023,-0.0200582573147054,0.00751463969460838));
#2861=CARTESIAN_POINT('',(0.0281293473571355,-0.0200555657781177,0.00757448410524501));
#2862=CARTESIAN_POINT('',(0.027,-0.0454579740500385,0.00016));
#2863=CARTESIAN_POINT('',(0.0271040806756966,-0.0164830532811034,0.00765927777942293));
#2864=CARTESIAN_POINT('',(0.0268815801058735,-0.0164538576283749,0.00766236581140831));
#2865=CARTESIAN_POINT('',(0.0264122141797975,-0.0165942548178117,0.00764357196695978));
#2866=CARTESIAN_POINT('',(0.0260996564068861,-0.0172622375596967,0.00760459844365219));
#2867=CARTESIAN_POINT('',(0.0263897654094981,-0.0179380968209235,0.00764136683117768));
#2868=CARTESIAN_POINT('',(0.0268555686181952,-0.0180944722498706,0.00766193293702452));
#2869=CARTESIAN_POINT('',(0.0270788458123089,-0.0180723589992032,0.0076595855444072));
#2870=CARTESIAN_POINT('',(0.0271040806756966,-0.0164830532811034,0.00765927777942294));
#2871=CARTESIAN_POINT('',(0.0270788458123089,-0.0180723589992032,0.0076595855444072));
#2872=CARTESIAN_POINT('',(0.0277825110641727,-0.0144510399560005,0.00761906672677268));
#2873=CARTESIAN_POINT('',(0.0275810166420421,-0.0151361522239284,0.00764020497643069));
#2874=CARTESIAN_POINT('',(0.0273536710938695,-0.015813638381656,0.00765581377393668));
#2875=CARTESIAN_POINT('',(0.0271040806756966,-0.0164830532811034,0.00765927777942293));
#2876=CARTESIAN_POINT('',(0.0277825110641727,-0.0144510399560005,0.00761906672677268));
#2877=CARTESIAN_POINT('',(0.0278017398322534,-0.0143853693859263,0.00761702442274251));
#2878=CARTESIAN_POINT('',(0.0277953564583922,-0.014407267079773,0.00761771072934398));
#2879=CARTESIAN_POINT('',(0.027788946856653,-0.0144291572639857,0.00761839156471666));
#2880=CARTESIAN_POINT('',(0.0277825110641976,-0.0144510399559155,0.00761906672676945));
#2881=CARTESIAN_POINT('',(0.0270788458123089,-0.0180723589992032,0.0076595855444072));
#2882=CARTESIAN_POINT('',(0.0273205315769989,-0.018769952103255,0.00765704461593486));
#2883=CARTESIAN_POINT('',(0.0275546004331504,-0.0194701109996392,0.00764270857807091));
#2884=CARTESIAN_POINT('',(0.0277736737189115,-0.0201747757550578,0.00761998853730122));
#2885=CARTESIAN_POINT('',(0.027,-0.0422762538944078,-0.007502));
#2886=CARTESIAN_POINT('',(0.0280943695183788,-0.0394829842408936,0.00757972744494321));
#2887=CARTESIAN_POINT('',(0.0280878857696542,-0.0394804439859776,0.00751977508840526));
#2888=CARTESIAN_POINT('',(0.0280570901888469,-0.0394681994374718,0.00746407300894581));
#2889=CARTESIAN_POINT('',(0.0280089827718383,-0.0394510187243496,0.00743182035346209));
#2890=CARTESIAN_POINT('',(0.0280943695183789,-0.0394829842408937,0.0075797274449432));
#2891=CARTESIAN_POINT('',(0.0280943695183789,-0.0394829842408936,0.00757972744494319));
#2892=CARTESIAN_POINT('',(0.0288098046381223,-0.0397632831323522,0.00747420464869027));
#2893=CARTESIAN_POINT('',(0.029695755540035,-0.0405978840144092,0.00717177627058162));
#2894=CARTESIAN_POINT('',(0.0300740744743993,-0.0421367123663279,0.0069998148546071));
#2895=CARTESIAN_POINT('',(0.0298353602466487,-0.0437091003779917,0.00711090181969501));
#2896=CARTESIAN_POINT('',(0.028756312514668,-0.0449198171914894,0.00751577208722643));
#2897=CARTESIAN_POINT('',(0.0272386748813881,-0.0453435803236532,0.00768744793390063));
#2898=CARTESIAN_POINT('',(0.0256600151427281,-0.045157449134698,0.00761106274015782));
#2899=CARTESIAN_POINT('',(0.0244115937548254,-0.044112487009194,0.00721634155533867));
#2900=CARTESIAN_POINT('',(0.0239419138936784,-0.0426121310853903,0.00700758592879427));
#2901=CARTESIAN_POINT('',(0.0240784932895069,-0.0410277054486764,0.00707062090265608));
#2902=CARTESIAN_POINT('',(0.0253292147392919,-0.0394231497767898,0.00757865764041183));
#2903=CARTESIAN_POINT('',(0.0269828355095374,-0.0391770518331911,0.00769817371538998));
#2904=CARTESIAN_POINT('',(0.0277370310576883,-0.0393681986645328,0.00762369782480528));
#2905=CARTESIAN_POINT('',(0.0277370310576882,-0.0393681986645329,0.00762369782480527));
#2906=CARTESIAN_POINT('',(0.0277935405511225,-0.0393831079607009,0.0074579014068118));
#2907=CARTESIAN_POINT('',(0.027751885336489,-0.0393716826462733,0.00750102994628418));
#2908=CARTESIAN_POINT('',(0.0277314492354062,-0.0393667839815041,0.00756298279111656));
#2909=CARTESIAN_POINT('',(0.0277370310576883,-0.0393681986645328,0.00762369782480527));
#2910=CARTESIAN_POINT('',(0.027,-0.0454579740500385,0.00016));
#2911=CARTESIAN_POINT('',(0.0270737421115147,-0.0414796598315443,0.00765963746463717));
#2912=CARTESIAN_POINT('',(0.0268816967395822,-0.0414618818541614,0.00766152580008001));
#2913=CARTESIAN_POINT('',(0.0264828884723913,-0.041572446141108,0.00764769730132784));
#2914=CARTESIAN_POINT('',(0.026146294509622,-0.0420922334627278,0.00761099709472897));
#2915=CARTESIAN_POINT('',(0.0262394859961892,-0.0427057293374699,0.00762298934400464));
#2916=CARTESIAN_POINT('',(0.02671593415851,-0.043102254616219,0.0076625032698932));
#2917=CARTESIAN_POINT('',(0.0273364866861408,-0.0430821029352625,0.00765993936348577));
#2918=CARTESIAN_POINT('',(0.0277864518600439,-0.0426567177289734,0.00761976398587614));
#2919=CARTESIAN_POINT('',(0.0278395702356769,-0.0420369672025678,0.00761298487290941));
#2920=CARTESIAN_POINT('',(0.0275950753086738,-0.0417070963007706,0.00763816826927745));
#2921=CARTESIAN_POINT('',(0.0274306798293966,-0.0416020767036405,0.0076476241148011));
#2922=CARTESIAN_POINT('',(0.0270737421115147,-0.0414796598315443,0.00765963746463717));
#2923=CARTESIAN_POINT('',(0.0274306798293961,-0.041602076703641,0.00764762411480112));
#2924=CARTESIAN_POINT('',(0.0277189627458084,-0.0394300287750605,0.00762545997043315));
#2925=CARTESIAN_POINT('',(0.027517640869913,-0.0401173129951784,0.00764484831746847));
#2926=CARTESIAN_POINT('',(0.0273018529320574,-0.0408005232691806,0.00765739450640811));
#2927=CARTESIAN_POINT('',(0.0270737421115147,-0.0414796598315443,0.00765963746463715));
#2928=CARTESIAN_POINT('',(0.0277189627458084,-0.0394300287750605,0.00762545997043315));
#2929=CARTESIAN_POINT('',(0.0277370310576882,-0.0393681986645329,0.00762369782480527));
#2930=CARTESIAN_POINT('',(0.0277310216167256,-0.0393888124244113,0.00762429124977139));
#2931=CARTESIAN_POINT('',(0.0277249988266083,-0.0394094224546259,0.00762487866435833));
#2932=CARTESIAN_POINT('',(0.0277189627458083,-0.0394300287750605,0.00762545997043231));
#2933=CARTESIAN_POINT('',(0.0274306798293961,-0.041602076703641,0.00764762411480112));
#2934=CARTESIAN_POINT('',(0.0276661881487257,-0.0409000250444957,0.00763407793763797));
#2935=CARTESIAN_POINT('',(0.0278881496916814,-0.040193668754151,0.00761014374986781));
#2936=CARTESIAN_POINT('',(0.0280943695183788,-0.0394829842408936,0.00757972744494319));
#2937=CARTESIAN_POINT('',(0.0230218857933526,0.082458606543827,-0.007502));
#2938=CARTESIAN_POINT('',(0.0245102303393281,0.0798538358221578,0.00932934694525069));
#2939=CARTESIAN_POINT('',(0.0245526034113308,0.0798780474466538,0.00936543492304332));
#2940=CARTESIAN_POINT('',(0.024577713002618,0.0798935694074261,0.00942330634632012));
#2941=CARTESIAN_POINT('',(0.0245808887038301,0.0798955010202243,0.00948381927238719));
#2942=CARTESIAN_POINT('',(0.0245808887038301,0.0798955010202243,0.00948381927238719));
#2943=CARTESIAN_POINT('',(0.0242468698258217,0.0797201007249185,0.00950509350559877));
#2944=CARTESIAN_POINT('',(0.0242446486716916,0.079719107161814,0.00944421463074665));
#2945=CARTESIAN_POINT('',(0.0242662061676825,0.0797284641673308,0.00938350004819075));
#2946=CARTESIAN_POINT('',(0.0243067253018847,0.0797476680647547,0.00934217269900521));
#2947=CARTESIAN_POINT('',(0.0242468698258217,0.0797201007249185,0.00950509350559877));
#2948=CARTESIAN_POINT('',(0.0242468698258217,0.0797201007249185,0.00950509350559877));
#2949=CARTESIAN_POINT('',(0.0235256995285478,0.0793975079837413,0.00953800134721729));
#2950=CARTESIAN_POINT('',(0.0222723076700094,0.0793700127867524,0.00943957289913478));
#2951=CARTESIAN_POINT('',(0.0209255210626053,0.080206292173513,0.00924523893354932));
#2952=CARTESIAN_POINT('',(0.0202232578027627,0.0811777932558015,0.00923170391565447));
#2953=CARTESIAN_POINT('',(0.0199515668904351,0.0823300899336763,0.00944767976144554));
#2954=CARTESIAN_POINT('',(0.0201195350968727,0.0834544053407188,0.00982431255124861));
#2955=CARTESIAN_POINT('',(0.0206729279506178,0.0844369437739646,0.010211214814593));
#2956=CARTESIAN_POINT('',(0.0215798283363127,0.0851772624801491,0.0104631663648246));
#2957=CARTESIAN_POINT('',(0.0227340788507986,0.0855228081782353,0.0104548942460721));
#2958=CARTESIAN_POINT('',(0.0242921798943403,0.0853610568113977,0.0101096254869986));
#2959=CARTESIAN_POINT('',(0.0255316972489486,0.0843944196558467,0.00952997490748719));
#2960=CARTESIAN_POINT('',(0.0260652363001115,0.0829158278077843,0.00924183887378261));
#2961=CARTESIAN_POINT('',(0.0259905795993864,0.0813119544716117,0.00923679994449679));
#2962=CARTESIAN_POINT('',(0.0252498584535297,0.0803024002981507,0.00942880598205692));
#2963=CARTESIAN_POINT('',(0.0245808887038301,0.0798955010202243,0.00948381927238719));
#2964=CARTESIAN_POINT('',(0.0208386046860477,0.0788564078175549,0.00887973926097272));
#2965=CARTESIAN_POINT('',(0.0206937527762174,0.0794346323776205,0.00896284667719377));
#2966=CARTESIAN_POINT('',(0.0205424052980822,0.0800093920374958,0.00904878845671226));
#2967=CARTESIAN_POINT('',(0.0200199639386516,0.0818953658893588,0.00934176679977604));
#2968=CARTESIAN_POINT('',(0.0196197277838043,0.0831951343062333,0.0095608253404237));
#2969=CARTESIAN_POINT('',(0.0191756136976029,0.0844753540410138,0.00979172802778881));
#2970=CARTESIAN_POINT('',(0.0217881963183542,0.0790342177209698,0.0092997787493411));
#2971=CARTESIAN_POINT('',(0.0216418624196548,0.0796183412030982,0.00938373318454372));
#2972=CARTESIAN_POINT('',(0.0214889133624175,0.0801991811302218,0.0094705822659464));
#2973=CARTESIAN_POINT('',(0.0209607504143064,0.0821058095006215,0.00976676919900259));
#2974=CARTESIAN_POINT('',(0.0205555966984652,0.0834218247947397,0.00998853901539102));
#2975=CARTESIAN_POINT('',(0.0201051621829398,0.0847202380530275,0.0102227209847728));
#2976=CARTESIAN_POINT('',(0.0227491780840032,0.0792477718985985,0.00949126837321397));
#2977=CARTESIAN_POINT('',(0.0226011386902652,0.07983868455052,0.00957619796298838));
#2978=CARTESIAN_POINT('',(0.0224463543414435,0.0804264911369141,0.00966408699937781));
#2979=CARTESIAN_POINT('',(0.0219116622943812,0.0823566890748184,0.00996393536316655));
#2980=CARTESIAN_POINT('',(0.0215010066666341,0.0836908341306046,0.0101887349541113));
#2981=CARTESIAN_POINT('',(0.0210436363958824,0.0850092105349326,0.0104265156451788));
#2982=CARTESIAN_POINT('',(0.0236644090626681,0.0794751067249576,0.00950721386630757));
#2983=CARTESIAN_POINT('',(0.0235145987905496,0.0800730691991968,0.00959315624088887));
#2984=CARTESIAN_POINT('',(0.0233579136964063,0.0806680903504828,0.00968212248092673));
#2985=CARTESIAN_POINT('',(0.0228164769498601,0.0826226361552486,0.00998575318122058));
#2986=CARTESIAN_POINT('',(0.0224002070329702,0.0839752505205674,0.0102136420583458));
#2987=CARTESIAN_POINT('',(0.0219358468125699,0.0853137450009664,0.0104550497121904));
#2988=CARTESIAN_POINT('',(0.024677794875734,0.079726822295364,0.00952486944928069));
#2989=CARTESIAN_POINT('',(0.0245260238056649,0.080332590656956,0.00961193322575825));
#2990=CARTESIAN_POINT('',(0.0243672341189236,0.0809356001061464,0.0097020921951951));
#2991=CARTESIAN_POINT('',(0.0238183293310525,0.0829171049883813,0.0100099108723427));
#2992=CARTESIAN_POINT('',(0.023395843015133,0.0842901694222551,0.0102412203491425));
#2993=CARTESIAN_POINT('',(0.0229237432011513,0.0856509395613149,0.0104866439429067));
#2994=CARTESIAN_POINT('',(0.0257379078347208,0.0800209171556235,0.00932947953684805));
#2995=CARTESIAN_POINT('',(0.0255838972000876,0.0806356016118006,0.00941782443469283));
#2996=CARTESIAN_POINT('',(0.0254227094927783,0.0812477124555253,0.00950934261586555));
#2997=CARTESIAN_POINT('',(0.0248653158365446,0.0832598615221922,0.00982192173578153));
#2998=CARTESIAN_POINT('',(0.0244358454897071,0.0846558644158075,0.0100570713602428));
#2999=CARTESIAN_POINT('',(0.0239551552628726,0.0860413577091009,0.0103069525167201));
#3000=CARTESIAN_POINT('',(0.0267629933287468,0.0803472849871408,0.00884872801137359));
#3001=CARTESIAN_POINT('',(0.0266065601126542,0.080971614715212,0.00893845908579941));
#3002=CARTESIAN_POINT('',(0.0264427856449433,0.0815935424739372,0.00903144369403575));
#3003=CARTESIAN_POINT('',(0.0258762605320792,0.0836386554169112,0.00934914361139374));
#3004=CARTESIAN_POINT('',(0.0254393805851443,0.085058947651897,0.00958836376708453));
#3005=CARTESIAN_POINT('',(0.0249497097784253,0.0864702853462103,0.00984290513357344));
#3006=CARTESIAN_POINT('',(0.0232380812520057,0.0816883731222882,0.00983614493144154));
#3007=CARTESIAN_POINT('',(0.0230511843967167,0.081635913374087,0.0098361438451269));
#3008=CARTESIAN_POINT('',(0.0226353372482936,0.0816739740851808,0.0098403652731805));
#3009=CARTESIAN_POINT('',(0.0222129688918306,0.082131361025059,0.00989287441213263));
#3010=CARTESIAN_POINT('',(0.0221979729657008,0.0827433714143888,0.0100064794900785));
#3011=CARTESIAN_POINT('',(0.0225915790386289,0.0832199769417819,0.0100999443503656));
#3012=CARTESIAN_POINT('',(0.0232124893627153,0.0833112010919918,0.0100746991709714));
#3013=CARTESIAN_POINT('',(0.0237248868324451,0.0829739199610512,0.00996110279660123));
#3014=CARTESIAN_POINT('',(0.0238914733344633,0.082381323823183,0.00986640712446636));
#3015=CARTESIAN_POINT('',(0.0237111966932023,0.0820074150265437,0.00984566195416153));
#3016=CARTESIAN_POINT('',(0.0235672181036844,0.0818732752946133,0.00984060018832001));
#3017=CARTESIAN_POINT('',(0.0235672181036842,0.0818732752946132,0.00984060018832001));
#3018=CARTESIAN_POINT('',(0.0232380812520057,0.0816883731222882,0.00983614493144154));
#3019=CARTESIAN_POINT('',(0.0245578022440043,0.0799439440268909,0.00949243177970776));
#3020=CARTESIAN_POINT('',(0.0242462449736562,0.0805964102502739,0.00960849502227647));
#3021=CARTESIAN_POINT('',(0.0239153748111528,0.0812394408224821,0.0097253192491938));
#3022=CARTESIAN_POINT('',(0.0235672181036847,0.0818732752946134,0.00984060018831999));
#3023=CARTESIAN_POINT('',(0.0245578022440043,0.0799439440268909,0.00949243177970776));
#3024=CARTESIAN_POINT('',(0.0245808887038301,0.0798955010202243,0.00948381927238718));
#3025=CARTESIAN_POINT('',(0.0245732055176282,0.0799116546447888,0.0094866895812536));
#3026=CARTESIAN_POINT('',(0.0245655100285677,0.0799278023105408,0.00948956042809894));
#3027=CARTESIAN_POINT('',(0.0245578022440043,0.0799439440268909,0.00949243177970777));
#3028=CARTESIAN_POINT('',(0.0232380812520058,0.0816883731222882,0.00983614493144155));
#3029=CARTESIAN_POINT('',(0.0235930090817042,0.0810418357543763,0.00972706341016191));
#3030=CARTESIAN_POINT('',(0.0239300576369444,0.080385855687612,0.00961593609036485));
#3031=CARTESIAN_POINT('',(0.0242468698258147,0.079720100724915,0.00950509350559904));
#3032=CARTESIAN_POINT('',(0.0266532325271462,0.0577237461055922,-0.007502));
#3033=CARTESIAN_POINT('',(0.0270861606393564,0.0606923439647941,0.00769041537027931));
#3034=CARTESIAN_POINT('',(0.027042753540173,0.0606986742777558,0.00773290436323832));
#3035=CARTESIAN_POINT('',(0.0270211223337163,0.0607011078437,0.00779468371290448));
#3036=CARTESIAN_POINT('',(0.0270261651683321,0.0607004760639758,0.00785548795341973));
#3037=CARTESIAN_POINT('',(0.0270261651683321,0.0607004760639757,0.00785548795341973));
#3038=CARTESIAN_POINT('',(0.027516877454554,0.0548507481175381,0.00769139025975351));
#3039=CARTESIAN_POINT('',(0.0275116627998604,0.054849180552892,0.00763060860606324));
#3040=CARTESIAN_POINT('',(0.027532123453161,0.054855046641122,0.0075687801311225));
#3041=CARTESIAN_POINT('',(0.0275734566670688,0.0548683674035102,0.00752584715460298));
#3042=CARTESIAN_POINT('',(0.027516877454554,0.0548507481175381,0.00769139025975351));
#3043=CARTESIAN_POINT('',(0.0275168774545544,0.0548507481175382,0.00769139025975348));
#3044=CARTESIAN_POINT('',(0.0270840569418076,0.0547206389974253,0.00773215775272641));
#3045=CARTESIAN_POINT('',(0.0261657028059073,0.0546608041378126,0.00773887007396517));
#3046=CARTESIAN_POINT('',(0.0248972787743727,0.0551703532465034,0.00752359723331418));
#3047=CARTESIAN_POINT('',(0.0239757237180375,0.0561615512266182,0.0072381133828198));
#3048=CARTESIAN_POINT('',(0.0235600008624267,0.0574754680695513,0.00710805208081437));
#3049=CARTESIAN_POINT('',(0.0237613794214639,0.0588388167803561,0.00727520843986998));
#3050=CARTESIAN_POINT('',(0.0245070194766508,0.0599560841666055,0.00760721746721404));
#3051=CARTESIAN_POINT('',(0.0256617533339983,0.0606617873309085,0.00787412782571831));
#3052=CARTESIAN_POINT('',(0.0265793356731493,0.0607564560507828,0.00789136887412983));
#3053=CARTESIAN_POINT('',(0.0270261651683322,0.0607004760639758,0.00785548795341973));
#3054=CARTESIAN_POINT('',(0.0237578102022474,0.0545668519871648,0.00708035679823881));
#3055=CARTESIAN_POINT('',(0.0237428535571257,0.0549456979473715,0.00708640742084541));
#3056=CARTESIAN_POINT('',(0.0237268999687662,0.0553239893072827,0.00709302982216589));
#3057=CARTESIAN_POINT('',(0.0236363175414404,0.0573362026754377,0.00713163896721121));
#3058=CARTESIAN_POINT('',(0.0235430238536741,0.0589598494168131,0.00717476713720992));
#3059=CARTESIAN_POINT('',(0.0234260296912203,0.0605714596830424,0.00723368068984717));
#3060=CARTESIAN_POINT('',(0.0247713417733547,0.0545996827314416,0.00753004152585599));
#3061=CARTESIAN_POINT('',(0.024756331490311,0.0549798835009701,0.00753611401643392));
#3062=CARTESIAN_POINT('',(0.0247403194574834,0.0553595592650229,0.00754276083831311));
#3063=CARTESIAN_POINT('',(0.0246493975244279,0.0573793057466431,0.00758151547315436));
#3064=CARTESIAN_POINT('',(0.0245557400838735,0.0590095800398321,0.00762480742945563));
#3065=CARTESIAN_POINT('',(0.0244382286758383,0.06062837454577,0.0076839804295577));
#3066=CARTESIAN_POINT('',(0.0258067934002842,0.0546374631366922,0.00772407328404737));
#3067=CARTESIAN_POINT('',(0.0257917176374395,0.0550193186253213,0.00773017247276054));
#3068=CARTESIAN_POINT('',(0.0257756339823017,0.0554006923224482,0.00773684921836214));
#3069=CARTESIAN_POINT('',(0.025684294328527,0.0574297147794471,0.00777578280668457));
#3070=CARTESIAN_POINT('',(0.0255901823746843,0.0590682952839113,0.00781927893155063));
#3071=CARTESIAN_POINT('',(0.0254720141580807,0.0606962051794636,0.00787878141017109));
#3072=CARTESIAN_POINT('',(0.0267946430319841,0.0546764599263472,0.00772432760643463));
#3073=CARTESIAN_POINT('',(0.0267794973588391,0.0550600825636732,0.00773045530106115));
#3074=CARTESIAN_POINT('',(0.0267633370750829,0.0554432736778076,0.00773716406021887));
#3075=CARTESIAN_POINT('',(0.0266715495358551,0.0574822462280507,0.00777628949343765));
#3076=CARTESIAN_POINT('',(0.0265769462217601,0.0591298205641847,0.00782000606279278));
#3077=CARTESIAN_POINT('',(0.0264580619671459,0.0607676637632249,0.00787986774668249));
#3078=CARTESIAN_POINT('',(0.0270410301740531,0.0546861864143111,0.00772439103892897));
#3079=CARTESIAN_POINT('',(0.0270258670640447,0.0550702498097274,0.00773052584343364));
#3080=CARTESIAN_POINT('',(0.027009687667758,0.0554538942197562,0.00773724258733757));
#3081=CARTESIAN_POINT('',(0.0269177884179892,0.0574953484989579,0.00777641587006118));
#3082=CARTESIAN_POINT('',(0.0268230625499706,0.0591451660555278,0.00782018742216461));
#3083=CARTESIAN_POINT('',(0.0267039997028324,0.060785486795865,0.00788013869819148));
#3084=CARTESIAN_POINT('',(0.0272911946872893,0.0546962561586149,0.00771230331946102));
#3085=CARTESIAN_POINT('',(0.0272760133839533,0.0550807794610294,0.0077184455423699));
#3086=CARTESIAN_POINT('',(0.0272598140365665,0.0554648971024129,0.00772517062124855));
#3087=CARTESIAN_POINT('',(0.027167798118254,0.0575089435061646,0.00776439387533124));
#3088=CARTESIAN_POINT('',(0.0270729440216019,0.0591611089790678,0.00780822294009042));
#3089=CARTESIAN_POINT('',(0.0269536939653647,0.0608040265596229,0.00786826813168908));
#3090=CARTESIAN_POINT('',(0.0275442597326017,0.0547066529905433,0.0076869096106665));
#3091=CARTESIAN_POINT('',(0.0275290594950535,0.0550916549576682,0.00769305955416054));
#3092=CARTESIAN_POINT('',(0.0275128393741794,0.0554762653865206,0.00769979331147175));
#3093=CARTESIAN_POINT('',(0.027420701918522,0.057523012352493,0.00773906862038567));
#3094=CARTESIAN_POINT('',(0.027325713994016,0.0591776291343847,0.00778295769232006));
#3095=CARTESIAN_POINT('',(0.0272062681891364,0.0608232617630945,0.0078431010843646));
#3096=CARTESIAN_POINT('',(0.0266346737971304,0.0585235308100832,0.00780763314494175));
#3097=CARTESIAN_POINT('',(0.0264154444740874,0.0585184436687624,0.00780854587731497));
#3098=CARTESIAN_POINT('',(0.0259913947445659,0.0583216448522709,0.00778170529452195));
#3099=CARTESIAN_POINT('',(0.0257621134741126,0.057654056553733,0.00773089734518978));
#3100=CARTESIAN_POINT('',(0.0260943868393794,0.0570274493478475,0.00775241826343701));
#3101=CARTESIAN_POINT('',(0.0265459104816786,0.0569012117395527,0.00776869334874997));
#3102=CARTESIAN_POINT('',(0.0267631059420552,0.0569313271301135,0.00776719433005761));
#3103=CARTESIAN_POINT('',(0.0266346737971303,0.0585235308100832,0.00780763314494175));
#3104=CARTESIAN_POINT('',(0.0267631059420552,0.0569313271301135,0.00776719433005761));
#3105=CARTESIAN_POINT('',(0.0270160796149851,0.0606337016296,0.00785420835940609));
#3106=CARTESIAN_POINT('',(0.0269086680017663,0.059926883464931,0.0078406377115717));
#3107=CARTESIAN_POINT('',(0.0267807229878795,0.0592232687644036,0.00782628840203302));
#3108=CARTESIAN_POINT('',(0.0266346737971285,0.0585235308100836,0.00780763314494177));
#3109=CARTESIAN_POINT('',(0.0270160796149848,0.0606337016296,0.0078542083594057));
#3110=CARTESIAN_POINT('',(0.0270261651683321,0.0607004760639757,0.00785548795341973));
#3111=CARTESIAN_POINT('',(0.0270228234742415,0.0606782148608356,0.00785506214474799));
#3112=CARTESIAN_POINT('',(0.0270194616091281,0.0606559567174928,0.00785463564887841));
#3113=CARTESIAN_POINT('',(0.0270160796149875,0.0606337016296141,0.00785420835940677));
#3114=CARTESIAN_POINT('',(0.0267631059420552,0.0569313271301135,0.00776719433005761));
#3115=CARTESIAN_POINT('',(0.0270293692041281,0.0562430854467708,0.00774935790831918));
#3116=CARTESIAN_POINT('',(0.0272817914158162,0.0555497648708031,0.00772309904673869));
#3117=CARTESIAN_POINT('',(0.0275168774545541,0.054850748117538,0.00769139025975351));
#3118=CARTESIAN_POINT('',(0.0278440731150575,-0.0201950836757533,0.00744911681638971));
#3119=CARTESIAN_POINT('',(0.0276181018335054,-0.0194640890488962,0.00747850028717903));
#3120=CARTESIAN_POINT('',(0.0273763608030163,-0.0187402195877919,0.00749928254301289));
#3121=CARTESIAN_POINT('',(0.0271257398447683,-0.0180172888894455,0.00750751399460517));
#3122=CARTESIAN_POINT('',(0.027696676260337,-0.0203116418555561,0.00761432699411501));
#3123=CARTESIAN_POINT('',(0.0274720067792039,-0.0195817014048583,0.00764412816576186));
#3124=CARTESIAN_POINT('',(0.027231019361911,-0.0188575525655174,0.00766576403895258));
#3125=CARTESIAN_POINT('',(0.0269806584626886,-0.0181341058711255,0.00767458105613796));
#3126=CARTESIAN_POINT('',(0.0278063885657989,-0.020238445407386,0.00779661172598763));
#3127=CARTESIAN_POINT('',(0.0275800950667845,-0.0195055379403355,0.00782619894492212));
#3128=CARTESIAN_POINT('',(0.0273372383638317,-0.018777659934254,0.00784729932414717));
#3129=CARTESIAN_POINT('',(0.0270857645129371,-0.0180518982352093,0.00785572640384186));
#3130=CARTESIAN_POINT('',(0.0279556043252856,-0.0201279856692567,0.00779900709092133));
#3131=CARTESIAN_POINT('',(0.0277276289238779,-0.0193927981844207,0.00782822533705836));
#3132=CARTESIAN_POINT('',(0.0274832822020377,-0.0186630149745064,0.00784851707361989));
#3133=CARTESIAN_POINT('',(0.0272310341422393,-0.017936275642621,0.0078563768804765));
#3134=CARTESIAN_POINT('',(0.0280456248676216,-0.0200613462903674,0.00780045219330975));
#3135=CARTESIAN_POINT('',(0.0278166347894388,-0.019324783291053,0.00782944784143535));
#3136=CARTESIAN_POINT('',(0.0275713891524385,-0.0185938506885888,0.0078492517310605));
#3137=CARTESIAN_POINT('',(0.0273186740192852,-0.0178665215594942,0.00785676930725252));
#3138=CARTESIAN_POINT('',(0.0281321443033186,-0.0199936881034528,0.00772057149064925));
#3139=CARTESIAN_POINT('',(0.0279023534069053,-0.0192563841050255,0.00774932738518882));
#3140=CARTESIAN_POINT('',(0.0276565921422372,-0.01852539500769,0.00776863580953221));
#3141=CARTESIAN_POINT('',(0.0274036728719969,-0.0177982176066237,0.00777581224021768));
#3142=CARTESIAN_POINT('',(0.0281119388422927,-0.0200020197030344,0.00757110666690011));
#3143=CARTESIAN_POINT('',(0.0278826957326904,-0.0192660906898338,0.0075998651542991));
#3144=CARTESIAN_POINT('',(0.0276377754584095,-0.0185372831548256,0.00761923427824577));
#3145=CARTESIAN_POINT('',(0.0273854102112138,-0.0178115568375791,0.00762646508947672));
#3146=CARTESIAN_POINT('',(0.0270788458123089,-0.0180723589992032,0.0076595855444072));
#3147=CARTESIAN_POINT('',(0.0270807392775183,-0.0180721714714489,0.00776318379594377));
#3148=CARTESIAN_POINT('',(0.0272797633104206,-0.0180500249071269,0.00795328711732545));
#3149=CARTESIAN_POINT('',(0.0274381793474809,-0.0179455929662053,0.00775095752910088));
#3150=CARTESIAN_POINT('',(0.0274348287788127,-0.017947762593619,0.00764738431851139));
#3151=CARTESIAN_POINT('',(0.027953431575786,-0.0201207166257933,0.00759915104230949));
#3152=CARTESIAN_POINT('',(0.027783825881266,-0.0394320002811904,0.00745540142970354));
#3153=CARTESIAN_POINT('',(0.0286973635059155,-0.0363008761777039,0.0073442898852365));
#3154=CARTESIAN_POINT('',(0.0293099373901437,-0.033054863284873,0.00710495561298277));
#3155=CARTESIAN_POINT('',(0.0293786387312436,-0.0281963960597483,0.00708055745778118));
#3156=CARTESIAN_POINT('',(0.0292590256156203,-0.0265695158564268,0.00712726255979123));
#3157=CARTESIAN_POINT('',(0.0287302335015234,-0.0233310944296726,0.00728302780451693));
#3158=CARTESIAN_POINT('',(0.0283271164925674,-0.0217519896498579,0.00738495135009649));
#3159=CARTESIAN_POINT('',(0.0278454712272263,-0.020193978923018,0.00744756872492301));
#3160=CARTESIAN_POINT('',(0.0275966771816823,-0.0394366642627936,0.00762453464187973));
#3161=CARTESIAN_POINT('',(0.0285121299877879,-0.0363135449753833,0.00751532153829218));
#3162=CARTESIAN_POINT('',(0.0291254217439246,-0.0330859097135712,0.00727674374817712));
#3163=CARTESIAN_POINT('',(0.0292045721296644,-0.0282702037618586,0.00724825609521856));
#3164=CARTESIAN_POINT('',(0.0290897860217334,-0.026656536733533,0.00729339505579265));
#3165=CARTESIAN_POINT('',(0.0285721293455816,-0.0234408873773401,0.00744662264373555));
#3166=CARTESIAN_POINT('',(0.0281740285095936,-0.0218682648569124,0.0075483864488689));
#3167=CARTESIAN_POINT('',(0.0276952299134293,-0.0203126061263379,0.00761190851378252));
#3168=CARTESIAN_POINT('',(0.0277324854802216,-0.039423490119117,0.00780585667676799));
#3169=CARTESIAN_POINT('',(0.028648807873091,-0.036287041278998,0.00769502378912319));
#3170=CARTESIAN_POINT('',(0.0292595617139712,-0.0330492546470816,0.00745628409125148));
#3171=CARTESIAN_POINT('',(0.0293310556652863,-0.0282232969973876,0.00743078276324142));
#3172=CARTESIAN_POINT('',(0.0292134332227687,-0.0266055845084274,0.00747682561006077));
#3173=CARTESIAN_POINT('',(0.0286889271095984,-0.0233801150299203,0.0076315456805646));
#3174=CARTESIAN_POINT('',(0.0282872422115534,-0.0218015148752691,0.00773352143120909));
#3175=CARTESIAN_POINT('',(0.0278049706627616,-0.0202394950364515,0.00779658896434887));
#3176=CARTESIAN_POINT('',(0.0279196342143993,-0.0394134549625135,0.00780354723498125));
#3177=CARTESIAN_POINT('',(0.0288352810546016,-0.0362648750042632,0.00769068305288775));
#3178=CARTESIAN_POINT('',(0.0294442103898056,-0.0330104580735315,0.00745139923090833));
#3179=CARTESIAN_POINT('',(0.0295052147647793,-0.0281531396844069,0.00742999765963835));
#3180=CARTESIAN_POINT('',(0.0293831309858048,-0.0265252552113486,0.00747747902093152));
#3181=CARTESIAN_POINT('',(0.0288481649545425,-0.0232806923649152,0.00763454525539953));
#3182=CARTESIAN_POINT('',(0.0284414946223019,-0.0216949111496532,0.00773673343242071));
#3183=CARTESIAN_POINT('',(0.0279556043252856,-0.0201279856692567,0.00779900709092133));
#3184=CARTESIAN_POINT('',(0.0281770498073181,-0.0393996520062793,0.00780037069024286));
#3185=CARTESIAN_POINT('',(0.0290917674518671,-0.0362343861806078,0.00768471254394114));
#3186=CARTESIAN_POINT('',(0.0296981872525425,-0.0329570949395114,0.00744468030103107));
#3187=CARTESIAN_POINT('',(0.0297447636351214,-0.0280566411085661,0.00742891778105742));
#3188=CARTESIAN_POINT('',(0.029616543466423,-0.0264147654785318,0.00747837776143036));
#3189=CARTESIAN_POINT('',(0.0290671902365008,-0.0231439404687598,0.00763867105052196));
#3190=CARTESIAN_POINT('',(0.0286536626390746,-0.0215482819920619,0.00774115141152155));
#3191=CARTESIAN_POINT('',(0.0281627948987221,-0.0199746089980299,0.00780233312723216));
#3192=CARTESIAN_POINT('',(0.0282885817940737,-0.0394024337601831,0.00752684704387823));
#3193=CARTESIAN_POINT('',(0.0292008745765608,-0.0362366697729282,0.00741019506962083));
#3194=CARTESIAN_POINT('',(0.0298080123585179,-0.0329466171343933,0.00716949212428497));
#3195=CARTESIAN_POINT('',(0.0298484035569932,-0.0280088755263797,0.00715615613492795));
#3196=CARTESIAN_POINT('',(0.0297169281004507,-0.0263559766261441,0.00720668160756591));
#3197=CARTESIAN_POINT('',(0.0291602392333902,-0.02306777160913,0.00736868549362134));
#3198=CARTESIAN_POINT('',(0.0287436904007615,-0.0214689735371155,0.00747120650198416));
#3199=CARTESIAN_POINT('',(0.0282519255810311,-0.0198965428857912,0.00753173432653988));
#3200=CARTESIAN_POINT('',(0.0279865712151811,-0.0394223175439718,0.0074159786722919));
#3201=CARTESIAN_POINT('',(0.0288991026376407,-0.0362789645575172,0.00730269595197788));
#3202=CARTESIAN_POINT('',(0.0295099448817794,-0.0330145487160489,0.00706272521104957));
#3203=CARTESIAN_POINT('',(0.029567291436212,-0.0281195840829911,0.00704276620776861));
#3204=CARTESIAN_POINT('',(0.0294427642560524,-0.0264810111167301,0.00709105795317039));
#3205=CARTESIAN_POINT('',(0.0289024910111812,-0.0232210909607679,0.00724940726706894));
#3206=CARTESIAN_POINT('',(0.0284939662887527,-0.02163436132111,0.00735154928195628));
#3207=CARTESIAN_POINT('',(0.0280085715696527,-0.0200716012899882,0.00741328209690676));
#3208=CARTESIAN_POINT('',(0.0279175188564408,-0.039420004754701,0.0076036657063624));
#3209=CARTESIAN_POINT('',(0.027026274726145,-0.0416203834534487,0.00765494480712167));
#3210=CARTESIAN_POINT('',(0.0272718075654618,-0.0408951164126332,0.00764822614951704));
#3211=CARTESIAN_POINT('',(0.0275029956396437,-0.04016583447534,0.00762979002081102));
#3212=CARTESIAN_POINT('',(0.0277178097927517,-0.0394307871015163,0.00760384142657121));
#3213=CARTESIAN_POINT('',(0.0270251564164304,-0.0416191691189187,0.00778954362917394));
#3214=CARTESIAN_POINT('',(0.0272711248479437,-0.0408926261919094,0.00778281720400611));
#3215=CARTESIAN_POINT('',(0.0275026456492857,-0.0401622885801209,0.00776435418972418));
#3216=CARTESIAN_POINT('',(0.0277176946364231,-0.0394264616018664,0.0077383807318502));
#3217=CARTESIAN_POINT('',(0.0271260288528559,-0.0416173977038147,0.00785690327969743));
#3218=CARTESIAN_POINT('',(0.0273722003846913,-0.0408889008107302,0.00784982125904321));
#3219=CARTESIAN_POINT('',(0.0276038441544312,-0.0401566157557921,0.00783103409399992));
#3220=CARTESIAN_POINT('',(0.027818925389481,-0.0394188550996496,0.00780478999609092));
#3221=CARTESIAN_POINT('',(0.0272268830055007,-0.0416162436165623,0.00785657570490265));
#3222=CARTESIAN_POINT('',(0.0274730386717492,-0.0408864419071305,0.007849144008322));
#3223=CARTESIAN_POINT('',(0.0277046383369069,-0.0401527484119719,0.00783004799138782));
#3224=CARTESIAN_POINT('',(0.0279196342143993,-0.0394134549625135,0.00780354723498125));
#3225=CARTESIAN_POINT('',(0.0274506139151058,-0.0416136834345173,0.00785584902578355));
#3226=CARTESIAN_POINT('',(0.0276967343857563,-0.0408809871715089,0.00784764162179735));
#3227=CARTESIAN_POINT('',(0.0279282362110331,-0.0401441692476243,0.00782786045990217));
#3228=CARTESIAN_POINT('',(0.0281430427346569,-0.0394014755093945,0.00780079034231796));
#3229=CARTESIAN_POINT('',(0.0275783634315102,-0.0416143270907393,0.0076244958413985));
#3230=CARTESIAN_POINT('',(0.0278237167189253,-0.0408821920370057,0.00761586549168444));
#3231=CARTESIAN_POINT('',(0.0280545926242703,-0.0401454281970823,0.00759574512084541));
#3232=CARTESIAN_POINT('',(0.0282688897235798,-0.0394021597129655,0.00756839744418024));
#3233=CARTESIAN_POINT('',(0.0273239581225354,-0.0416185443045287,0.00748207418707777));
#3234=CARTESIAN_POINT('',(0.027568888022954,-0.040891073967234,0.00747433829087122));
#3235=CARTESIAN_POINT('',(0.027799521585583,-0.0401590030900521,0.00745502925990969));
#3236=CARTESIAN_POINT('',(0.0280137850763576,-0.0394204488998631,0.00742835849704689));
#3237=CARTESIAN_POINT('',(0.0274306798293963,-0.0416020767036407,0.00764762411480112));
#3238=CARTESIAN_POINT('',(0.027434153267039,-0.0416042956151551,0.00775122103740272));
#3239=CARTESIAN_POINT('',(0.027276182817038,-0.0415011574991358,0.00795353565397255));
#3240=CARTESIAN_POINT('',(0.0270756764065075,-0.0414798388926291,0.00776332766702869));
#3241=CARTESIAN_POINT('',(0.0270737421115147,-0.0414796598315443,0.00765963746463717));
#3242=CARTESIAN_POINT('',(0.0274813004483115,0.00472011037385755,0.00748145564754789));
#3243=CARTESIAN_POINT('',(0.0273279539240106,0.00547243149740517,0.00749377636901837));
#3244=CARTESIAN_POINT('',(0.0271740113698229,0.00622327687028564,0.00750123466462292));
#3245=CARTESIAN_POINT('',(0.0270246438401069,0.00697561941771423,0.00750408486429677));
#3246=CARTESIAN_POINT('',(0.0273097076228562,0.00461458885105879,0.00764501085101365));
#3247=CARTESIAN_POINT('',(0.0271562749625643,0.0053675592868007,0.00765766012267577));
#3248=CARTESIAN_POINT('',(0.02700175581383,0.00611993471158172,0.00766548114419744));
#3249=CARTESIAN_POINT('',(0.0268519234343689,0.00687341998024156,0.00766855746849809));
#3250=CARTESIAN_POINT('',(0.0274261829900392,0.00468040487076371,0.00783653127145206));
#3251=CARTESIAN_POINT('',(0.0272725205074951,0.00543435177931094,0.00784898474716664));
#3252=CARTESIAN_POINT('',(0.0271180748635283,0.00618725481875993,0.00785657441187866));
#3253=CARTESIAN_POINT('',(0.0269683588782634,0.0069409535109839,0.00785950372103858));
#3254=CARTESIAN_POINT('',(0.0275924620586715,0.00477961209924392,0.00783666008059608));
#3255=CARTESIAN_POINT('',(0.0274387318964582,0.00553367283905087,0.00784880945183794));
#3256=CARTESIAN_POINT('',(0.0272846783289244,0.00628591435232508,0.00785605541299496));
#3257=CARTESIAN_POINT('',(0.0271353083904231,0.0070390242821045,0.00785876899520676));
#3258=CARTESIAN_POINT('',(0.0276855063811357,0.00483512521603866,0.00783673215797558));
#3259=CARTESIAN_POINT('',(0.0275317383475956,0.00558924965209147,0.00784871136231156));
#3260=CARTESIAN_POINT('',(0.0273779041731963,0.0063411209969781,0.0078557649982128));
#3261=CARTESIAN_POINT('',(0.0272287278711336,0.00709390147457092,0.0078583578666878));
#3262=CARTESIAN_POINT('',(0.0277761114514231,0.00489065742440697,0.00776003700939097));
#3263=CARTESIAN_POINT('',(0.0276223796891144,0.00564448428708006,0.00777184360112108));
#3264=CARTESIAN_POINT('',(0.02746883981426,0.00639559776691504,0.00777870618384694));
#3265=CARTESIAN_POINT('',(0.0273199026014948,0.00714780646118318,0.00778117986006739));
#3266=CARTESIAN_POINT('',(0.0277614657066401,0.00488470037774943,0.00761523103899935));
#3267=CARTESIAN_POINT('',(0.0276078778803712,0.00563783893788524,0.00762705138844828));
#3268=CARTESIAN_POINT('',(0.0274544556087055,0.00638826110749532,0.00763393713352283));
#3269=CARTESIAN_POINT('',(0.0273055832245272,0.00714004828408571,0.00763642671151297));
#3270=CARTESIAN_POINT('',(0.0269644929797447,0.00692453446183781,0.00765991594962987));
#3271=CARTESIAN_POINT('',(0.0269652334769575,0.00692450156335623,0.00776369211703656));
#3272=CARTESIAN_POINT('',(0.0271634514204893,0.00691727034779662,0.00795672254006782));
#3273=CARTESIAN_POINT('',(0.0273378060816436,0.00699855908620164,0.0077562783513018));
#3274=CARTESIAN_POINT('',(0.0273350574846905,0.00699729137062732,0.00765251202748024));
#3275=CARTESIAN_POINT('',(0.0275908863209591,0.0047825128003632,0.00763668732499253));
#3276=CARTESIAN_POINT('',(0.0270520771462919,-0.0166214992686588,0.00765491138604853));
#3277=CARTESIAN_POINT('',(0.0273227198770296,-0.0159052725101489,0.00764656305335813));
#3278=CARTESIAN_POINT('',(0.02756691496577,-0.0151822003008365,0.00762473726224336));
#3279=CARTESIAN_POINT('',(0.0277811737862754,-0.0144518746970076,0.00759699162649139));
#3280=CARTESIAN_POINT('',(0.0270515132660506,-0.0166204058515233,0.00778889278103092));
#3281=CARTESIAN_POINT('',(0.0273226365583497,-0.0159028951339928,0.00778052924331387));
#3282=CARTESIAN_POINT('',(0.0275674405392526,-0.0151780941100575,0.00775866593210757));
#3283=CARTESIAN_POINT('',(0.02778186859585,-0.0144472116421518,0.00773090002671912));
#3284=CARTESIAN_POINT('',(0.0271519181118218,-0.0166227777489804,0.0078559214257534));
#3285=CARTESIAN_POINT('',(0.0274233246207286,-0.0159024532581573,0.00784717840838023));
#3286=CARTESIAN_POINT('',(0.0276684398856561,-0.0151733206098507,0.00782476581138864));
#3287=CARTESIAN_POINT('',(0.0278828065688187,-0.0144394865907231,0.00779674771834594));
#3288=CARTESIAN_POINT('',(0.0272523079957743,-0.0166256893459131,0.00785576057863977));
#3289=CARTESIAN_POINT('',(0.027523756600915,-0.0159032013874529,0.00784664680633912));
#3290=CARTESIAN_POINT('',(0.0277688777806341,-0.0151706143385724,0.00782370530804992));
#3291=CARTESIAN_POINT('',(0.0279830986530618,-0.0144341159306468,0.00779544590799698));
#3292=CARTESIAN_POINT('',(0.0274772240523121,-0.0166322125619439,0.00785540021266384));
#3293=CARTESIAN_POINT('',(0.0277487669709289,-0.0159048775154085,0.00784545579156723));
#3294=CARTESIAN_POINT('',(0.027993901402298,-0.0151645511393745,0.00782132932932077));
#3295=CARTESIAN_POINT('',(0.0282077955966363,-0.0144220833668284,0.00779252929888738));
#3296=CARTESIAN_POINT('',(0.0276048573734973,-0.0166377839080289,0.00762262680845346));
#3297=CARTESIAN_POINT('',(0.0278756192230924,-0.0159099481233418,0.00761224102671946));
#3298=CARTESIAN_POINT('',(0.0281197041763894,-0.0151682645331034,0.00758751241763864));
#3299=CARTESIAN_POINT('',(0.0283331206450309,-0.0144234019254816,0.00755844313282066));
#3300=CARTESIAN_POINT('',(0.027348756912002,-0.0166314996548905,0.00748080459906911));
#3301=CARTESIAN_POINT('',(0.0276189009606016,-0.0159105589429162,0.00747138298710882));
#3302=CARTESIAN_POINT('',(0.0278623243949571,-0.0151795436233006,0.00744804662092052));
#3303=CARTESIAN_POINT('',(0.0280759340451714,-0.01444208507672,0.00741961588134047));
#3304=CARTESIAN_POINT('',(0.0274567458337096,-0.0166194561756327,0.00764607929716144));
#3305=CARTESIAN_POINT('',(0.0274604632993254,-0.0166220413504642,0.00774974822233524));
#3306=CARTESIAN_POINT('',(0.0273067846590323,-0.0165126523588812,0.00795227384459591));
#3307=CARTESIAN_POINT('',(0.0271064301094301,-0.0164833615645898,0.00776304228972685));
#3308=CARTESIAN_POINT('',(0.0271040806756966,-0.0164830532811034,0.00765927777942294));
#3309=CARTESIAN_POINT('',(0.0279808804911016,-0.0144411395294753,0.00759558158197302));
#3310=CARTESIAN_POINT('',(0.0278539020439092,-0.0144533170994174,0.00744154203919611));
#3311=CARTESIAN_POINT('',(0.0283050802514889,-0.012910488479228,0.00738271005224162));
#3312=CARTESIAN_POINT('',(0.0286233615042102,-0.0113394115041059,0.00730230311535809));
#3313=CARTESIAN_POINT('',(0.0289795848776489,-0.00813288597188511,0.00720779406016383));
#3314=CARTESIAN_POINT('',(0.029013604889097,-0.00649680252239383,0.00719601893161329));
#3315=CARTESIAN_POINT('',(0.0287626490306894,-0.00165175153803452,0.00726729928736607));
#3316=CARTESIAN_POINT('',(0.0281298566600166,0.00154178562661573,0.00742880143196763));
#3317=CARTESIAN_POINT('',(0.0274819346753657,0.00472050033656699,0.00748085410242294));
#3318=CARTESIAN_POINT('',(0.0276532477785127,-0.0144584247162421,0.00760734988920178));
#3319=CARTESIAN_POINT('',(0.0281054786676148,-0.0129254533682499,0.00754948816914499));
#3320=CARTESIAN_POINT('',(0.0284250832423664,-0.0113664250610114,0.00746946354079028));
#3321=CARTESIAN_POINT('',(0.028786270663791,-0.00818815918721251,0.00737380938485316));
#3322=CARTESIAN_POINT('',(0.0288237686671669,-0.00656509667091154,0.00736099978636753));
#3323=CARTESIAN_POINT('',(0.0285843171364821,-0.00175349166453179,0.00742912503915427));
#3324=CARTESIAN_POINT('',(0.0279573691050821,0.00143279198976772,0.00759053714294017));
#3325=CARTESIAN_POINT('',(0.0273090870288081,0.00461423823073535,0.00764398754791673));
#3326=CARTESIAN_POINT('',(0.0277890075041971,-0.0144445095483709,0.00779796524806395));
#3327=CARTESIAN_POINT('',(0.0282413379036479,-0.0129023017811671,0.00773935838437161));
#3328=CARTESIAN_POINT('',(0.0285595842864285,-0.0113360256234064,0.00765913415001701));
#3329=CARTESIAN_POINT('',(0.028916578107518,-0.00814748354469761,0.00756447940976458));
#3330=CARTESIAN_POINT('',(0.0289517121796257,-0.00652057419814652,0.00755237672163981));
#3331=CARTESIAN_POINT('',(0.0287052750801756,-0.00169834312489438,0.00762241201690813));
#3332=CARTESIAN_POINT('',(0.0280747874270089,0.00149442321045909,0.00778390700509613));
#3333=CARTESIAN_POINT('',(0.0274255302375849,0.00468001541848685,0.00783653076579319));
#3334=CARTESIAN_POINT('',(0.0279830986530618,-0.0144341159306468,0.00779544590799698));
#3335=CARTESIAN_POINT('',(0.0284348340060619,-0.0128810349235642,0.00773585428224267));
#3336=CARTESIAN_POINT('',(0.0287515590412615,-0.0113035755493076,0.00765529103441639));
#3337=CARTESIAN_POINT('',(0.0291033158516765,-0.00809230892832957,0.00756186106626468));
#3338=CARTESIAN_POINT('',(0.029135080075461,-0.0064553919936138,0.00755076266318182));
#3339=CARTESIAN_POINT('',(0.0288779310259462,-0.0016070667179865,0.00762373273835061));
#3340=CARTESIAN_POINT('',(0.0282420063323991,0.00159353704062998,0.00778532627332023));
#3341=CARTESIAN_POINT('',(0.0275924620586714,0.00477961209924391,0.00783666008059608));
#3342=CARTESIAN_POINT('',(0.0282328018570359,-0.0144207442768553,0.00779220471286623));
#3343=CARTESIAN_POINT('',(0.0286837716676291,-0.0128536745698698,0.00773134616565019));
#3344=CARTESIAN_POINT('',(0.028998539450437,-0.0112618277029011,0.00765034676836237));
#3345=CARTESIAN_POINT('',(0.0293435587133012,-0.00802132537979722,0.00755849250069713));
#3346=CARTESIAN_POINT('',(0.0293709875414317,-0.00637153342814536,0.00754868613588669));
#3347=CARTESIAN_POINT('',(0.0291000572954658,-0.00148963729688485,0.00762543188010783));
#3348=CARTESIAN_POINT('',(0.028457137711059,0.00172104950627601,0.0077871521980207));
#3349=CARTESIAN_POINT('',(0.0278072240960664,0.00490774576446093,0.00783682644738195));
#3350=CARTESIAN_POINT('',(0.0283480854991836,-0.0144236594447037,0.00752759422030296));
#3351=CARTESIAN_POINT('',(0.0287979965185255,-0.0128523620855738,0.00746622781103647));
#3352=CARTESIAN_POINT('',(0.0291122628627492,-0.0112530871519641,0.00738497573288793));
#3353=CARTESIAN_POINT('',(0.0294548970811873,-0.00799140241401215,0.00729365372480568));
#3354=CARTESIAN_POINT('',(0.0294803336934349,-0.00633135378586445,0.00728443778629652));
#3355=CARTESIAN_POINT('',(0.0292023474144452,-0.00142352868026356,0.00736312190241814));
#3356=CARTESIAN_POINT('',(0.0285558381712501,0.00179044465311773,0.00752488166829967));
#3357=CARTESIAN_POINT('',(0.0279068130562204,0.00497221920490137,0.00757368628773652));
#3358=CARTESIAN_POINT('',(0.0280555772558644,-0.0144435140723129,0.00741006943983596));
#3359=CARTESIAN_POINT('',(0.0285060598120015,-0.012889631975014,0.00735022266169512));
#3360=CARTESIAN_POINT('',(0.0288228043777606,-0.0113068486468002,0.00726945783658178));
#3361=CARTESIAN_POINT('',(0.0291736656758071,-0.00807586785117504,0.00717620000270076));
#3362=CARTESIAN_POINT('',(0.0292041851895581,-0.00642891283200969,0.00716546773401656));
#3363=CARTESIAN_POINT('',(0.0289420227612778,-0.00155560421047522,0.00723981895357099));
#3364=CARTESIAN_POINT('',(0.0283035413930719,0.00164592652911263,0.00740142140260179));
#3365=CARTESIAN_POINT('',(0.0276554372452764,0.00482457175826286,0.00745212237103274));
#3366=CARTESIAN_POINT('',(0.0273381369243092,0.0297035544180758,0.00748937681035686));
#3367=CARTESIAN_POINT('',(0.02724208376514,0.0304631712120216,0.0074951971934187));
#3368=CARTESIAN_POINT('',(0.0271327397420456,0.0312204869122639,0.00750013831977332));
#3369=CARTESIAN_POINT('',(0.0270086457818333,0.0319763275608307,0.00750215871119523));
#3370=CARTESIAN_POINT('',(0.0271540729502923,0.0296100321736658,0.00765188813147229));
#3371=CARTESIAN_POINT('',(0.0270591073279572,0.0303675530857967,0.00765773414216558));
#3372=CARTESIAN_POINT('',(0.0269513673288239,0.0311222100814176,0.00766286591112421));
#3373=CARTESIAN_POINT('',(0.0268283189539762,0.0318763892632768,0.00766503442499414));
#3374=CARTESIAN_POINT('',(0.0272747839696992,0.0296684158746702,0.00784692317736597));
#3375=CARTESIAN_POINT('',(0.0271790896950185,0.0304274935021549,0.007852754162881));
#3376=CARTESIAN_POINT('',(0.0270701773841565,0.0311847732150103,0.0078577671107678));
#3377=CARTESIAN_POINT('',(0.0269463441067741,0.0319407042723809,0.00785984184683365));
#3378=CARTESIAN_POINT('',(0.0274505752531355,0.029756221185912,0.00784651449915084));
#3379=CARTESIAN_POINT('',(0.0273538343989181,0.0305173940161622,0.00785232192328678));
#3380=CARTESIAN_POINT('',(0.0272433283745286,0.0312776641329274,0.00785715598120833));
#3381=CARTESIAN_POINT('',(0.0271184455935209,0.0320355218846749,0.00785909097784905));
#3382=CARTESIAN_POINT('',(0.0275463750527457,0.0298040718589218,0.00784629178451818));
#3383=CARTESIAN_POINT('',(0.0274490638510804,0.0305663864978052,0.007852086368567));
#3384=CARTESIAN_POINT('',(0.0273376893112924,0.0313282862749819,0.00785682293802104));
#3385=CARTESIAN_POINT('',(0.0272122345893156,0.0320871940044736,0.00785868178180216));
#3386=CARTESIAN_POINT('',(0.0276401514557118,0.0298516473732507,0.00777085329424003));
#3387=CARTESIAN_POINT('',(0.0275422858022929,0.0306150342610234,0.0077766348650555));
#3388=CARTESIAN_POINT('',(0.0274300911124348,0.0313783100321649,0.00778127445778777));
#3389=CARTESIAN_POINT('',(0.027304101268775,0.0321380803960814,0.00778305791857517));
#3390=CARTESIAN_POINT('',(0.0276274765130391,0.0298467165496786,0.00762768926224978));
#3391=CARTESIAN_POINT('',(0.0275296936481156,0.03060986586014,0.00763347168601953));
#3392=CARTESIAN_POINT('',(0.0274176710186713,0.0313725086483164,0.00763812123156486));
#3393=CARTESIAN_POINT('',(0.0272918039414735,0.0321318256737359,0.0076399131715394));
#3394=CARTESIAN_POINT('',(0.0269445206126367,0.031925672150637,0.00765979479969804));
#3395=CARTESIAN_POINT('',(0.0269450021503174,0.031925638675775,0.00776350186227201));
#3396=CARTESIAN_POINT('',(0.0271419986344201,0.0319132941175216,0.00795731960607386));
#3397=CARTESIAN_POINT('',(0.0273187552108413,0.0319899865294913,0.00775704171275898));
#3398=CARTESIAN_POINT('',(0.027316157033815,0.0319888687484983,0.00765333335238526));
#3399=CARTESIAN_POINT('',(0.0274494214186505,0.0297576003929782,0.0076465225831796));
#3400=CARTESIAN_POINT('',(0.026903415313193,0.00837490936814681,0.00765381083984066));
#3401=CARTESIAN_POINT('',(0.0270106588996164,0.00913374482714891,0.00765250851130833));
#3402=CARTESIAN_POINT('',(0.0271092130223312,0.00989294177153441,0.00764907988103847));
#3403=CARTESIAN_POINT('',(0.0271985159492191,0.0106540297858471,0.00764446959080084));
#3404=CARTESIAN_POINT('',(0.0268997080003519,0.00837412109164493,0.00779075196686084));
#3405=CARTESIAN_POINT('',(0.0270069896091933,0.0091331570979349,0.00778945166876356));
#3406=CARTESIAN_POINT('',(0.0271055959035098,0.00989262694224503,0.00778602545280389));
#3407=CARTESIAN_POINT('',(0.0271949205537106,0.0106537987838712,0.00778141587429186));
#3408=CARTESIAN_POINT('',(0.0270000225606165,0.00839389904953931,0.00785985503187865));
#3409=CARTESIAN_POINT('',(0.0271071826524014,0.00915373780014827,0.00785849704763509));
#3410=CARTESIAN_POINT('',(0.0272055868744308,0.00991445230970326,0.00785498922186836));
#3411=CARTESIAN_POINT('',(0.0272947396383023,0.0106764812934735,0.00785034649990452));
#3412=CARTESIAN_POINT('',(0.0271005514398046,0.00841374794255931,0.00785933961517849));
#3413=CARTESIAN_POINT('',(0.027207572984672,0.00917427601466096,0.00785792387228992));
#3414=CARTESIAN_POINT('',(0.0273057523448995,0.00993607835660859,0.00785433456330642));
#3415=CARTESIAN_POINT('',(0.0273947251676927,0.0106989085460426,0.0078496588837258));
#3416=CARTESIAN_POINT('',(0.0273093028496578,0.00845496479920206,0.0078582693360339));
#3417=CARTESIAN_POINT('',(0.0274160366974515,0.00921692426927218,0.00785673365548491));
#3418=CARTESIAN_POINT('',(0.0275137491250073,0.0099809855297264,0.00785297514401433));
#3419=CARTESIAN_POINT('',(0.0276023482944375,0.010745479448163,0.00784823102689593));
#3420=CARTESIAN_POINT('',(0.0274369876558635,0.00848026463278813,0.00764075919227428));
#3421=CARTESIAN_POINT('',(0.0275434934036748,0.00924274174573011,0.00763915030843715));
#3422=CARTESIAN_POINT('',(0.0276408507321731,0.0100076889429253,0.0076352892380794));
#3423=CARTESIAN_POINT('',(0.0277291974576543,0.0107730209365191,0.00763050405821828));
#3424=CARTESIAN_POINT('',(0.0272046773304883,0.00843445846132318,0.00749048002025798));
#3425=CARTESIAN_POINT('',(0.0273114668336846,0.00919509265649203,0.00748900471997927));
#3426=CARTESIAN_POINT('',(0.0274092952498246,0.00995717972645466,0.0074853326010689));
#3427=CARTESIAN_POINT('',(0.0274980411073264,0.0107205348083368,0.0074806241395598));
#3428=CARTESIAN_POINT('',(0.0272976464678557,0.00846631366492467,0.00765409144460975));
#3429=CARTESIAN_POINT('',(0.0273001077371124,0.00846532710405018,0.00775788164207685));
#3430=CARTESIAN_POINT('',(0.0271220845022089,0.00853753511405705,0.0079575498489577));
#3431=CARTESIAN_POINT('',(0.0269240440054601,0.00852013217406259,0.00776346659816692));
#3432=CARTESIAN_POINT('',(0.0269237569428295,0.00852010469079944,0.00765961245640286));
#3433=CARTESIAN_POINT('',(0.027393595178014,0.0106978145035689,0.00764966506833544));
#3434=CARTESIAN_POINT('',(0.027274269601311,0.0106703810842088,0.00749152331468796));
#3435=CARTESIAN_POINT('',(0.0276440616932743,0.0138293676250013,0.00747229846701142));
#3436=CARTESIAN_POINT('',(0.0278569255601951,0.01700882015171,0.0074384837362178));
#3437=CARTESIAN_POINT('',(0.0279040805904666,0.0233709098744051,0.00743204024372845));
#3438=CARTESIAN_POINT('',(0.0277385060850168,0.0265526115909447,0.0074636716996335));
#3439=CARTESIAN_POINT('',(0.0273399231092454,0.0297044617713112,0.00748782032382347));
#3440=CARTESIAN_POINT('',(0.0270696070074677,0.0106251503455192,0.00765379744704346));
#3441=CARTESIAN_POINT('',(0.0274410012439316,0.0137778830827624,0.00763485012292767));
#3442=CARTESIAN_POINT('',(0.0276558055029192,0.0169497040098216,0.00760099459275593));
#3443=CARTESIAN_POINT('',(0.0277083623115578,0.0232938196249173,0.00759361134931352));
#3444=CARTESIAN_POINT('',(0.0275463553863452,0.026466230801254,0.0076248604910675));
#3445=CARTESIAN_POINT('',(0.0271523711857958,0.0296092092969594,0.00764911735793441));
#3446=CARTESIAN_POINT('',(0.0272009704936706,0.0106554484069882,0.00785099136502957));
#3447=CARTESIAN_POINT('',(0.0275714756347593,0.0138132234793177,0.00783186158949378));
#3448=CARTESIAN_POINT('',(0.0277849254828544,0.0169894183690308,0.00779804112542593));
#3449=CARTESIAN_POINT('',(0.0278340323194239,0.0233409342926987,0.00779125697452804));
#3450=CARTESIAN_POINT('',(0.0276699339153366,0.0265180526918954,0.00782273281039181));
#3451=CARTESIAN_POINT('',(0.0272729296056364,0.0296674896455051,0.00784692748837719));
#3452=CARTESIAN_POINT('',(0.0273947251676927,0.0106989085460426,0.00784965888372579));
#3453=CARTESIAN_POINT('',(0.0277637839251375,0.0138631237863342,0.00783026419170568));
#3454=CARTESIAN_POINT('',(0.0279753417321096,0.0170462785136514,0.00779648683962629));
#3455=CARTESIAN_POINT('',(0.0280193433718412,0.0234127201493661,0.00779059028659564));
#3456=CARTESIAN_POINT('',(0.027851967787418,0.026597999214099,0.00782241861215007));
#3457=CARTESIAN_POINT('',(0.0274505752531355,0.029756221185912,0.00784651449915084));
#3458=CARTESIAN_POINT('',(0.0276170361198736,0.0107487740006123,0.00784813001641509));
#3459=CARTESIAN_POINT('',(0.0279844353203209,0.0139203785845627,0.00782843136354256));
#3460=CARTESIAN_POINT('',(0.0281938222301741,0.0171115189160084,0.00779470347745542));
#3461=CARTESIAN_POINT('',(0.0282319662503367,0.0234950860702369,0.00778982533973792));
#3462=CARTESIAN_POINT('',(0.028060830482658,0.0266897285494782,0.00782205810621312));
#3463=CARTESIAN_POINT('',(0.0276544029710765,0.0298580303078644,0.00784604064204976));
#3464=CARTESIAN_POINT('',(0.0277398367926883,0.0107753264211069,0.00761116516525239));
#3465=CARTESIAN_POINT('',(0.0281062101769022,0.0139502070280903,0.00759130199607149));
#3466=CARTESIAN_POINT('',(0.028314483297985,0.0171461693637084,0.00755759447717504));
#3467=CARTESIAN_POINT('',(0.0283493782101522,0.0235424374278381,0.00755328209912649));
#3468=CARTESIAN_POINT('',(0.0281760099391814,0.0267432361792216,0.00758575292054763));
#3469=CARTESIAN_POINT('',(0.0277668547630004,0.0299165071057047,0.00760966713344136));
#3470=CARTESIAN_POINT('',(0.0274850398185549,0.0107175857022112,0.0074728969223911));
#3471=CARTESIAN_POINT('',(0.0278532505683386,0.013883519373521,0.00745338413959774));
#3472=CARTESIAN_POINT('',(0.0280640624458557,0.0170705728422662,0.00741961580079593));
#3473=CARTESIAN_POINT('',(0.0281056629614142,0.023449134829922,0.00741413808819902));
#3474=CARTESIAN_POINT('',(0.0279365121655382,0.0266397854706438,0.0074461540551054));
#3475=CARTESIAN_POINT('',(0.0275331594880461,0.0298011486144917,0.00747019479711928));
#3476=CARTESIAN_POINT('',(0.0270202555786185,0.0333804560732513,0.0076549401948122));
#3477=CARTESIAN_POINT('',(0.0272596641126481,0.0341080185020913,0.00764853992753527));
#3478=CARTESIAN_POINT('',(0.0274865251617634,0.0348376272032179,0.00763137977500885));
#3479=CARTESIAN_POINT('',(0.0277042492086016,0.0355977306234744,0.00760541586650508));
#3480=CARTESIAN_POINT('',(0.0277108442978882,0.0356207887376967,0.00760462419075852));
#3481=CARTESIAN_POINT('',(0.0277174384881948,0.035643861576632,0.00760382987195399));
#3482=CARTESIAN_POINT('',(0.027019006520201,0.0333810994216196,0.00779002255557794));
#3483=CARTESIAN_POINT('',(0.0272588039188908,0.0341098449169276,0.00778361312072449));
#3484=CARTESIAN_POINT('',(0.0274862227644852,0.0348411965873226,0.00776642710708007));
#3485=CARTESIAN_POINT('',(0.0277040699851081,0.0356017122229743,0.00774045125093176));
#3486=CARTESIAN_POINT('',(0.0277106664612934,0.0356247749786142,0.00773965944065843));
#3487=CARTESIAN_POINT('',(0.0277172607985935,0.0356478483094805,0.00773886510759577));
#3488=CARTESIAN_POINT('',(0.0271203443162505,0.0333832859149752,0.00785741959057237));
#3489=CARTESIAN_POINT('',(0.0273603004571802,0.0341138766303881,0.00785067434329392));
#3490=CARTESIAN_POINT('',(0.0275879228976145,0.0348482003402535,0.00783297403599876));
#3491=CARTESIAN_POINT('',(0.0278057869814458,0.0356096641607771,0.00780685924795236));
#3492=CARTESIAN_POINT('',(0.0278123836475056,0.0356327375926846,0.00780606587334893));
#3493=CARTESIAN_POINT('',(0.0278189780049299,0.0356558120550992,0.00780527137448724));
#3494=CARTESIAN_POINT('',(0.0272215066408765,0.0333851334522147,0.00785673915077588));
#3495=CARTESIAN_POINT('',(0.0274614258263624,0.0341169632500237,0.00784966532631145));
#3496=CARTESIAN_POINT('',(0.0276889713386777,0.0348533639968112,0.00783146771696549));
#3497=CARTESIAN_POINT('',(0.0279067905618551,0.0356155623959525,0.00780522106805228));
#3498=CARTESIAN_POINT('',(0.0279133867227979,0.0356386440989875,0.00780442620873636));
#3499=CARTESIAN_POINT('',(0.0279199810266863,0.0356617194380361,0.00780363155251409));
#3500=CARTESIAN_POINT('',(0.0274437872396117,0.0333891929841133,0.00785524404312659));
#3501=CARTESIAN_POINT('',(0.0276836252241345,0.0341237453763063,0.00784744824698049));
#3502=CARTESIAN_POINT('',(0.0279110017048622,0.0348647099269838,0.00782815793244008));
#3503=CARTESIAN_POINT('',(0.0281287223572226,0.0356285223911989,0.0078016215500462));
#3504=CARTESIAN_POINT('',(0.0281353174082885,0.0356516222681062,0.00780082342842112));
#3505=CARTESIAN_POINT('',(0.0281419115945441,0.0356746995333534,0.0078000284264357));
#3506=CARTESIAN_POINT('',(0.0275711445945906,0.0333903887944033,0.00762523671073826));
#3507=CARTESIAN_POINT('',(0.0278102771261437,0.0341244681107816,0.00761704969065485));
#3508=CARTESIAN_POINT('',(0.0280366120779829,0.0348650471026195,0.00759718759212307));
#3509=CARTESIAN_POINT('',(0.028254068230871,0.0356290696542559,0.00757050823574868));
#3510=CARTESIAN_POINT('',(0.0282606603037548,0.0356521718966825,0.00756970850428091));
#3511=CARTESIAN_POINT('',(0.0282672541743611,0.0356752494126445,0.00756891333167269));
#3512=CARTESIAN_POINT('',(0.0273185209839502,0.0333850632344447,0.0074825934253172));
#3513=CARTESIAN_POINT('',(0.0275573307407835,0.0341147677062081,0.00747524106359096));
#3514=CARTESIAN_POINT('',(0.0277832627418849,0.0348482699261304,0.00745665503013499));
#3515=CARTESIAN_POINT('',(0.0280006998874261,0.0356100078872785,0.00743031946537286));
#3516=CARTESIAN_POINT('',(0.0280072917462931,0.0356330844059245,0.00742952360489206));
#3517=CARTESIAN_POINT('',(0.0280138855942163,0.0356561591954939,0.00742872884255908));
#3518=CARTESIAN_POINT('',(0.0274245569010345,0.0334017958366473,0.00764797378719931));
#3519=CARTESIAN_POINT('',(0.0274280944194292,0.0333995808400502,0.00775159103237868));
#3520=CARTESIAN_POINT('',(0.0272689931254927,0.0335013871697185,0.00795374631320268));
#3521=CARTESIAN_POINT('',(0.0270683456171785,0.0335208237966607,0.00776341743828877));
#3522=CARTESIAN_POINT('',(0.0270663602515011,0.0335209890528929,0.0076597064153886));
#3523=CARTESIAN_POINT('',(0.0279896166477424,0.0355574600894654,0.00743442391114134));
#3524=CARTESIAN_POINT('',(0.0280626262336587,0.0355416377443416,0.0074814578140501));
#3525=CARTESIAN_POINT('',(0.0281322859604334,0.0355327539177488,0.0076842446995548));
#3526=CARTESIAN_POINT('',(0.0279650595498179,0.0355777717257786,0.00781451733676924));
#3527=CARTESIAN_POINT('',(0.0278802759756487,0.0355982533202091,0.00780491754917509));
#3528=CARTESIAN_POINT('',(0.0278802759756487,0.0355982533202091,0.00780491754917509));
#3529=CARTESIAN_POINT('',(0.0277147048536715,0.0356310242691017,0.0076258688022315));
#3530=CARTESIAN_POINT('',(0.0277236084510399,0.0356323396810846,0.00771400064218329));
#3531=CARTESIAN_POINT('',(0.0277939869943911,0.0356190779068713,0.00779514860036701));
#3532=CARTESIAN_POINT('',(0.0278802759756487,0.0355982533202091,0.00780491754917509));
#3533=CARTESIAN_POINT('',(0.0277631263929102,0.0355546517959085,0.00745885882730367));
#3534=CARTESIAN_POINT('',(0.0291604308162445,0.0426122989750793,0.00715515993896711));
#3535=CARTESIAN_POINT('',(0.027703351061909,0.0355689680548099,0.00751653032531655));
#3536=CARTESIAN_POINT('',(0.0291006554852432,0.0426266152339807,0.00721283143697998));
#3537=CARTESIAN_POINT('',(0.0276659580389263,0.0355849420886213,0.00771570674835335));
#3538=CARTESIAN_POINT('',(0.0290632624622605,0.0426425892677921,0.00741200786001679));
#3539=CARTESIAN_POINT('',(0.0279338049092417,0.0355385843521147,0.00787075199279248));
#3540=CARTESIAN_POINT('',(0.029331109332576,0.0425962315312855,0.00756705310445591));
#3541=CARTESIAN_POINT('',(0.0281293354371488,0.0354895580429401,0.00763105825697351));
#3542=CARTESIAN_POINT('',(0.029526639860483,0.0425472052221109,0.00732735936863695));
#3543=CARTESIAN_POINT('',(0.0280301815826967,0.0355016102068178,0.00745493578475878));
#3544=CARTESIAN_POINT('',(0.0294274860060309,0.0425592573859886,0.00715123689642222));
#3545=CARTESIAN_POINT('',(0.0279539115005831,0.0355153146222535,0.00742249709452522));
#3546=CARTESIAN_POINT('',(0.0293512159239173,0.0425729618014243,0.00711879820618866));
#3547=CARTESIAN_POINT('',(0.0293472608019518,0.0425248074461787,0.00712322726912602));
#3548=CARTESIAN_POINT('',(0.0294241860646908,0.0425150756666421,0.00715848623909222));
#3549=CARTESIAN_POINT('',(0.0295174740136517,0.0425086227156566,0.00734251373348448));
#3550=CARTESIAN_POINT('',(0.0293802730428492,0.0425331470077354,0.00749528062442588));
#3551=CARTESIAN_POINT('',(0.0292967103310434,0.042546018000713,0.00750541775583649));
#3552=CARTESIAN_POINT('',(0.0292967103310434,0.042546018000713,0.00750541775583649));
#3553=CARTESIAN_POINT('',(0.0291190847545373,0.042560558594697,0.00719440605205583));
#3554=CARTESIAN_POINT('',(0.0290798136473962,0.0425685410957034,0.0072566929888727));
#3555=CARTESIAN_POINT('',(0.02907401387194,0.0425754799488148,0.00742782706043403));
#3556=CARTESIAN_POINT('',(0.0292240830615299,0.0425572333506245,0.00751422776065674));
#3557=CARTESIAN_POINT('',(0.0292967103310434,0.042546018000713,0.00750541775583649));
#3558=CARTESIAN_POINT('',(0.0275878692860718,0.0548363256080539,0.00752073376060221));
#3559=CARTESIAN_POINT('',(0.0273453184116384,0.0555614105683423,0.00755910316911199));
#3560=CARTESIAN_POINT('',(0.0270842804729412,0.0562790455422704,0.00759206388744908));
#3561=CARTESIAN_POINT('',(0.0268076919542574,0.0569928438663333,0.00761613234895685));
#3562=CARTESIAN_POINT('',(0.0274413378537534,0.0547124057724836,0.00768470734351778));
#3563=CARTESIAN_POINT('',(0.0272005913291927,0.0554356077291016,0.00772326612683717));
#3564=CARTESIAN_POINT('',(0.0269414447473235,0.0561518007282204,0.00775675305950886));
#3565=CARTESIAN_POINT('',(0.0266659352367985,0.0568648991760244,0.00778120749977846));
#3566=CARTESIAN_POINT('',(0.0275505606027249,0.054786126640301,0.00786959365617279));
#3567=CARTESIAN_POINT('',(0.0273080632934723,0.0555120724286119,0.00790809266147797));
#3568=CARTESIAN_POINT('',(0.0270465756168053,0.0562319798341047,0.00794131539283085));
#3569=CARTESIAN_POINT('',(0.0267695800156223,0.0569474513668585,0.00796556086159248));
#3570=CARTESIAN_POINT('',(0.0276986591295894,0.0549011484831299,0.00787223615005879));
#3571=CARTESIAN_POINT('',(0.0274541156741665,0.0556297321974516,0.00791058837074915));
#3572=CARTESIAN_POINT('',(0.0271902058384651,0.0563525441167007,0.00794334945246043));
#3573=CARTESIAN_POINT('',(0.0269117458943512,0.0570697380228301,0.00796724797870446));
#3574=CARTESIAN_POINT('',(0.0277863456051935,0.054969250848688,0.00787380072318841));
#3575=CARTESIAN_POINT('',(0.0275405906634038,0.0556993964315826,0.00791206603534687));
#3576=CARTESIAN_POINT('',(0.0272752467108776,0.0564239280612165,0.00794455378260376));
#3577=CARTESIAN_POINT('',(0.0269959197556368,0.0571421417536611,0.00796824689041961));
#3578=CARTESIAN_POINT('',(0.0278702417470531,0.0550392666969719,0.00779530191143935));
#3579=CARTESIAN_POINT('',(0.0276234334004643,0.055770557524655,0.00783346287408065));
#3580=CARTESIAN_POINT('',(0.0273569599063823,0.0564960469745156,0.00786565575227196));
#3581=CARTESIAN_POINT('',(0.0270769810148663,0.0572147541197744,0.00788913181294582));
#3582=CARTESIAN_POINT('',(0.0278508503065938,0.0550331860504567,0.00764706414018606));
#3583=CARTESIAN_POINT('',(0.0276045053124048,0.0557634860620884,0.00768520513309711));
#3584=CARTESIAN_POINT('',(0.0273387974426598,0.0564873240941093,0.00771739680267028));
#3585=CARTESIAN_POINT('',(0.0270593386189071,0.0572049141570026,0.00774088037633528));
#3586=CARTESIAN_POINT('',(0.0267631059420552,0.0569313271301135,0.00776719433005761));
#3587=CARTESIAN_POINT('',(0.0267642197156806,0.0569314815611853,0.00787069890141663));
#3588=CARTESIAN_POINT('',(0.0269605934221607,0.056960541831392,0.00806206492596895));
#3589=CARTESIAN_POINT('',(0.0271164369771359,0.0570714791351464,0.00786174955477167));
#3590=CARTESIAN_POINT('',(0.0271137794505683,0.0570696080992598,0.00775825435135217));
#3591=CARTESIAN_POINT('',(0.0276950085126636,0.0549104379468429,0.00767248535817054));
#3592=CARTESIAN_POINT('',(0.0291300508223756,0.0423547335523978,0.00716363217220745));
#3593=CARTESIAN_POINT('',(0.0291348493995962,0.042405273438308,0.00716210497892809));
#3594=CARTESIAN_POINT('',(0.0291396530663744,0.0424558011609835,0.00716057621379654));
#3595=CARTESIAN_POINT('',(0.0293455289024682,0.0446021771008,0.00709507026418498));
#3596=CARTESIAN_POINT('',(0.0293189023037907,0.0466801986292081,0.00710174992441342));
#3597=CARTESIAN_POINT('',(0.0287687720435086,0.0508209149185115,0.00726829095191335));
#3598=CARTESIAN_POINT('',(0.0282501760499725,0.0528585562767008,0.0074154433962084));
#3599=CARTESIAN_POINT('',(0.0275884179157882,0.0548367893941246,0.00752012284526047));
#3600=CARTESIAN_POINT('',(0.0289472978809978,0.0423140302869908,0.00733416779443657));
#3601=CARTESIAN_POINT('',(0.0289520855915389,0.0423646327245877,0.00733264393053684));
#3602=CARTESIAN_POINT('',(0.0289568843171808,0.0424151888898436,0.00733111667929169));
#3603=CARTESIAN_POINT('',(0.0291642765935921,0.0445528357694896,0.0072651461162281));
#3604=CARTESIAN_POINT('',(0.0291443159508607,0.0466040413147032,0.00726966617437381));
#3605=CARTESIAN_POINT('',(0.0286086692953669,0.0507111964656111,0.00743201383480554));
#3606=CARTESIAN_POINT('',(0.0280975548127058,0.0527389808027225,0.00757853286229396));
#3607=CARTESIAN_POINT('',(0.0274407629893381,0.0547120179133385,0.00768373176221911));
#3608=CARTESIAN_POINT('',(0.0290802421875095,0.0423513547847169,0.00751536760455363));
#3609=CARTESIAN_POINT('',(0.0290850397788073,0.0424019368809263,0.00751384068670865));
#3610=CARTESIAN_POINT('',(0.0290898429972812,0.0424524837968465,0.00751231204681856));
#3611=CARTESIAN_POINT('',(0.0292958564184749,0.0445929693081083,0.00744676766046123));
#3612=CARTESIAN_POINT('',(0.0292710644303496,0.0466522613238385,0.00745286003578593));
#3613=CARTESIAN_POINT('',(0.0287269356529112,0.0507704058918304,0.00761764154329916));
#3614=CARTESIAN_POINT('',(0.0282115701798087,0.052805154512035,0.00776454713925216));
#3615=CARTESIAN_POINT('',(0.0275499978396701,0.0547856895661112,0.00786958361489849));
#3616=CARTESIAN_POINT('',(0.02926301029662,0.0423962690324606,0.00751130382722775));
#3617=CARTESIAN_POINT('',(0.0292678198330673,0.0424468022951069,0.00750977323504923));
#3618=CARTESIAN_POINT('',(0.0292726284830634,0.0424973270061496,0.0075082429244204));
#3619=CARTESIAN_POINT('',(0.0294769749639315,0.0446446272195139,0.00744321128967886));
#3620=CARTESIAN_POINT('',(0.0294455261905153,0.0467245085116188,0.00745146415894923));
#3621=CARTESIAN_POINT('',(0.0288880328679438,0.0508688951819342,0.00762010307161922));
#3622=CARTESIAN_POINT('',(0.0283658350829801,0.0529133891567279,0.00776760166143801));
#3623=CARTESIAN_POINT('',(0.0276986591295894,0.0549011484831299,0.00787223615005879));
#3624=CARTESIAN_POINT('',(0.0295139656551539,0.0424579399180471,0.00750572393311612));
#3625=CARTESIAN_POINT('',(0.0295187915932552,0.0425084061282715,0.00750418829578124));
#3626=CARTESIAN_POINT('',(0.0295236077011695,0.0425589003502259,0.00750265569109331));
#3627=CARTESIAN_POINT('',(0.0297256653384909,0.0447155576993495,0.00743832810568623));
#3628=CARTESIAN_POINT('',(0.0296850762618375,0.0468237097289466,0.00744954750744077));
#3629=CARTESIAN_POINT('',(0.0291092323406203,0.0510041289228205,0.00762348294858521));
#3630=CARTESIAN_POINT('',(0.0285776532402778,0.0530620040556667,0.00777179576682121));
#3631=CARTESIAN_POINT('',(0.0279027830738234,0.0550596828907865,0.00787587829482582));
#3632=CARTESIAN_POINT('',(0.0296207509220542,0.0424772822859163,0.00723035025047479));
#3633=CARTESIAN_POINT('',(0.0296255820723374,0.0425276974611995,0.00722881303154345));
#3634=CARTESIAN_POINT('',(0.0296304005502582,0.0425781684772983,0.00722727970769532));
#3635=CARTESIAN_POINT('',(0.0298317308299094,0.0447419477298488,0.00716317283337278));
#3636=CARTESIAN_POINT('',(0.0297872364722167,0.0468723434213142,0.00717565337062401));
#3637=CARTESIAN_POINT('',(0.0292017471205235,0.051080101124093,0.00735239403621402));
#3638=CARTESIAN_POINT('',(0.0286651105722311,0.0531438545895233,0.0075011196915247));
#3639=CARTESIAN_POINT('',(0.0279880107586363,0.0551424291350883,0.00760477466719656));
#3640=CARTESIAN_POINT('',(0.0293257538501926,0.0424019064859552,0.00712287839198964));
#3641=CARTESIAN_POINT('',(0.0293305649823366,0.0424523910816165,0.00712134733969997));
#3642=CARTESIAN_POINT('',(0.0293353743579044,0.0425028936635256,0.00711981681985617));
#3643=CARTESIAN_POINT('',(0.0295394981599999,0.0446569853330764,0.00705484939342336));
#3644=CARTESIAN_POINT('',(0.029505741533908,0.0467584152531392,0.0070638422948976));
#3645=CARTESIAN_POINT('',(0.0289410559421304,0.0509288317852758,0.00723458725962036));
#3646=CARTESIAN_POINT('',(0.0284150020142817,0.0529769327940828,0.00738238351534669));
#3647=CARTESIAN_POINT('',(0.0277473829432281,0.0549624580733282,0.00748660683476484));
#3648=CARTESIAN_POINT('',(0.0243172796932808,0.07973385118957,0.00933628358918791));
#3649=CARTESIAN_POINT('',(0.0239884338568737,0.0804273581987457,0.00945552399046182));
#3650=CARTESIAN_POINT('',(0.0236388462869106,0.0811076866911055,0.0095750287031778));
#3651=CARTESIAN_POINT('',(0.0232696313950202,0.0817784205028419,0.00969260227715444));
#3652=CARTESIAN_POINT('',(0.024187329171708,0.0795761587374106,0.00948490812105148));
#3653=CARTESIAN_POINT('',(0.0238614102090287,0.0802666189347942,0.00960347494270819));
#3654=CARTESIAN_POINT('',(0.0235145429855816,0.0809444027129269,0.0097224835047193));
#3655=CARTESIAN_POINT('',(0.0231478781115466,0.0816129393200574,0.00983969358394396));
#3656=CARTESIAN_POINT('',(0.0242891261207279,0.0796410953105266,0.0096774573049037));
#3657=CARTESIAN_POINT('',(0.0239613403513914,0.080333286257105,0.00979642738093371));
#3658=CARTESIAN_POINT('',(0.0236125705422013,0.0810128628229139,0.0099157852504374));
#3659=CARTESIAN_POINT('',(0.0232439574789307,0.0816832246331592,0.0100332995833443));
#3660=CARTESIAN_POINT('',(0.0244231339186522,0.0797716393730912,0.00969331727990626));
#3661=CARTESIAN_POINT('',(0.0240925630558644,0.0804666131935627,0.00981291387500762));
#3662=CARTESIAN_POINT('',(0.0237411129878335,0.0811487041105179,0.0099327618450703));
#3663=CARTESIAN_POINT('',(0.0233698973154336,0.0818213886634138,0.0100506617006544));
#3664=CARTESIAN_POINT('',(0.0245018371315037,0.0798483083229707,0.00970263189448676));
#3665=CARTESIAN_POINT('',(0.0241696305743302,0.0805449165342742,0.00982259644626372));
#3666=CARTESIAN_POINT('',(0.0238166063816192,0.0812284841377844,0.00994273225396876));
#3667=CARTESIAN_POINT('',(0.0234438621884657,0.0819025328449465,0.0100608585282672));
#3668=CARTESIAN_POINT('',(0.0245759735032373,0.0799352933394323,0.00963354620890939));
#3669=CARTESIAN_POINT('',(0.0242421188240026,0.080633606406386,0.00975388871317794));
#3670=CARTESIAN_POINT('',(0.0238875542909174,0.0813186155647484,0.00987430557314885));
#3671=CARTESIAN_POINT('',(0.0235133578298247,0.0819939230573223,0.009992640211685));
#3672=CARTESIAN_POINT('',(0.024557108376921,0.0799443707213842,0.00948653515924072));
#3673=CARTESIAN_POINT('',(0.0242234461757039,0.0806425994007253,0.00960684775323574));
#3674=CARTESIAN_POINT('',(0.0238691519356644,0.0813273486030824,0.00972721405853992));
#3675=CARTESIAN_POINT('',(0.0234952987260659,0.082002280367373,0.00984548528290952));
#3676=CARTESIAN_POINT('',(0.0232380812520057,0.0816883731222882,0.00983614493144154));
#3677=CARTESIAN_POINT('',(0.0232355917115237,0.0816876743375675,0.00993969526670054));
#3678=CARTESIAN_POINT('',(0.02342079307854,0.0817389128845865,0.0101370083975827));
#3679=CARTESIAN_POINT('',(0.0235669575534851,0.0818730325492579,0.00994422525524213));
#3680=CARTESIAN_POINT('',(0.0235672181036842,0.0818732752946131,0.00984060018832001));
#3681=CARTESIAN_POINT('',(0.0244164818091337,0.0798024623548254,0.00949581868944049));
#3682=CARTESIAN_POINT('',(0.0270841140940134,0.0606496218140535,0.00768578295490003));
#3683=CARTESIAN_POINT('',(0.0275717393713732,0.0638821804315879,0.00772956914323723));
#3684=CARTESIAN_POINT('',(0.0276306059118071,0.0671480898258286,0.00778624256351324));
#3685=CARTESIAN_POINT('',(0.0266982599135132,0.0736671541809069,0.0083455686733258));
#3686=CARTESIAN_POINT('',(0.0257107469502616,0.0768040134711606,0.0088291005307129));
#3687=CARTESIAN_POINT('',(0.0243198727122224,0.0797369817044726,0.00933340265937152));
#3688=CARTESIAN_POINT('',(0.0268922151953329,0.0606101414354369,0.00785229641773025));
#3689=CARTESIAN_POINT('',(0.027383083762502,0.0638257842314627,0.00789580959934174));
#3690=CARTESIAN_POINT('',(0.0274472658469028,0.0670685054403558,0.00795037292313473));
#3691=CARTESIAN_POINT('',(0.0265362195981875,0.0735371165311761,0.00849957897279407));
#3692=CARTESIAN_POINT('',(0.025562530458285,0.0766547415202231,0.00897813771633625));
#3693=CARTESIAN_POINT('',(0.0241844989914629,0.079574366141287,0.00947948741303098));
#3694=CARTESIAN_POINT('',(0.0270260494368519,0.0606323383803593,0.00803977793658476));
#3695=CARTESIAN_POINT('',(0.027514732974404,0.0638595773085317,0.00808347797968069));
#3696=CARTESIAN_POINT('',(0.0275742279470404,0.0671098799406779,0.00813952306367453));
#3697=CARTESIAN_POINT('',(0.0266523580901657,0.0735875620127577,0.00869342453321132));
#3698=CARTESIAN_POINT('',(0.025672305228882,0.0767115324473678,0.00917408627249542));
#3699=CARTESIAN_POINT('',(0.0242863998980144,0.0796384395532201,0.00967713465335091));
#3700=CARTESIAN_POINT('',(0.0272142263071101,0.060668211965952,0.00803810068519119));
#3701=CARTESIAN_POINT('',(0.0276997703973436,0.0639119314666959,0.00808206655607977));
#3702=CARTESIAN_POINT('',(0.0277535313207608,0.0671803999755823,0.0081401862045182));
#3703=CARTESIAN_POINT('',(0.0268129206103203,0.0736936555977842,0.00870275392448316));
#3704=CARTESIAN_POINT('',(0.0258210564922213,0.0768327246015836,0.00918756556723469));
#3705=CARTESIAN_POINT('',(0.0244231339186521,0.0797716393730911,0.00969331727990626));
#3706=CARTESIAN_POINT('',(0.0274576137009702,0.0607146107528691,0.00803593133332041));
#3707=CARTESIAN_POINT('',(0.0279390972395539,0.0639796461762446,0.00808024102507063));
#3708=CARTESIAN_POINT('',(0.0279854417610838,0.0672716103750684,0.00814104390887623));
#3709=CARTESIAN_POINT('',(0.0270205916874214,0.0738308767192188,0.0087148205308883));
#3710=CARTESIAN_POINT('',(0.0260134509255431,0.0769894741666625,0.00920499964621136));
#3711=CARTESIAN_POINT('',(0.0245999852866729,0.0799439196165481,0.00971424784006339));
#3712=CARTESIAN_POINT('',(0.0275718586456869,0.0607409697911577,0.00777440897660017));
#3713=CARTESIAN_POINT('',(0.0280513701916702,0.064016183539996,0.00781888309285891));
#3714=CARTESIAN_POINT('',(0.0280950742954744,0.0673265473084698,0.00788093677881329));
#3715=CARTESIAN_POINT('',(0.0271153874670997,0.0739298190161183,0.0084620018921325));
#3716=CARTESIAN_POINT('',(0.0260982639373048,0.0771036483148746,0.00895587197505443));
#3717=CARTESIAN_POINT('',(0.0246765732640407,0.0800671201018039,0.00946707063336182));
#3718=CARTESIAN_POINT('',(0.0272869047088577,0.0606888156288578,0.00765358292013881));
#3719=CARTESIAN_POINT('',(0.0277711390319125,0.0639391548458003,0.00769765593462286));
#3720=CARTESIAN_POINT('',(0.0278239243145324,0.0672255008093736,0.00775656401463755));
#3721=CARTESIAN_POINT('',(0.0268709785107894,0.0737855156590798,0.00832546588866558));
#3722=CARTESIAN_POINT('',(0.0258704089644474,0.076939353693636,0.00881360660621563));
#3723=CARTESIAN_POINT('',(0.0244664758223426,0.0798854646750677,0.0093208580839384));
#3724=CARTESIAN_POINT('',(0.0272118597878168,0.0606712765267574,0.00783813816856994));
#3725=CARTESIAN_POINT('',(0.0266043551875994,0.0583796692652518,0.00779858077663722));
#3726=CARTESIAN_POINT('',(0.0267633338716799,0.0591285243260336,0.00781413811886589));
#3727=CARTESIAN_POINT('',(0.0269011900240591,0.0598800248558037,0.00782499295073704));
#3728=CARTESIAN_POINT('',(0.0270154039491967,0.0606339070801589,0.00783520083423507));
#3729=CARTESIAN_POINT('',(0.0266025742684888,0.0583760098455271,0.00793447213586407));
#3730=CARTESIAN_POINT('',(0.0267616651294298,0.0591253302147559,0.00795004271812175));
#3731=CARTESIAN_POINT('',(0.0268996535304565,0.0598773976236931,0.00796091169310583));
#3732=CARTESIAN_POINT('',(0.0270138814345276,0.0606312276364338,0.00797111870390808));
#3733=CARTESIAN_POINT('',(0.0267038446061257,0.0583869258533377,0.00800249668672124));
#3734=CARTESIAN_POINT('',(0.0268627645958196,0.0591381990438068,0.00801798261104403));
#3735=CARTESIAN_POINT('',(0.0270004209238971,0.0598932814183499,0.00802875173054813));
#3736=CARTESIAN_POINT('',(0.0271142615940169,0.0606491549336692,0.00803899168711993));
#3737=CARTESIAN_POINT('',(0.0268048182813277,0.0583995438485004,0.00800176873257705));
#3738=CARTESIAN_POINT('',(0.0269635133068471,0.0591525142800799,0.0080171643705292));
#3739=CARTESIAN_POINT('',(0.0271007753216258,0.059910292795693,0.00802782773268222));
#3740=CARTESIAN_POINT('',(0.0272142263071101,0.060668211965952,0.0080381006851912));
#3741=CARTESIAN_POINT('',(0.0270224108825243,0.0584267349196766,0.00800020003226513));
#3742=CARTESIAN_POINT('',(0.0271806211228777,0.0591833628105626,0.00801540110815741));
#3743=CARTESIAN_POINT('',(0.0273170334146349,0.0599469513588148,0.00802583656915626));
#3744=CARTESIAN_POINT('',(0.0274296446516074,0.0607092788006218,0.0080361806260574));
#3745=CARTESIAN_POINT('',(0.0271488232694385,0.0584482284044234,0.00777407107201764));
#3746=CARTESIAN_POINT('',(0.0273065725137737,0.0592061602670583,0.00778913980950464));
#3747=CARTESIAN_POINT('',(0.0274422834774806,0.0599721057894892,0.00779942251887342));
#3748=CARTESIAN_POINT('',(0.027554395077018,0.0607370209942355,0.00780980836639824));
#3749=CARTESIAN_POINT('',(0.0269023921319928,0.0584211422846656,0.00762922192525662));
#3750=CARTESIAN_POINT('',(0.0270605736444769,0.0591743975338231,0.00764449844212981));
#3751=CARTESIAN_POINT('',(0.0271971117448414,0.0599330999631721,0.00765502600849914));
#3752=CARTESIAN_POINT('',(0.0273101667206544,0.0606930400554764,0.00766533164157009));
#3753=CARTESIAN_POINT('',(0.0270039038649048,0.0584427938181068,0.00779480906016458));
#3754=CARTESIAN_POINT('',(0.0270080119351397,0.0584407903592823,0.00789866786367722));
#3755=CARTESIAN_POINT('',(0.0268393153978175,0.0585253462635775,0.00810242370895702));
#3756=CARTESIAN_POINT('',(0.0266369796090935,0.0585235843156597,0.00791159393374517));
#3757=CARTESIAN_POINT('',(0.0266346737971304,0.0585235308100832,0.00780763314494175));
#3758=CARTESIAN_POINT('',(0.027,-0.0422762538944078,-0.007502));
#3759=CARTESIAN_POINT('',(0.0276263834454821,-0.0416486653073308,0.00797872069862992));
#3760=CARTESIAN_POINT('',(0.0278867598330886,-0.0422764104112412,0.00794646671296232));
#3761=CARTESIAN_POINT('',(0.0276265772221635,-0.0429032164141511,0.00797868009952598));
#3762=CARTESIAN_POINT('',(0.0270006983751237,-0.0431627052659691,0.00801065645360389));
#3763=CARTESIAN_POINT('',(0.0263732627595751,-0.0429034851659995,0.00797869400900039));
#3764=CARTESIAN_POINT('',(0.0261135653855816,-0.0422764167348761,0.00794649288837399));
#3765=CARTESIAN_POINT('',(0.0263724760258139,-0.0416501449764823,0.00797860212266572));
#3766=CARTESIAN_POINT('',(0.0269991564730376,-0.0413896788014383,0.00801066923805958));
#3767=CARTESIAN_POINT('',(0.0276263834454821,-0.0416486653073308,0.00797872069862992));
#3768=CARTESIAN_POINT('',(0.0278867598330886,-0.0422764104112412,0.00794646671296232));
#3769=CARTESIAN_POINT('',(0.0276265772221635,-0.0429032164141511,0.00797868009952598));
#3770=CARTESIAN_POINT('',(0.0278,-0.0422762538944078,0.00795721127500087));
#3771=CARTESIAN_POINT('',(0.027,-0.0454579740500385,0.0005));
#3772=CARTESIAN_POINT('',(0.027,-0.0172762538944078,-0.007502));
#3773=CARTESIAN_POINT('',(0.0276263834454821,-0.0166486653073308,0.00797872069862992));
#3774=CARTESIAN_POINT('',(0.0278867598330886,-0.0172764104112412,0.00794646671296232));
#3775=CARTESIAN_POINT('',(0.0276265772221635,-0.0179032164141511,0.00797868009952598));
#3776=CARTESIAN_POINT('',(0.0270006983751237,-0.0181627052659691,0.00801065645360388));
#3777=CARTESIAN_POINT('',(0.0263732627595751,-0.0179034851659995,0.0079786940090004));
#3778=CARTESIAN_POINT('',(0.0261135653855816,-0.0172764167348761,0.00794649288837398));
#3779=CARTESIAN_POINT('',(0.0263724760258139,-0.0166501449764823,0.00797860212266572));
#3780=CARTESIAN_POINT('',(0.0269991564730376,-0.0163896788014383,0.00801066923805958));
#3781=CARTESIAN_POINT('',(0.0276263834454821,-0.0166486653073308,0.00797872069862992));
#3782=CARTESIAN_POINT('',(0.0278867598330886,-0.0172764104112412,0.00794646671296232));
#3783=CARTESIAN_POINT('',(0.0276265772221635,-0.0179032164141511,0.00797868009952598));
#3784=CARTESIAN_POINT('',(0.0278,-0.0172762538944078,0.00795721127500087));
#3785=CARTESIAN_POINT('',(0.027,-0.0454579740500385,0.0005));
#3786=CARTESIAN_POINT('',(0.027,0.00772374610559219,-0.007502));
#3787=CARTESIAN_POINT('',(0.0276263834454821,0.00835133469266915,0.00797872069862992));
#3788=CARTESIAN_POINT('',(0.0278867598330886,0.00772358958875877,0.00794646671296232));
#3789=CARTESIAN_POINT('',(0.0276265772221635,0.00709678358584891,0.00797868009952598));
#3790=CARTESIAN_POINT('',(0.0270006983751237,0.00683729473403086,0.00801065645360388));
#3791=CARTESIAN_POINT('',(0.0263732627595751,0.00709651483400049,0.00797869400900039));
#3792=CARTESIAN_POINT('',(0.0261135653855816,0.00772358326512385,0.00794649288837399));
#3793=CARTESIAN_POINT('',(0.0263724760258139,0.00834985502351772,0.00797860212266571));
#3794=CARTESIAN_POINT('',(0.0269991564730376,0.00861032119856168,0.00801066923805959));
#3795=CARTESIAN_POINT('',(0.0276263834454821,0.00835133469266915,0.00797872069862992));
#3796=CARTESIAN_POINT('',(0.0278867598330886,0.00772358958875877,0.00794646671296232));
#3797=CARTESIAN_POINT('',(0.0276265772221635,0.00709678358584891,0.00797868009952598));
#3798=CARTESIAN_POINT('',(0.0278,0.00772374610559219,0.00795721127500087));
#3799=CARTESIAN_POINT('',(0.027,-0.0454579740500385,0.0005));
#3800=CARTESIAN_POINT('',(0.027,0.0327237461055922,-0.007502));
#3801=CARTESIAN_POINT('',(0.0276263834454821,0.0333513346926692,0.00797872069862992));
#3802=CARTESIAN_POINT('',(0.0278867598330886,0.0327235895887588,0.00794646671296232));
#3803=CARTESIAN_POINT('',(0.0276265772221635,0.0320967835858489,0.00797868009952598));
#3804=CARTESIAN_POINT('',(0.0270006983751237,0.0318372947340309,0.00801065645360388));
#3805=CARTESIAN_POINT('',(0.0263732627595751,0.0320965148340005,0.00797869400900039));
#3806=CARTESIAN_POINT('',(0.0261135653855816,0.0327235832651239,0.00794649288837399));
#3807=CARTESIAN_POINT('',(0.0263724760258139,0.0333498550235177,0.00797860212266572));
#3808=CARTESIAN_POINT('',(0.0269991564730376,0.0336103211985617,0.00801066923805958));
#3809=CARTESIAN_POINT('',(0.0276263834454821,0.0333513346926692,0.00797872069862992));
#3810=CARTESIAN_POINT('',(0.0278867598330886,0.0327235895887588,0.00794646671296232));
#3811=CARTESIAN_POINT('',(0.0276265772221635,0.0320967835858489,0.00797868009952598));
#3812=CARTESIAN_POINT('',(0.0278,0.0327237461055922,0.00795721127500087));
#3813=CARTESIAN_POINT('',(0.027,-0.0454579740500385,0.0005));
#3814=CARTESIAN_POINT('',(0.0266532325271463,0.0577237461055907,-0.007502));
#3815=CARTESIAN_POINT('',(0.0272798582339897,0.0583508081365559,0.00811708783992075));
#3816=CARTESIAN_POINT('',(0.0275399821393605,0.0577238396003851,0.00807199314440008));
#3817=CARTESIAN_POINT('',(0.0272796083714466,0.0570963100954481,0.00809277357279192));
#3818=CARTESIAN_POINT('',(0.026653061107278,0.056837254336085,0.00811601817401421));
#3819=CARTESIAN_POINT('',(0.0260255854775991,0.0570971495926506,0.00808702186635795));
#3820=CARTESIAN_POINT('',(0.0257668664541572,0.0577255271958223,0.00807381193649876));
#3821=CARTESIAN_POINT('',(0.0260263489949631,0.058350233431707,0.00812579817951158));
#3822=CARTESIAN_POINT('',(0.0266532506996636,0.0586103587654278,0.00816056933187034));
#3823=CARTESIAN_POINT('',(0.0272798582339897,0.0583508081365559,0.00811708783992075));
#3824=CARTESIAN_POINT('',(0.0275399821393605,0.0577238396003851,0.00807199314440008));
#3825=CARTESIAN_POINT('',(0.0272796083714466,0.0570963100954481,0.00809277357279192));
#3826=CARTESIAN_POINT('',(0.0274532325271463,0.0577237461055907,0.00808297233171883));
#3827=CARTESIAN_POINT('',(0.0258831896906483,0.0568712292378478,0.00806264671898996));
#3828=CARTESIAN_POINT('',(0.0258558753594109,0.0574115611264978,0.00807481260471465));
#3829=CARTESIAN_POINT('',(0.0258263128074135,0.0579508576961454,0.00808835756074778));
#3830=CARTESIAN_POINT('',(0.0257943548196674,0.0584890800147276,0.0081034285283162));
#3831=CARTESIAN_POINT('',(0.0261572145144863,0.0568844007090705,0.00809265023619939));
#3832=CARTESIAN_POINT('',(0.0261298640994927,0.0574254540215053,0.00810483208446379));
#3833=CARTESIAN_POINT('',(0.0261002613731149,0.0579654964411996,0.00811839523218022));
#3834=CARTESIAN_POINT('',(0.0260682582465591,0.0585044893567079,0.00813348728773933));
#3835=CARTESIAN_POINT('',(0.0264279494089244,0.0568977585477323,0.00810698716996899));
#3836=CARTESIAN_POINT('',(0.0264005620243928,0.057439551018717,0.00811918537090855));
#3837=CARTESIAN_POINT('',(0.0263709181019928,0.0579803582816271,0.00813276717056931));
#3838=CARTESIAN_POINT('',(0.0263388686484411,0.0585201420182931,0.00814788086788299));
#3839=CARTESIAN_POINT('',(0.0266942795395768,0.0569112136817224,0.00810711209153007));
#3840=CARTESIAN_POINT('',(0.0266668545823916,0.05745375739206,0.00811932691041219));
#3841=CARTESIAN_POINT('',(0.026637168760689,0.0579953425781879,0.00813292767836125));
#3842=CARTESIAN_POINT('',(0.0266050721538082,0.0585359311889872,0.00814806340227994));
#3843=CARTESIAN_POINT('',(0.026961196892343,0.0569246984824731,0.0081072372885264));
#3844=CARTESIAN_POINT('',(0.0269337342796615,0.0574679950885453,0.00811946876199139));
#3845=CARTESIAN_POINT('',(0.0269040064662741,0.0580103599131071,0.00813308854005127));
#3846=CARTESIAN_POINT('',(0.0268718626020975,0.0585517551726789,0.00814824633914068));
#3847=CARTESIAN_POINT('',(0.0272325187403081,0.056938727037814,0.00809309191396009));
#3848=CARTESIAN_POINT('',(0.0272050166208418,0.0574828135768777,0.00810534085932098));
#3849=CARTESIAN_POINT('',(0.0271752447204487,0.0580259969652928,0.00811898059401923));
#3850=CARTESIAN_POINT('',(0.0271430512058914,0.0585682396697295,0.00813416158499708));
#3851=CARTESIAN_POINT('',(0.0275071206843114,0.0569532755062811,0.00806321085397717));
#3852=CARTESIAN_POINT('',(0.0274795772391886,0.0574981883697025,0.00807547807405654));
#3853=CARTESIAN_POINT('',(0.0274497591894527,0.0580422286373155,0.00808913869677828));
#3854=CARTESIAN_POINT('',(0.0274175136649569,0.0585853590050762,0.00810434398058225));
#3855=CARTESIAN_POINT('',(0.0230218857933522,0.0824586065438284,-0.007502));
#3856=CARTESIAN_POINT('',(0.0236503116090439,0.0830812751087994,0.0103262919091539));
#3857=CARTESIAN_POINT('',(0.0239083065909776,0.0824603722929779,0.0102123727283201));
#3858=CARTESIAN_POINT('',(0.0236477767871588,0.0818288749822602,0.0101753362193484));
#3859=CARTESIAN_POINT('',(0.0230149617225107,0.0815706385137766,0.0101740314482017));
#3860=CARTESIAN_POINT('',(0.0223855922837314,0.0818403614278265,0.0101941342777488));
#3861=CARTESIAN_POINT('',(0.0221377055450074,0.0824681387628465,0.0102900145242249));
#3862=CARTESIAN_POINT('',(0.0223951291220419,0.0830855914754842,0.0104181786993521));
#3863=CARTESIAN_POINT('',(0.0230299315776924,0.0833461633261501,0.0104389610005745));
#3864=CARTESIAN_POINT('',(0.0236503116090439,0.0830812751087994,0.0103262919091539));
#3865=CARTESIAN_POINT('',(0.0239083065909776,0.0824603722929779,0.0102123727283201));
#3866=CARTESIAN_POINT('',(0.0236477767871588,0.0818288749822602,0.0101753362193484));
#3867=CARTESIAN_POINT('',(0.0238218857933521,0.0824586065438285,0.0102251865069638));
#3868=CARTESIAN_POINT('',(0.0224626115180694,0.08146236783204,0.0101308007972941));
#3869=CARTESIAN_POINT('',(0.0223169099621111,0.0819778301112948,0.010212098872567));
#3870=CARTESIAN_POINT('',(0.022165526311431,0.082491589179363,0.010295675475215));
#3871=CARTESIAN_POINT('',(0.0220079568113428,0.0830034238843542,0.0103813793366891));
#3872=CARTESIAN_POINT('',(0.0226741978280284,0.0815184874894644,0.0101543060931349));
#3873=CARTESIAN_POINT('',(0.0225280786496548,0.0820354281681232,0.0102358373244577));
#3874=CARTESIAN_POINT('',(0.0223762450819138,0.0825507188273449,0.0103196627488594));
#3875=CARTESIAN_POINT('',(0.0222181873584681,0.0830641401925144,0.0104056322245082));
#3876=CARTESIAN_POINT('',(0.0228833552771407,0.0815754761128337,0.0101679495647548));
#3877=CARTESIAN_POINT('',(0.0227368150760692,0.0820939071998261,0.010249715845246));
#3878=CARTESIAN_POINT('',(0.0225845284935723,0.0826107398436883,0.0103337917877876));
#3879=CARTESIAN_POINT('',(0.0224259798105935,0.0831257567067004,0.0104200283577849));
#3880=CARTESIAN_POINT('',(0.0230895524545659,0.0816330667416803,0.010172470968603));
#3881=CARTESIAN_POINT('',(0.0229425895617904,0.0821529941194983,0.0102544732252563));
#3882=CARTESIAN_POINT('',(0.0227898486849027,0.0826713729651366,0.0103388003782612));
#3883=CARTESIAN_POINT('',(0.0226308082269971,0.0831879879259153,0.0104253044784956));
#3884=CARTESIAN_POINT('',(0.0233977036002178,0.0817191329937963,0.010179227975625));
#3885=CARTESIAN_POINT('',(0.0232501090162887,0.0822412965017978,0.0102615828865949));
#3886=CARTESIAN_POINT('',(0.0230966892196471,0.0827619860669845,0.0103462854608012));
#3887=CARTESIAN_POINT('',(0.0229369138292414,0.0832809893032177,0.010433189371305));
#3888=CARTESIAN_POINT('',(0.0237114475483903,0.0818099507692518,0.0101658897299));
#3889=CARTESIAN_POINT('',(0.023563192536583,0.082334452075637,0.010248613327411));
#3890=CARTESIAN_POINT('',(0.0234090640826773,0.0828575532643495,0.0103337077326273));
#3891=CARTESIAN_POINT('',(0.0232485228408066,0.0833790451407211,0.0104210282564378));
#3892=CARTESIAN_POINT('',(0.0240288404008033,0.0819053653678223,0.0101299526394317));
#3893=CARTESIAN_POINT('',(0.0238798981069019,0.082432299469912,0.0102130599034658));
#3894=CARTESIAN_POINT('',(0.0237250334211811,0.0829579057869128,0.0102985613493024));
#3895=CARTESIAN_POINT('',(0.0235636979051168,0.0834819785426676,0.0103863139293901));
#3896=CARTESIAN_POINT('',(-0.027,-0.0454579740500385,0.00016));
#3897=CARTESIAN_POINT('',(-0.027316157033815,0.0319888687484983,0.00765333335238526));
#3898=CARTESIAN_POINT('',(-0.0275814349444456,0.0321029959243488,0.00764214080650247));
#3899=CARTESIAN_POINT('',(-0.0279682196925764,0.0326497521020225,0.00759690592618963));
#3900=CARTESIAN_POINT('',(-0.027672653511688,0.0332464515848145,0.007633907080882));
#3901=CARTESIAN_POINT('',(-0.0274245569010345,0.0334017958366474,0.00764797378719931));
#3902=CARTESIAN_POINT('',(-0.027316157033815,0.0319888687484983,0.00765333335238526));
#3903=CARTESIAN_POINT('',(-0.0274245569010345,0.0334017958366474,0.00764797378719931));
#3904=CARTESIAN_POINT('',(-0.0274245569010345,0.0334017958366474,0.00764797378719931));
#3905=CARTESIAN_POINT('',(-0.0276540739685011,0.0341056537101617,0.00763496051315918));
#3906=CARTESIAN_POINT('',(-0.0278713308451542,0.0348132910100501,0.00761204372363541));
#3907=CARTESIAN_POINT('',(-0.0280745729814412,0.0355246911081862,0.00758262035318772));
#3908=CARTESIAN_POINT('',(-0.0280745729814412,0.0355246911081862,0.00758262035318772));
#3909=CARTESIAN_POINT('',(-0.0280745729814412,0.0355246911081862,0.00758262035318772));
#3910=CARTESIAN_POINT('',(-0.0286725539760901,0.0352952777424579,0.00749605062582869));
#3911=CARTESIAN_POINT('',(-0.0297045258117233,0.0344571707244837,0.00718371298860439));
#3912=CARTESIAN_POINT('',(-0.0302077700827997,0.0324686648039602,0.00693439072771332));
#3913=CARTESIAN_POINT('',(-0.0294095753410641,0.0306069154131028,0.00730578677171879));
#3914=CARTESIAN_POINT('',(-0.0282681560022217,0.0299288360356943,0.00757927311925344));
#3915=CARTESIAN_POINT('',(-0.0276349587312297,0.0297917114179333,0.00763307349151841));
#3916=CARTESIAN_POINT('',(-0.0276349587312297,0.0297917114179332,0.00763307349151841));
#3917=CARTESIAN_POINT('',(-0.0276349587312297,0.0297917114179333,0.00763307349151841));
#3918=CARTESIAN_POINT('',(-0.0276326221007294,0.0298101026529517,0.00763327202615607));
#3919=CARTESIAN_POINT('',(-0.0276302775293541,0.0298284928802083,0.00763347013170078));
#3920=CARTESIAN_POINT('',(-0.0276279250074875,0.0298468820987086,0.00763366778663447));
#3921=CARTESIAN_POINT('',(-0.0276279250074873,0.0298468820987085,0.00763366778663085));
#3922=CARTESIAN_POINT('',(-0.0276279250074875,0.0298468820987086,0.00763366778663382));
#3923=CARTESIAN_POINT('',(-0.0275363638170974,0.0305625986070624,0.00764136060397634));
#3924=CARTESIAN_POINT('',(-0.0274324324036139,0.0312767249116252,0.00764842748816001));
#3925=CARTESIAN_POINT('',(-0.027316157033815,0.0319888687484983,0.00765333335238526));
#3926=CARTESIAN_POINT('',(-0.027,0.0327237461055922,-0.007502));
#3927=CARTESIAN_POINT('',(-0.0277722012016928,0.0356226606100411,0.00746014110483876));
#3928=CARTESIAN_POINT('',(-0.0277308292259381,0.0356336811107648,0.00750286697406122));
#3929=CARTESIAN_POINT('',(-0.0277102909088511,0.0356384537033256,0.00756593349647001));
#3930=CARTESIAN_POINT('',(-0.0277159162576228,0.0356370713383926,0.00762575273579774));
#3931=CARTESIAN_POINT('',(-0.0277722012016928,0.0356226606100412,0.00746014110483874));
#3932=CARTESIAN_POINT('',(-0.0277159162576228,0.0356370713383926,0.00762575273579774));
#3933=CARTESIAN_POINT('',(-0.0272622098760349,0.0297352270775601,0.00765541499724397));
#3934=CARTESIAN_POINT('',(-0.026828839145641,0.0296972035333137,0.00767057547675517));
#3935=CARTESIAN_POINT('',(-0.0259361233559146,0.0298155608577713,0.00762060312885775));
#3936=CARTESIAN_POINT('',(-0.0248217086331084,0.0305285560078632,0.00735860752112447));
#3937=CARTESIAN_POINT('',(-0.0241051741090746,0.0316289614074806,0.00708394038867967));
#3938=CARTESIAN_POINT('',(-0.0239105333924554,0.0329595801010625,0.00699303819480097));
#3939=CARTESIAN_POINT('',(-0.0243048204581853,0.0342440978834984,0.00716979947473676));
#3940=CARTESIAN_POINT('',(-0.0251764446216479,0.0352216351736692,0.00746247813178333));
#3941=CARTESIAN_POINT('',(-0.0263897570296241,0.0357599494974372,0.00767411411168396));
#3942=CARTESIAN_POINT('',(-0.0272899950587834,0.0357417365873261,0.00766659575879973));
#3943=CARTESIAN_POINT('',(-0.0277159162576228,0.0356370713383926,0.00762575273579774));
#3944=CARTESIAN_POINT('',(-0.0272622098760348,0.0297352270775601,0.00765541499724397));
#3945=CARTESIAN_POINT('',(-0.0272622098760348,0.0297352270775601,0.00765541499724397));
#3946=CARTESIAN_POINT('',(-0.0272596211378556,0.0297349999440834,0.00759426171733326));
#3947=CARTESIAN_POINT('',(-0.027284004067472,0.0297368660632444,0.00753326822359153));
#3948=CARTESIAN_POINT('',(-0.0273296681628989,0.0297419146377907,0.00749275109038297));
#3949=CARTESIAN_POINT('',(-0.0273296681628944,0.0297419146377903,0.00749275109037887));
#3950=CARTESIAN_POINT('',(-0.0277722012016927,0.0356226606100411,0.00746014110483872));
#3951=CARTESIAN_POINT('',(-0.0273468015612848,0.0357359768575602,0.00750417433543132));
#3952=CARTESIAN_POINT('',(-0.0264330599875693,0.0357716706895984,0.007519048875352));
#3953=CARTESIAN_POINT('',(-0.0251953969608107,0.035238388801296,0.00730819554774411));
#3954=CARTESIAN_POINT('',(-0.0243085739119327,0.0342540918374611,0.00701159107303701));
#3955=CARTESIAN_POINT('',(-0.0239082822262725,0.032959077071181,0.00683194235838307));
#3956=CARTESIAN_POINT('',(-0.0241095292393129,0.0316091797883815,0.00692614238997229));
#3957=CARTESIAN_POINT('',(-0.0248475765557134,0.0305001659594199,0.00720744032090444));
#3958=CARTESIAN_POINT('',(-0.025984360161738,0.0297960708359058,0.00746856440664564));
#3959=CARTESIAN_POINT('',(-0.0268912948561693,0.0296934485443002,0.00751203876201602));
#3960=CARTESIAN_POINT('',(-0.0273296681628945,0.0297419146377903,0.00749275109037888));
#3961=CARTESIAN_POINT('',(-0.027,-0.0454579740500385,0.00016));
#3962=CARTESIAN_POINT('',(-0.0273350574846905,0.00699729137062733,0.00765251202748136));
#3963=CARTESIAN_POINT('',(-0.0276158851996958,0.0071268155147925,0.007639953698916));
#3964=CARTESIAN_POINT('',(-0.0279993866507246,0.00774967274174194,0.00759314924790078));
#3965=CARTESIAN_POINT('',(-0.0275842752749264,0.00835142303855935,0.00764270726913753));
#3966=CARTESIAN_POINT('',(-0.0272976464678557,0.00846631366492467,0.00765409144460975));
#3967=CARTESIAN_POINT('',(-0.0273350574846905,0.00699729137062733,0.00765251202748136));
#3968=CARTESIAN_POINT('',(-0.0272976464678557,0.00846631366492466,0.00765409144460975));
#3969=CARTESIAN_POINT('',(-0.0272976464678557,0.00846631366492466,0.00765409144460975));
#3970=CARTESIAN_POINT('',(-0.0274001125357749,0.0091988400999903,0.00765002175004883));
#3971=CARTESIAN_POINT('',(-0.0274941112574892,0.00993253114455295,0.00764419863150298));
#3972=CARTESIAN_POINT('',(-0.0275797326619367,0.0106671981674889,0.00763756043377008));
#3973=CARTESIAN_POINT('',(-0.0275797326619367,0.0106671981674889,0.00763756043377008));
#3974=CARTESIAN_POINT('',(-0.0275797326619367,0.0106671981674889,0.00763756043377008));
#3975=CARTESIAN_POINT('',(-0.0282493411186741,0.0105353142825413,0.00758564592281186));
#3976=CARTESIAN_POINT('',(-0.0294545129449657,0.00982264848613208,0.00729306414467347));
#3977=CARTESIAN_POINT('',(-0.0302388298346958,0.00783115397698489,0.00691849828765701));
#3978=CARTESIAN_POINT('',(-0.0295806044847191,0.00578188495893657,0.00724029637593128));
#3979=CARTESIAN_POINT('',(-0.0284329610434952,0.00500130778760354,0.00755157495362342));
#3980=CARTESIAN_POINT('',(-0.0277741109595811,0.00482534098859146,0.00761994317821901));
#3981=CARTESIAN_POINT('',(-0.0277741109595811,0.00482534098859146,0.00761994317821902));
#3982=CARTESIAN_POINT('',(-0.0277741109595811,0.00482534098859146,0.00761994317821902));
#3983=CARTESIAN_POINT('',(-0.0277700715441442,0.00484519382813607,0.00762036234438225));
#3984=CARTESIAN_POINT('',(-0.0277660315579818,0.00486504661977424,0.00762077825348677));
#3985=CARTESIAN_POINT('',(-0.0277619911070941,0.00488489938532384,0.00762119089373268));
#3986=CARTESIAN_POINT('',(-0.0277619911070942,0.00488489938532389,0.00762119089373482));
#3987=CARTESIAN_POINT('',(-0.0277619911070941,0.00488489938532389,0.00762119089373342));
#3988=CARTESIAN_POINT('',(-0.0276187387644923,0.00558877012923513,0.00763582086536766));
#3989=CARTESIAN_POINT('',(-0.0274750506014403,0.00629264084537464,0.00764625167829538));
#3990=CARTESIAN_POINT('',(-0.0273350574846905,0.00699729137062733,0.00765251202748136));
#3991=CARTESIAN_POINT('',(-0.027,0.00772374610559222,-0.007502));
#3992=CARTESIAN_POINT('',(-0.0272746216558035,0.0107111501536185,0.00749497051002629));
#3993=CARTESIAN_POINT('',(-0.0272285764830941,0.0107153829260751,0.00753513759689397));
#3994=CARTESIAN_POINT('',(-0.0272037189149795,0.0107168220204082,0.0075960198059668));
#3995=CARTESIAN_POINT('',(-0.0272059110432387,0.0107166712035979,0.00765717284329716));
#3996=CARTESIAN_POINT('',(-0.0272746216558035,0.0107111501536185,0.00749497051002629));
#3997=CARTESIAN_POINT('',(-0.0272059110432386,0.0107166712035979,0.00765717284329716));
#3998=CARTESIAN_POINT('',(-0.0274049912702251,0.00475120812079854,0.00764905748883272));
#3999=CARTESIAN_POINT('',(-0.0265730106810079,0.00463785553208366,0.00769404911509973));
#4000=CARTESIAN_POINT('',(-0.0252581565200659,0.00503411112250564,0.00750887223644333));
#4001=CARTESIAN_POINT('',(-0.0242262312878895,0.00636944402142582,0.0071350013560577));
#4002=CARTESIAN_POINT('',(-0.0239104806298053,0.0076186484698003,0.00699345264723619));
#4003=CARTESIAN_POINT('',(-0.0241420192675523,0.00889335427897209,0.00709880770991127));
#4004=CARTESIAN_POINT('',(-0.0250905760487642,0.0102966430458043,0.00746115746789437));
#4005=CARTESIAN_POINT('',(-0.0263671170639386,0.010774379611822,0.00768021045320025));
#4006=CARTESIAN_POINT('',(-0.0272059110432387,0.0107166712035979,0.00765717284329716));
#4007=CARTESIAN_POINT('',(-0.0274049912702251,0.00475120812079855,0.00764905748883272));
#4008=CARTESIAN_POINT('',(-0.0274049912702251,0.00475120812079855,0.00764905748883272));
#4009=CARTESIAN_POINT('',(-0.0274014454637161,0.00475072502497625,0.00758796134875181));
#4010=CARTESIAN_POINT('',(-0.0274247675621756,0.00475362577769927,0.00752663167532301));
#4011=CARTESIAN_POINT('',(-0.0274694021422342,0.00476069672549986,0.00748529636212661));
#4012=CARTESIAN_POINT('',(-0.0274694021422342,0.00476069672549986,0.00748529636212661));
#4013=CARTESIAN_POINT('',(-0.0272746216558035,0.0107111501536185,0.00749497051002629));
#4014=CARTESIAN_POINT('',(-0.0264249865924302,0.0107892541476485,0.00752610181169321));
#4015=CARTESIAN_POINT('',(-0.0251189835825497,0.0103238962423772,0.00731084658645439));
#4016=CARTESIAN_POINT('',(-0.0241477561380246,0.0089120770839397,0.00694149606767067));
#4017=CARTESIAN_POINT('',(-0.0239080577648899,0.00762380565842458,0.00683198663349313));
#4018=CARTESIAN_POINT('',(-0.024229394766357,0.00635408941765993,0.00697783200748265));
#4019=CARTESIAN_POINT('',(-0.0250277396476508,0.0053470289703013,0.00726009649374042));
#4020=CARTESIAN_POINT('',(-0.0261691520645171,0.00474500033983032,0.00749004024907928));
#4021=CARTESIAN_POINT('',(-0.0270497116805048,0.0046942099490274,0.0075116151065397));
#4022=CARTESIAN_POINT('',(-0.0274694021422342,0.00476069672549985,0.00748529636212662));
#4023=CARTESIAN_POINT('',(-0.027,-0.0454579740500385,0.00016));
#4024=CARTESIAN_POINT('',(-0.0274348287788128,-0.0179477625936189,0.00764738431851312));
#4025=CARTESIAN_POINT('',(-0.0276559867296226,-0.0178045539623855,0.00763454060199151));
#4026=CARTESIAN_POINT('',(-0.0279360287046673,-0.0172924413372494,0.00760068811203539));
#4027=CARTESIAN_POINT('',(-0.027671513119001,-0.016768808190674,0.00763297576741239));
#4028=CARTESIAN_POINT('',(-0.0274567458337099,-0.0166194561756324,0.00764607929716141));
#4029=CARTESIAN_POINT('',(-0.0274348287788127,-0.0179477625936189,0.00764738431851139));
#4030=CARTESIAN_POINT('',(-0.0274567458337094,-0.016619456175633,0.00764607929716144));
#4031=CARTESIAN_POINT('',(-0.0274567458337094,-0.016619456175633,0.00764607929716144));
#4032=CARTESIAN_POINT('',(-0.0277158251740774,-0.0159242613775252,0.0076302721697432));
#4033=CARTESIAN_POINT('',(-0.0279496274639678,-0.0152200394956266,0.00760258096994311));
#4034=CARTESIAN_POINT('',(-0.0281564182047546,-0.0145080962154249,0.00757031017810403));
#4035=CARTESIAN_POINT('',(-0.0281564182047549,-0.014508096215425,0.00757031017810399));
#4036=CARTESIAN_POINT('',(-0.0281564182047549,-0.014508096215425,0.00757031017810399));
#4037=CARTESIAN_POINT('',(-0.0287006564778414,-0.0147354557518777,0.0074853789091564));
#4038=CARTESIAN_POINT('',(-0.0296415224480208,-0.0155081198144226,0.00720550124736626));
#4039=CARTESIAN_POINT('',(-0.0301840143319632,-0.0172964522413309,0.00694603424932032));
#4040=CARTESIAN_POINT('',(-0.0296220992794629,-0.0190710836786028,0.00721368308020312));
#4041=CARTESIAN_POINT('',(-0.0286743575036715,-0.0198341060088093,0.00749147013423023));
#4042=CARTESIAN_POINT('',(-0.0281293473571355,-0.0200555657781177,0.00757448410524502));
#4043=CARTESIAN_POINT('',(-0.0281293473571355,-0.0200555657781177,0.00757448410524502));
#4044=CARTESIAN_POINT('',(-0.0281293473571355,-0.0200555657781177,0.00757448410524502));
#4045=CARTESIAN_POINT('',(-0.0281237966387792,-0.0200376222685638,0.00757532957055548));
#4046=CARTESIAN_POINT('',(-0.0281182356620069,-0.0200196817131332,0.00757617022056313));
#4047=CARTESIAN_POINT('',(-0.0281126645168692,-0.020001744080278,0.00757700597767747));
#4048=CARTESIAN_POINT('',(-0.0281126645168692,-0.020001744080278,0.00757700597767723));
#4049=CARTESIAN_POINT('',(-0.0281126645168692,-0.020001744080278,0.00757700597767725));
#4050=CARTESIAN_POINT('',(-0.0278988973295512,-0.0193134695464308,0.00760907433044864));
#4051=CARTESIAN_POINT('',(-0.0276706136580292,-0.0186294238689362,0.00763369114520577));
#4052=CARTESIAN_POINT('',(-0.0274348287788128,-0.017947762593619,0.00764738431851312));
#4053=CARTESIAN_POINT('',(-0.027,-0.0172762538944078,-0.007502));
#4054=CARTESIAN_POINT('',(-0.0278565496889329,-0.0144011325699436,0.0074509276355625));
#4055=CARTESIAN_POINT('',(-0.0278155647544239,-0.0143889224302858,0.00749438374910686));
#4056=CARTESIAN_POINT('',(-0.0277957702061859,-0.0143837138071621,0.00755642297053022));
#4057=CARTESIAN_POINT('',(-0.0278017398322534,-0.0143853693859263,0.00761702442274251));
#4058=CARTESIAN_POINT('',(-0.027856549688933,-0.0144011325699436,0.00745092763556249));
#4059=CARTESIAN_POINT('',(-0.0278017398322534,-0.0143853693859263,0.00761702442274251));
#4060=CARTESIAN_POINT('',(-0.0277736737189115,-0.0201747757550577,0.00761998853730122));
#4061=CARTESIAN_POINT('',(-0.02732428967383,-0.0202947253852806,0.00766659405467424));
#4062=CARTESIAN_POINT('',(-0.0263740884984949,-0.0203206382517759,0.00767746297716134));
#4063=CARTESIAN_POINT('',(-0.0250942406599574,-0.0197274802723281,0.0074439524494111));
#4064=CARTESIAN_POINT('',(-0.0242133091063027,-0.0186471839670343,0.00713257570049195));
#4065=CARTESIAN_POINT('',(-0.0238900257917669,-0.0172642919380029,0.00698305045680816));
#4066=CARTESIAN_POINT('',(-0.0242267523463245,-0.0158761892993455,0.00713847557241182));
#4067=CARTESIAN_POINT('',(-0.0251188305864627,-0.014807593965699,0.00745042673244058));
#4068=CARTESIAN_POINT('',(-0.0263985969524409,-0.0142259925358812,0.0076799210410096));
#4069=CARTESIAN_POINT('',(-0.0273566408242595,-0.01426192841035,0.0076648791143427));
#4070=CARTESIAN_POINT('',(-0.0278017398322534,-0.0143853693859262,0.00761702442274254));
#4071=CARTESIAN_POINT('',(-0.0277736737189115,-0.0201747757550577,0.00761998853730122));
#4072=CARTESIAN_POINT('',(-0.0277736737189115,-0.0201747757550578,0.00761998853730122));
#4073=CARTESIAN_POINT('',(-0.0277679062454115,-0.0201763152096094,0.00755928357298526));
#4074=CARTESIAN_POINT('',(-0.0277880470893934,-0.0201712202953949,0.0074973240331415));
#4075=CARTESIAN_POINT('',(-0.0278293676346483,-0.0201593337279535,0.00745400223548382));
#4076=CARTESIAN_POINT('',(-0.0278293676346483,-0.0201593337279535,0.00745400223548383));
#4077=CARTESIAN_POINT('',(-0.027856549688933,-0.0144011325699436,0.00745092763556249));
#4078=CARTESIAN_POINT('',(-0.0274124098028982,-0.0142688154124071,0.00750198542324117));
#4079=CARTESIAN_POINT('',(-0.0264434745950097,-0.0142142129574117,0.00752490682398996));
#4080=CARTESIAN_POINT('',(-0.0251385644269252,-0.0147895982181797,0.0072965909029846));
#4081=CARTESIAN_POINT('',(-0.024231706107001,-0.0158628856742728,0.00698077693003748));
#4082=CARTESIAN_POINT('',(-0.0238876676990284,-0.0172618986514785,0.00682189513875239));
#4083=CARTESIAN_POINT('',(-0.0242178194727271,-0.0186629628165961,0.00697490947444282));
#4084=CARTESIAN_POINT('',(-0.0251189125706482,-0.01974855592594,0.00729128099098214));
#4085=CARTESIAN_POINT('',(-0.0264155844957743,-0.0203316766541613,0.00752216188772726));
#4086=CARTESIAN_POINT('',(-0.0273807368163794,-0.0202883901197498,0.00750391902767457));
#4087=CARTESIAN_POINT('',(-0.0278293676346483,-0.0201593337279535,0.00745400223548383));
#4088=CARTESIAN_POINT('',(-0.0271639538605248,0.0549172332383165,0.00771853545627799));
#4089=CARTESIAN_POINT('',(-0.0271514296888051,0.0552261680454747,0.00772365741383821));
#4090=CARTESIAN_POINT('',(-0.0271382406421057,0.0555348343025543,0.00772916298975747));
#4091=CARTESIAN_POINT('',(-0.0270522640900345,0.0574447217760004,0.00776581176293483));
#4092=CARTESIAN_POINT('',(-0.0269614521275855,0.0590384913895283,0.00780768381042237));
#4093=CARTESIAN_POINT('',(-0.0268480805120284,0.0606235746181457,0.00786450716832869));
#4094=CARTESIAN_POINT('',(-0.0280368963286461,0.0549533499488442,0.0076746174206567));
#4095=CARTESIAN_POINT('',(-0.0280243190878026,0.055263591542598,0.00767976124268289));
#4096=CARTESIAN_POINT('',(-0.0280110729148709,0.0555735947227294,0.00768529081130604));
#4097=CARTESIAN_POINT('',(-0.0279247152927536,0.057491948787194,0.00772210280380125));
#4098=CARTESIAN_POINT('',(-0.0278334748743875,0.059093607250958,0.00776416679364849));
#4099=CARTESIAN_POINT('',(-0.0277194857071395,0.0606873891841941,0.00782129837784839));
#4100=CARTESIAN_POINT('',(-0.028937812543973,0.054993146818968,0.00747714693961874));
#4101=CARTESIAN_POINT('',(-0.0289251753828887,0.0553048641938012,0.00748231544910524));
#4102=CARTESIAN_POINT('',(-0.0289118646342976,0.0556163790705451,0.00748787213783407));
#4103=CARTESIAN_POINT('',(-0.0288250757410212,0.0575443179334169,0.00752486883090105));
#4104=CARTESIAN_POINT('',(-0.0287333477567591,0.0591549627488542,0.00756715106349176));
#4105=CARTESIAN_POINT('',(-0.0286186519538743,0.0607586954646625,0.00762463534337609));
#4106=CARTESIAN_POINT('',(-0.0298192418603388,0.055035351925845,0.00708679700834693));
#4107=CARTESIAN_POINT('',(-0.0298065394010389,0.0553486778810212,0.00709199242144599));
#4108=CARTESIAN_POINT('',(-0.029793158192686,0.0556618427139524,0.00709757869989365));
#4109=CARTESIAN_POINT('',(-0.0297058981294831,0.0576002564649778,0.00713477715639703));
#4110=CARTESIAN_POINT('',(-0.0296136343217211,0.0592207878258214,0.00717729902102791));
#4111=CARTESIAN_POINT('',(-0.0294981573757265,0.0608355173297533,0.00723517319255751));
#4112=CARTESIAN_POINT('',(-0.0271137794505683,0.0570696080992598,0.00775825435135217));
#4113=CARTESIAN_POINT('',(-0.0273421591277009,0.0572303991810462,0.00774830223463716));
#4114=CARTESIAN_POINT('',(-0.0276028586948905,0.0578008155240407,0.00772560194101943));
#4115=CARTESIAN_POINT('',(-0.0272546729909473,0.058320496586133,0.00777845283283834));
#4116=CARTESIAN_POINT('',(-0.0270039038649048,0.0584427938181069,0.00779480906016458));
#4117=CARTESIAN_POINT('',(-0.0271137794505683,0.0570696080992598,0.00775825435135217));
#4118=CARTESIAN_POINT('',(-0.0270039038649048,0.0584427938181068,0.00779480906016458));
#4119=CARTESIAN_POINT('',(-0.0270039038649048,0.0584427938181068,0.00779480906016458));
#4120=CARTESIAN_POINT('',(-0.0271551960182379,0.0591680886093131,0.00780448197543138));
#4121=CARTESIAN_POINT('',(-0.0272860053568688,0.0598976566549247,0.00781033579288742));
#4122=CARTESIAN_POINT('',(-0.0273955104491499,0.0606304665060617,0.00781620021267816));
#4123=CARTESIAN_POINT('',(-0.02739551044915,0.0606304665060617,0.00781620021267815));
#4124=CARTESIAN_POINT('',(-0.02739551044915,0.0606304665060617,0.00781620021267815));
#4125=CARTESIAN_POINT('',(-0.0280040965994891,0.0604750542197748,0.00773565042167218));
#4126=CARTESIAN_POINT('',(-0.0290739906585462,0.0598019447172353,0.0074305638729417));
#4127=CARTESIAN_POINT('',(-0.0298437751269599,0.058010595121957,0.00706730307652509));
#4128=CARTESIAN_POINT('',(-0.0294003199456921,0.056083877779859,0.00728716184845539));
#4129=CARTESIAN_POINT('',(-0.0284341616825317,0.0552316857949478,0.00756970232561726));
#4130=CARTESIAN_POINT('',(-0.0278690810513953,0.0549811720653735,0.00764986295680577));
#4131=CARTESIAN_POINT('',(-0.0278690810513953,0.0549811720653735,0.00764986295680577));
#4132=CARTESIAN_POINT('',(-0.0278690810513953,0.0549811720653735,0.00764986295680577));
#4133=CARTESIAN_POINT('',(-0.0278632497757133,0.0549985762376464,0.00765090415859695));
#4134=CARTESIAN_POINT('',(-0.0278574071675982,0.0550159767746971,0.00765194251358464));
#4135=CARTESIAN_POINT('',(-0.0278515532764302,0.0550333736965012,0.00765297796487539));
#4136=CARTESIAN_POINT('',(-0.0278515532764303,0.0550333736965013,0.0076529779648754));
#4137=CARTESIAN_POINT('',(-0.0278515532764302,0.0550333736965012,0.00765297796487539));
#4138=CARTESIAN_POINT('',(-0.0276213872900705,0.0557173938724471,0.00769369031514396));
#4139=CARTESIAN_POINT('',(-0.0273740630155706,0.0563958451196162,0.00772977674163045));
#4140=CARTESIAN_POINT('',(-0.0271137794505683,0.0570696080992598,0.00775825435135218));
#4141=CARTESIAN_POINT('',(-0.0266532325271462,0.0577237461055922,-0.007502));
#4142=CARTESIAN_POINT('',(-0.0273955104491499,0.0606304665060617,0.00781620021267816));
#4143=CARTESIAN_POINT('',(-0.0273893673514168,0.0606320352451187,0.00775605954796236));
#4144=CARTESIAN_POINT('',(-0.027357652060189,0.0606403172737739,0.00769995502417591));
#4145=CARTESIAN_POINT('',(-0.027307945934022,0.0606514329663847,0.00766725160635186));
#4146=CARTESIAN_POINT('',(-0.027307945934022,0.0606514329663847,0.00766725160635187));
#4147=CARTESIAN_POINT('',(-0.027307945934022,0.0606514329663847,0.00766725160635188));
#4148=CARTESIAN_POINT('',(-0.0279353487782107,0.0605111279839416,0.00759192682572298));
#4149=CARTESIAN_POINT('',(-0.0290548748213268,0.0598397223183885,0.00728094985027197));
#4150=CARTESIAN_POINT('',(-0.0298533894429004,0.0580095831949044,0.00690219589773788));
#4151=CARTESIAN_POINT('',(-0.0293822854557618,0.0560353001319785,0.00713661472562235));
#4152=CARTESIAN_POINT('',(-0.0283727127884432,0.0551850403277168,0.00742462987661788));
#4153=CARTESIAN_POINT('',(-0.0277858654161398,0.0549457715306958,0.00750119308859931));
#4154=CARTESIAN_POINT('',(-0.0277858654161396,0.0549457715306959,0.00750119308859933));
#4155=CARTESIAN_POINT('',(-0.0277858654161405,0.0549457715306961,0.00750119308859986));
#4156=CARTESIAN_POINT('',(-0.0278330149528668,0.0549649952905101,0.00753382061722412));
#4157=CARTESIAN_POINT('',(-0.0278630000656173,0.0549784762192539,0.0075898181433649));
#4158=CARTESIAN_POINT('',(-0.0278690810513953,0.0549811720653735,0.00764986295680578));
#4159=CARTESIAN_POINT('',(-0.027,0.0425420259499615,-0.0075));
#4160=CARTESIAN_POINT('',(-0.027,0.0436593851297284,-0.0075));
#4161=CARTESIAN_POINT('',(-0.0269964875026016,0.0447806973006995,-0.00749999927483161));
#4162=CARTESIAN_POINT('',(-0.0269795471582092,0.0470303667888053,-0.00749729461582737));
#4163=CARTESIAN_POINT('',(-0.0269661256582593,0.0481587299833767,-0.00749459068429068));
#4164=CARTESIAN_POINT('',(-0.0269066256383462,0.0515531927882788,-0.00747830711122736));
#4165=CARTESIAN_POINT('',(-0.0268413366396923,0.0538286666599146,-0.00745657768735511));
#4166=CARTESIAN_POINT('',(-0.0265328227460651,0.0606830236249841,-0.00732505083652286));
#4167=CARTESIAN_POINT('',(-0.0261770891571033,0.0652915719148425,-0.00714914987899088));
#4168=CARTESIAN_POINT('',(-0.0249669911655884,0.0745228841954031,-0.00643335235584336));
#4169=CARTESIAN_POINT('',(-0.0241148572199045,0.079090960127546,-0.00589962500872576));
#4170=CARTESIAN_POINT('',(-0.0222903189975361,0.0856774049756846,-0.00487644775112393));
#4171=CARTESIAN_POINT('',(-0.0215956144401424,0.0878251185657285,-0.00450031794150398));
#4172=CARTESIAN_POINT('',(-0.02037701080134,0.0909668201564791,-0.00389764349054125));
#4173=CARTESIAN_POINT('',(-0.0199415237208305,0.0920003853953397,-0.00369039369007952));
#4174=CARTESIAN_POINT('',(-0.0190046385728094,0.0940377611874848,-0.00326567677703569));
#4175=CARTESIAN_POINT('',(-0.0184957265791748,0.0950553854889588,-0.00304511480476241));
#4176=CARTESIAN_POINT('',(-0.0179653459143576,0.0960293787561501,-0.00282686271737111));
#4177=CARTESIAN_POINT('',(-0.012,0.0425420259499615,-0.0075));
#4178=CARTESIAN_POINT('',(-0.012,0.0436436340594278,-0.0075));
#4179=CARTESIAN_POINT('',(-0.0119965829224624,0.0447115431323694,-0.00750000689800881));
#4180=CARTESIAN_POINT('',(-0.0119803025263898,0.0468735861374694,-0.00749741312737716));
#4181=CARTESIAN_POINT('',(-0.0119674454698334,0.0479519743194015,-0.00749482506009474));
#4182=CARTESIAN_POINT('',(-0.0119108992070678,0.0511779474073644,-0.00747936488739573));
#4183=CARTESIAN_POINT('',(-0.011849210729022,0.0533163310909585,-0.00745877612211255));
#4184=CARTESIAN_POINT('',(-0.0115625836212268,0.0596844575737725,-0.00733662414186354));
#4185=CARTESIAN_POINT('',(-0.0112349632805667,0.0638722195051211,-0.00717382286198733));
#4186=CARTESIAN_POINT('',(-0.0101625732586439,0.0720530177217511,-0.00653948233401603));
#4187=CARTESIAN_POINT('',(-0.00942765652649758,0.0759344505082342,-0.0060799168907431));
#4188=CARTESIAN_POINT('',(-0.00793679996767561,0.0813163292022143,-0.00524386380971242));
#4189=CARTESIAN_POINT('',(-0.00738537438462615,0.0830100479585995,-0.00494600323179613));
#4190=CARTESIAN_POINT('',(-0.00646619545014517,0.0853797456218194,-0.00449130172245921));
#4191=CARTESIAN_POINT('',(-0.00614411387009038,0.0861428578751927,-0.00433815735370043));
#4192=CARTESIAN_POINT('',(-0.00546521054192442,0.0876192020264485,-0.00403035441478818));
#4193=CARTESIAN_POINT('',(-0.00509829002678959,0.0883510524448267,-0.00387154153704461));
#4194=CARTESIAN_POINT('',(-0.00473205360220398,0.0890236105439601,-0.00372083494186343));
#4195=CARTESIAN_POINT('',(-0.012,0.0425420259499615,0.0075));
#4196=CARTESIAN_POINT('',(-0.012,0.0436436228066887,0.0075));
#4197=CARTESIAN_POINT('',(-0.0119965681115999,0.0447055032785281,0.00749999668089022));
#4198=CARTESIAN_POINT('',(-0.0119804628278077,0.0468435596958792,0.0075025616137354));
#4199=CARTESIAN_POINT('',(-0.0119677830007541,0.0479039781364603,0.00750511726853541));
#4200=CARTESIAN_POINT('',(-0.0119124809885497,0.0510581123762649,0.00752023282393759));
#4201=CARTESIAN_POINT('',(-0.0118525220125114,0.053124695249472,0.00754030599536386));
#4202=CARTESIAN_POINT('',(-0.0115787870554888,0.0592054195413211,0.00765694309607044));
#4203=CARTESIAN_POINT('',(-0.0112697569091522,0.0631021206766423,0.00781124725571547));
#4204=CARTESIAN_POINT('',(-0.0102966006700004,0.0705259078194417,0.00838688902982236));
#4205=CARTESIAN_POINT('',(-0.00962967326928797,0.0740498065213932,0.00880405812767134));
#4206=CARTESIAN_POINT('',(-0.00827906146936761,0.0789254126939662,0.00956146386540331));
#4207=CARTESIAN_POINT('',(-0.00777524788142032,0.0804754580610653,0.00983380238049776));
#4208=CARTESIAN_POINT('',(-0.00692939307220962,0.0826564351317328,0.0102522978463414));
#4209=CARTESIAN_POINT('',(-0.0066317932911822,0.0833618195080117,0.0103938296706008));
#4210=CARTESIAN_POINT('',(-0.00600112810411794,0.0847333549788025,0.0106797824467825));
#4211=CARTESIAN_POINT('',(-0.00567299178443773,0.0853904970977839,0.0108221679872466));
#4212=CARTESIAN_POINT('',(-0.00531446077978495,0.0860489049315828,0.0109697037956776));
#4213=CARTESIAN_POINT('',(-0.027,0.0425420259499615,0.0075));
#4214=CARTESIAN_POINT('',(-0.027,0.0436593738769892,0.0075));
#4215=CARTESIAN_POINT('',(-0.026996472691741,0.0447746574468582,0.00750000430406742));
#4216=CARTESIAN_POINT('',(-0.0269797074596251,0.0470003403472151,0.00750268012528519));
#4217=CARTESIAN_POINT('',(-0.026966463189181,0.0481107338004355,0.00750535164433948));
#4218=CARTESIAN_POINT('',(-0.0269082074198261,0.0514333577571792,0.00752129060010596));
#4219=CARTESIAN_POINT('',(-0.0268446479231816,0.0536370308184281,0.0075425044301208));
#4220=CARTESIAN_POINT('',(-0.0265490261803272,0.0602039855925328,0.00766851640141209));
#4221=CARTESIAN_POINT('',(-0.0262118827857044,0.0645214730863482,0.00783592023870998));
#4222=CARTESIAN_POINT('',(-0.0251010185769294,0.0729957742931091,0.00849301900799697));
#4223=CARTESIAN_POINT('',(-0.0243168739626949,0.0772063161407204,0.00898435000969254));
#4224=CARTESIAN_POINT('',(-0.0226325804992281,0.0832864884674288,0.00992887992398989));
#4225=CARTESIAN_POINT('',(-0.0219854879369442,0.0852905286681865,0.0102794876707909));
#4226=CARTESIAN_POINT('',(-0.0208402084234005,0.0882435096663964,0.0108459560782589));
#4227=CARTESIAN_POINT('',(-0.0204292031419204,0.0892193470281587,0.0110415933342222));
#4228=CARTESIAN_POINT('',(-0.0195405561350049,0.0911519141398388,0.0114444600845345));
#4229=CARTESIAN_POINT('',(-0.019070428336823,0.0920948301419161,0.0116485947195288));
#4230=CARTESIAN_POINT('',(-0.0185477530919386,0.0930546731437729,0.0118636760201699));
#4231=CARTESIAN_POINT('',(-0.042,0.0425420259499615,0.0075));
#4232=CARTESIAN_POINT('',(-0.042,0.0436751249472897,0.0075));
#4233=CARTESIAN_POINT('',(-0.041996377271882,0.0448438116151881,0.00750001192724461));
#4234=CARTESIAN_POINT('',(-0.0419789520914426,0.047157120998551,0.00750279863683498));
#4235=CARTESIAN_POINT('',(-0.0419651433776078,0.0483174894644107,0.00750558602014353));
#4236=CARTESIAN_POINT('',(-0.0419039338511025,0.0518086031380936,0.00752234837627433));
#4237=CARTESIAN_POINT('',(-0.0418367738338518,0.0541493663873842,0.00754470286487775));
#4238=CARTESIAN_POINT('',(-0.0415192653051654,0.0612025516437444,0.00768008970675373));
#4239=CARTESIAN_POINT('',(-0.0411540086622565,0.065940825496054,0.00786059322170448));
#4240=CARTESIAN_POINT('',(-0.0399054364838584,0.0754656407667764,0.00859914898617158));
#4241=CARTESIAN_POINT('',(-0.0390040746561018,0.0803628257600475,0.00916464189171371));
#4242=CARTESIAN_POINT('',(-0.0369860995290885,0.0876475642408913,0.0102962959825765));
#4243=CARTESIAN_POINT('',(-0.0361957279924682,0.0901055992753078,0.010725172961084));
#4244=CARTESIAN_POINT('',(-0.0347510237745915,0.0938305842010598,0.0114396143101763));
#4245=CARTESIAN_POINT('',(-0.0342266129926584,0.0950768745483056,0.0116893569978436));
#4246=CARTESIAN_POINT('',(-0.0330799841658918,0.097570473300875,0.0122091377222865));
#4247=CARTESIAN_POINT('',(-0.0324678648892082,0.0987991631860481,0.012475021451811));
#4248=CARTESIAN_POINT('',(-0.0317810454040921,0.100060441355963,0.0127576482446622));
#4249=CARTESIAN_POINT('',(-0.042,0.0425420259499615,-0.0075));
#4250=CARTESIAN_POINT('',(-0.042,0.0436751362000288,-0.0075));
#4251=CARTESIAN_POINT('',(-0.0419963920827407,0.0448498514690295,-0.00749999165165442));
#4252=CARTESIAN_POINT('',(-0.0419787917900286,0.0471871474401412,-0.00749717610427757));
#4253=CARTESIAN_POINT('',(-0.0419648058466851,0.0483654856473519,-0.00749435630848662));
#4254=CARTESIAN_POINT('',(-0.0419023520696244,0.0519284381691931,-0.00747724933505899));
#4255=CARTESIAN_POINT('',(-0.0418334625503624,0.0543410022288706,-0.00745437925259769));
#4256=CARTESIAN_POINT('',(-0.0415030618709034,0.0616815896761957,-0.00731347753118218));
#4257=CARTESIAN_POINT('',(-0.0411192150336399,0.0667109243245638,-0.00712447689599443));
#4258=CARTESIAN_POINT('',(-0.039771409072533,0.0769927506690549,-0.00632722237767069));
#4259=CARTESIAN_POINT('',(-0.0388020579133114,0.0822474697468577,-0.00571933312670841));
#4260=CARTESIAN_POINT('',(-0.0366438380273966,0.0900384807491548,-0.00450903169253544));
#4261=CARTESIAN_POINT('',(-0.0358058544956586,0.0926401891728574,-0.00405463265121183));
#4262=CARTESIAN_POINT('',(-0.0342878261525347,0.0965538946911388,-0.00330398525862328));
#4263=CARTESIAN_POINT('',(-0.0337389335715705,0.0978579129154865,-0.00304263002645862));
#4264=CARTESIAN_POINT('',(-0.0325440666036944,0.100456320348521,-0.0025009991392832));
#4265=CARTESIAN_POINT('',(-0.0318931631315601,0.101759718533091,-0.00221868807248022));
#4266=CARTESIAN_POINT('',(-0.0311986382265111,0.10303514696834,-0.00193289049287878));
#4267=CARTESIAN_POINT('',(-0.027,0.0425420259499615,-0.0075));
#4268=CARTESIAN_POINT('',(-0.027,0.0436593851297284,-0.0075));
#4269=CARTESIAN_POINT('',(-0.0269964875026016,0.0447806973006995,-0.00749999927483161));
#4270=CARTESIAN_POINT('',(-0.0269795471582092,0.0470303667888053,-0.00749729461582737));
#4271=CARTESIAN_POINT('',(-0.0269661256582593,0.0481587299833767,-0.00749459068429068));
#4272=CARTESIAN_POINT('',(-0.0269066256383462,0.0515531927882788,-0.00747830711122736));
#4273=CARTESIAN_POINT('',(-0.0268413366396923,0.0538286666599146,-0.00745657768735511));
#4274=CARTESIAN_POINT('',(-0.0265328227460651,0.0606830236249841,-0.00732505083652286));
#4275=CARTESIAN_POINT('',(-0.0261770891571033,0.0652915719148425,-0.00714914987899088));
#4276=CARTESIAN_POINT('',(-0.0249669911655884,0.0745228841954031,-0.00643335235584336));
#4277=CARTESIAN_POINT('',(-0.0241148572199045,0.079090960127546,-0.00589962500872576));
#4278=CARTESIAN_POINT('',(-0.0222903189975361,0.0856774049756846,-0.00487644775112393));
#4279=CARTESIAN_POINT('',(-0.0215956144401424,0.0878251185657285,-0.00450031794150398));
#4280=CARTESIAN_POINT('',(-0.02037701080134,0.0909668201564791,-0.00389764349054125));
#4281=CARTESIAN_POINT('',(-0.0199415237208305,0.0920003853953397,-0.00369039369007952));
#4282=CARTESIAN_POINT('',(-0.0190046385728094,0.0940377611874848,-0.00326567677703569));
#4283=CARTESIAN_POINT('',(-0.0184957265791748,0.0950553854889588,-0.00304511480476241));
#4284=CARTESIAN_POINT('',(-0.0179653459143576,0.0960293787561501,-0.00282686271737111));
#4285=CARTESIAN_POINT('',(-0.027307945934022,0.0606514329663847,0.00766725160635187));
#4286=CARTESIAN_POINT('',(-0.0273100044610648,0.060665536452856,0.00766740762654655));
#4287=CARTESIAN_POINT('',(-0.0273120550917255,0.0606796410874999,0.00766756363372843));
#4288=CARTESIAN_POINT('',(-0.0273140978119697,0.0606937468720646,0.00766771965432021));
#4289=CARTESIAN_POINT('',(-0.0273140978119697,0.0606937468720646,0.00766771965432021));
#4290=CARTESIAN_POINT('',(-0.0273140978119701,0.0606937468720647,0.0076677196543205));
#4291=CARTESIAN_POINT('',(-0.0277859895343156,0.0639523443194041,0.00770376219415804));
#4292=CARTESIAN_POINT('',(-0.0278652700928824,0.0706172358380748,0.00783328742533478));
#4293=CARTESIAN_POINT('',(-0.0258951924213017,0.0769110349453113,0.00881561211998119));
#4294=CARTESIAN_POINT('',(-0.0245102303393276,0.0798538358221576,0.00932934694525035));
#4295=CARTESIAN_POINT('',(-0.0245102303393277,0.0798538358221576,0.00932934694525034));
#4296=CARTESIAN_POINT('',(-0.0243067253018847,0.0797476680647547,0.0093421726990052));
#4297=CARTESIAN_POINT('',(-0.0235979095825951,0.0794117274126734,0.00937901634396313));
#4298=CARTESIAN_POINT('',(-0.0223235945953715,0.0793533767510817,0.00928767682742991));
#4299=CARTESIAN_POINT('',(-0.0209541555678468,0.0801784181919236,0.00908827685454339));
#4300=CARTESIAN_POINT('',(-0.0202335674386553,0.0811519398929074,0.00906887082486394));
#4301=CARTESIAN_POINT('',(-0.0199515260714095,0.0823109543520352,0.00928208561256814));
#4302=CARTESIAN_POINT('',(-0.0201147848486269,0.083443429378228,0.00966000194078499));
#4303=CARTESIAN_POINT('',(-0.0206696933173568,0.0844345405684056,0.0100503525956911));
#4304=CARTESIAN_POINT('',(-0.0215830294608024,0.0851807099595367,0.0103045613233956));
#4305=CARTESIAN_POINT('',(-0.0227524811601621,0.0855261606590822,0.0102934908945564));
#4306=CARTESIAN_POINT('',(-0.0243212194681078,0.0853502128943097,0.00993958192281334));
#4307=CARTESIAN_POINT('',(-0.0255580302026463,0.0843653966792973,0.00935661522995224));
#4308=CARTESIAN_POINT('',(-0.0260747455128923,0.0828609955012503,0.00907621266532834));
#4309=CARTESIAN_POINT('',(-0.0259666999592421,0.0812438684052584,0.00908491869078664));
#4310=CARTESIAN_POINT('',(-0.025194328242694,0.0802447237321445,0.00927855369181622));
#4311=CARTESIAN_POINT('',(-0.0245102303393277,0.0798538358221576,0.00932934694525034));
#4312=CARTESIAN_POINT('',(-0.0243067253018847,0.0797476680647547,0.0093421726990052));
#4313=CARTESIAN_POINT('',(-0.0243067253018847,0.0797476680647546,0.0093421726990052));
#4314=CARTESIAN_POINT('',(-0.0243093840613106,0.079742012968407,0.00934122353329542));
#4315=CARTESIAN_POINT('',(-0.0243120413780257,0.0797363571871249,0.00934027440983607));
#4316=CARTESIAN_POINT('',(-0.024314697251187,0.0797307007202947,0.00933932532992302));
#4317=CARTESIAN_POINT('',(-0.0243146972511869,0.0797307007202947,0.00933932532992302));
#4318=CARTESIAN_POINT('',(-0.0243146972511869,0.0797307007202947,0.00933932532992302));
#4319=CARTESIAN_POINT('',(-0.025689200296573,0.0768032902559876,0.00884814478341708));
#4320=CARTESIAN_POINT('',(-0.0271440804057751,0.0721131244303402,0.00814563785882069));
#4321=CARTESIAN_POINT('',(-0.0275891520093322,0.0655782259918003,0.00777230138230411));
#4322=CARTESIAN_POINT('',(-0.0273213879128461,0.0623106609777244,0.00771909042097885));
#4323=CARTESIAN_POINT('',(-0.0270861606393565,0.0606923439647941,0.00769041537027931));
#4324=CARTESIAN_POINT('',(-0.0270861606393564,0.0606923439647941,0.00769041537027929));
#4325=CARTESIAN_POINT('',(-0.0275734566670689,0.0548683674035101,0.00752584715460299));
#4326=CARTESIAN_POINT('',(-0.0271428311640882,0.0547295865185717,0.00756966606179272));
#4327=CARTESIAN_POINT('',(-0.0262083960862815,0.0546507649434517,0.00758372355207657));
#4328=CARTESIAN_POINT('',(-0.0249205462456686,0.055152707246409,0.00736989338409466));
#4329=CARTESIAN_POINT('',(-0.0239822892420552,0.056145443695155,0.00708050873019304));
#4330=CARTESIAN_POINT('',(-0.0235572437944241,0.0574776084015509,0.00694679741344132));
#4331=CARTESIAN_POINT('',(-0.0237652267001248,0.0588540510769301,0.00711793722638624));
#4332=CARTESIAN_POINT('',(-0.0245275784448565,0.0599789108408113,0.00745507630728023));
#4333=CARTESIAN_POINT('',(-0.0257061944167247,0.0606793507429986,0.0077208667678524));
#4334=CARTESIAN_POINT('',(-0.026637701575861,0.0607577453916532,0.00773023617374846));
#4335=CARTESIAN_POINT('',(-0.0270861606393564,0.0606923439647941,0.00769041537027929));
#4336=CARTESIAN_POINT('',(-0.0275734566670689,0.0548683674035101,0.007525847154603));
#4337=CARTESIAN_POINT('',(-0.0275734566670688,0.0548683674035101,0.00752584715460299));
#4338=CARTESIAN_POINT('',(-0.0275772558549833,0.0548568324579385,0.0075253055271165));
#4339=CARTESIAN_POINT('',(-0.0275810503358759,0.0548452960268021,0.00752476256923326));
#4340=CARTESIAN_POINT('',(-0.0275848400960904,0.0548337581048787,0.00752421829565801));
#4341=CARTESIAN_POINT('',(-0.0275848400960961,0.0548337581048613,0.00752421829565714));
#4342=CARTESIAN_POINT('',(-0.0275848400960932,0.05483375810487,0.0075242182956576));
#4343=CARTESIAN_POINT('',(-0.0282328999457127,0.0528607404141624,0.00743114595562329));
#4344=CARTESIAN_POINT('',(-0.0292493610568408,0.0488148360645872,0.00715810954751215));
#4345=CARTESIAN_POINT('',(-0.0293100002024987,0.0446298494580806,0.00713815152083581));
#4346=CARTESIAN_POINT('',(-0.0291190847545361,0.0425605585946961,0.0071944060520574));
#4347=CARTESIAN_POINT('',(-0.0291190847545379,0.0425605585946955,0.00719440605205456));
#4348=CARTESIAN_POINT('',(-0.029119084754523,0.0425605585947077,0.00719440605206679));
#4349=CARTESIAN_POINT('',(-0.0291177854426374,0.0425543811899126,0.00719478882248053));
#4350=CARTESIAN_POINT('',(-0.0291164866479351,0.0425482036410573,0.00719517102648066));
#4351=CARTESIAN_POINT('',(-0.0291151883627833,0.0425420259499615,0.007195552667443));
#4352=CARTESIAN_POINT('',(-0.0291151883627833,0.0425420259499615,0.00719555266744302));
#4353=CARTESIAN_POINT('',(-0.027,0.0425420259499615,8.92923418674459E-19));
#4354=CARTESIAN_POINT('',(-0.0293488701358222,0.0425420259499615,0.00712269675649909));
#4355=CARTESIAN_POINT('',(-0.0293488701358223,0.0425420259499615,0.00712269675649912));
#4356=CARTESIAN_POINT('',(-0.0295442519656391,0.044633961796227,0.00705826518502721));
#4357=CARTESIAN_POINT('',(-0.0294781027070244,0.0488649454078701,0.00708203626826465));
#4358=CARTESIAN_POINT('',(-0.0284443167199885,0.0529526969809584,0.00739015775756386));
#4359=CARTESIAN_POINT('',(-0.0277858654161396,0.0549457715306959,0.00750119308859934));
#4360=CARTESIAN_POINT('',(-0.0182565495031481,0.0945420259499615,0.00451840665139941));
#4361=CARTESIAN_POINT('',(-0.0179653459143576,0.0960293787561501,-0.0028268627173711));
#4362=CARTESIAN_POINT('',(-0.027,-0.0454579740500385,4.59242549680257E-19));
#4363=CARTESIAN_POINT('',(-0.0291151883627833,0.0425420259499615,0.00719555266744305));
#4364=CARTESIAN_POINT('',(-0.0286324583934558,0.0402450293085577,0.00733745487574849));
#4365=CARTESIAN_POINT('',(-0.0281721265981397,0.0379395296682236,0.00741874472005407));
#4366=CARTESIAN_POINT('',(-0.0277722012016928,0.0356226606100412,0.00746014110483873));
#4367=CARTESIAN_POINT('',(-0.0273296681628964,0.0297419146377905,0.00749275109038113));
#4368=CARTESIAN_POINT('',(-0.0273313350148689,0.0297285386995161,0.00749267775176078));
#4369=CARTESIAN_POINT('',(-0.0273329978503764,0.0297151622640944,0.00749260403256805));
#4370=CARTESIAN_POINT('',(-0.0273346566810745,0.02970178533284,0.00749252994026808));
#4371=CARTESIAN_POINT('',(-0.0273346566809517,0.0297017853327775,0.00749252994038228));
#4372=CARTESIAN_POINT('',(-0.0273346566809493,0.0297017853327775,0.007492529940328));
#4373=CARTESIAN_POINT('',(-0.027725116618142,0.0265530880344811,0.00747508989969216));
#4374=CARTESIAN_POINT('',(-0.028048935219491,0.0202036139298979,0.00742158309320013));
#4375=CARTESIAN_POINT('',(-0.0276352137273106,0.0138633406452635,0.00748175813092681));
#4376=CARTESIAN_POINT('',(-0.0272746216557992,0.0107111501536192,0.0074949705100301));
#4377=CARTESIAN_POINT('',(-0.0274694021422342,0.00476069672549986,0.00748529636212661));
#4378=CARTESIAN_POINT('',(-0.0274722442955183,0.00474647604563047,0.00748511813099513));
#4379=CARTESIAN_POINT('',(-0.0274750861071077,0.00473225531776005,0.00748493829618712));
#4380=CARTESIAN_POINT('',(-0.0274779275352436,0.00471803453349631,0.00748475686120256));
#4381=CARTESIAN_POINT('',(-0.0274779275353689,0.00471803453352124,0.00748475686108536));
#4382=CARTESIAN_POINT('',(-0.0274779275353718,0.00471803453352124,0.007484756861131));
#4383=CARTESIAN_POINT('',(-0.0277937386384437,0.00313746259922182,0.00746459123318415));
#4384=CARTESIAN_POINT('',(-0.0284100701168297,-2.61723287822909E-5,0.00738156088856946));
#4385=CARTESIAN_POINT('',(-0.0290104926760345,-0.0048284811690339,0.00722598115511798));
#4386=CARTESIAN_POINT('',(-0.0289191890983092,-0.0096798822556025,0.00725409568006681));
#4387=CARTESIAN_POINT('',(-0.0282979654578563,-0.0128510837019994,0.007400183009114));
#4388=CARTESIAN_POINT('',(-0.0278565496889329,-0.0144011325699436,0.0074509276355625));
#4389=CARTESIAN_POINT('',(-0.0278293676346483,-0.0201593337279535,0.00745400223548382));
#4390=CARTESIAN_POINT('',(-0.0278332368407932,-0.0201720708881256,0.00745357172926085));
#4391=CARTESIAN_POINT('',(-0.0278371011219289,-0.0201848094572619,0.007453138721076));
#4392=CARTESIAN_POINT('',(-0.0278409604341859,-0.0201975494495787,0.00745270323762686));
#4393=CARTESIAN_POINT('',(-0.0278409604341849,-0.0201975494495795,0.00745270323762806));
#4394=CARTESIAN_POINT('',(-0.0278409604341848,-0.0201975494495795,0.00745270323762753));
#4395=CARTESIAN_POINT('',(-0.0283120663389242,-0.0217527191811512,0.00739954381163611));
#4396=CARTESIAN_POINT('',(-0.0291015778116116,-0.0249090858775907,0.00721383041078963));
#4397=CARTESIAN_POINT('',(-0.0294623343996144,-0.0297904720640422,0.0070814297511355));
#4398=CARTESIAN_POINT('',(-0.0289827649482975,-0.0346551049946159,0.00724891341840014));
#4399=CARTESIAN_POINT('',(-0.0282388485510927,-0.0378202196865797,0.0074105194508914));
#4400=CARTESIAN_POINT('',(-0.0277935405511226,-0.0393831079607008,0.00745790140681171));
#4401=CARTESIAN_POINT('',(-0.0277935405511226,-0.0393831079607007,0.00745790140681182));
#4402=CARTESIAN_POINT('',(-0.0277935405511224,-0.039383107960701,0.00745790140681172));
#4403=CARTESIAN_POINT('',(-0.0270428380989319,-0.0391772030906079,0.00753777814493757));
#4404=CARTESIAN_POINT('',(-0.0253587673842668,-0.0393970447128814,0.00742969872194056));
#4405=CARTESIAN_POINT('',(-0.0240861634724218,-0.0410053942676666,0.00691401118510893));
#4406=CARTESIAN_POINT('',(-0.0239389752237537,-0.0425997637928309,0.00684625542571905));
#4407=CARTESIAN_POINT('',(-0.0244119531004974,-0.0441194272446694,0.00705677180619976));
#4408=CARTESIAN_POINT('',(-0.0256740727452094,-0.0451672747272869,0.00745518559486496));
#4409=CARTESIAN_POINT('',(-0.0272702540673308,-0.045342528847194,0.00752699149726649));
#4410=CARTESIAN_POINT('',(-0.0287964321971573,-0.0448962305924914,0.0073463827734561));
#4411=CARTESIAN_POINT('',(-0.0298636814691504,-0.0436572320356446,0.00693824669174418));
#4412=CARTESIAN_POINT('',(-0.0300712498358926,-0.042069575193478,0.00684113592130748));
#4413=CARTESIAN_POINT('',(-0.029655006222242,-0.0405290658522799,0.00702930083412338));
#4414=CARTESIAN_POINT('',(-0.0287369056967891,-0.0397109835224257,0.00733299373285368));
#4415=CARTESIAN_POINT('',(-0.0280089827718383,-0.0394510187243496,0.0074318203534621));
#4416=CARTESIAN_POINT('',(-0.0280089827718383,-0.0394510187243496,0.0074318203534621));
#4417=CARTESIAN_POINT('',(-0.0280089827718383,-0.0394510187243496,0.0074318203534621));
#4418=CARTESIAN_POINT('',(-0.0280119225501806,-0.0394407332251172,0.00743142123379029));
#4419=CARTESIAN_POINT('',(-0.0280148591320307,-0.0394304468656056,0.00743102077162274));
#4420=CARTESIAN_POINT('',(-0.0280177925118387,-0.0394201596437832,0.00743061897844621));
#4421=CARTESIAN_POINT('',(-0.0280177925118387,-0.0394201596437832,0.00743061897844624));
#4422=CARTESIAN_POINT('',(-0.0280177925118395,-0.0394201596437831,0.00743061897844667));
#4423=CARTESIAN_POINT('',(-0.0284668389981495,-0.0378453752259349,0.00736911183448465));
#4424=CARTESIAN_POINT('',(-0.0292062640403892,-0.0346543384382785,0.00718438630518964));
#4425=CARTESIAN_POINT('',(-0.0296986700390164,-0.0297518281775645,0.00699489268743191));
#4426=CARTESIAN_POINT('',(-0.0293227003797282,-0.0248323199582511,0.00714663165409349));
#4427=CARTESIAN_POINT('',(-0.0285213745622999,-0.0216548326813427,0.00735987520302651));
#4428=CARTESIAN_POINT('',(-0.0280440475094185,-0.0200887198583067,0.00742697548119501));
#4429=CARTESIAN_POINT('',(-0.0280440475094017,-0.0200887198583107,0.00742697548118426));
#4430=CARTESIAN_POINT('',(-0.0280440475094017,-0.0200887198583107,0.00742697548118427));
#4431=CARTESIAN_POINT('',(-0.0286166211504659,-0.0198761682784606,0.0073464859083539));
#4432=CARTESIAN_POINT('',(-0.0296014128376382,-0.0191147295726204,0.00706349129833196));
#4433=CARTESIAN_POINT('',(-0.0301940546330924,-0.0172957431038102,0.00678105533659787));
#4434=CARTESIAN_POINT('',(-0.0296220786353575,-0.0154619963400582,0.00705559517270011));
#4435=CARTESIAN_POINT('',(-0.028634914521686,-0.0146894125134476,0.00734179188974053));
#4436=CARTESIAN_POINT('',(-0.0280707941191955,-0.0144738620670046,0.00742316643719487));
#4437=CARTESIAN_POINT('',(-0.0280707941191955,-0.0144738620670046,0.00742316643719487));
#4438=CARTESIAN_POINT('',(-0.0280707941191969,-0.0144738620670051,0.00742316643719236));
#4439=CARTESIAN_POINT('',(-0.0280738503677144,-0.0144631736305024,0.00742272557237179));
#4440=CARTESIAN_POINT('',(-0.0280769005175406,-0.0144524834971803,0.00742228366055205));
#4441=CARTESIAN_POINT('',(-0.0280799445583461,-0.0144417916631196,0.00742184072524462));
#4442=CARTESIAN_POINT('',(-0.028079944558346,-0.0144417916631196,0.00742184072524456));
#4443=CARTESIAN_POINT('',(-0.0280799445583588,-0.0144417916630767,0.00742184072524312));
#4444=CARTESIAN_POINT('',(-0.0285241473068636,-0.0128815819353451,0.00735720523132527));
#4445=CARTESIAN_POINT('',(-0.0291510387346854,-0.00968976342511796,0.00718901199404597));
#4446=CARTESIAN_POINT('',(-0.0292356967207827,-0.00480449026048952,0.00715912796332597));
#4447=CARTESIAN_POINT('',(-0.0286483259695075,3.20573364621329E-5,0.00733276125442021));
#4448=CARTESIAN_POINT('',(-0.0280088147977275,0.00321313155356378,0.00743873092643751));
#4449=CARTESIAN_POINT('',(-0.0276901334038256,0.00480420575051507,0.0074681802257929));
#4450=CARTESIAN_POINT('',(-0.0276901334038256,0.00480420575051509,0.0074681802257929));
#4451=CARTESIAN_POINT('',(-0.0276901334038256,0.00480420575051509,0.0074681802257929));
#4452=CARTESIAN_POINT('',(-0.0283613787121768,0.0049628775800203,0.00740615054848886));
#4453=CARTESIAN_POINT('',(-0.0295668978667386,0.00574421179257086,0.00708958081599156));
#4454=CARTESIAN_POINT('',(-0.0302483174820053,0.00782811698806529,0.00675320467285076));
#4455=CARTESIAN_POINT('',(-0.0294304607224033,0.00986655979855016,0.00714487053023871));
#4456=CARTESIAN_POINT('',(-0.0281853308067885,0.0105665613536027,0.00743776255861006));
#4457=CARTESIAN_POINT('',(-0.0274974134701541,0.0106822220375053,0.00748348714435384));
#4458=CARTESIAN_POINT('',(-0.0274974134701542,0.0106822220375053,0.00748348714435384));
#4459=CARTESIAN_POINT('',(-0.0274974134701516,0.0106822220375056,0.00748348714435749));
#4460=CARTESIAN_POINT('',(-0.0274989096181646,0.010695284365849,0.00748338769818211));
#4461=CARTESIAN_POINT('',(-0.0275004031315508,0.0107083469933184,0.00748328797646109));
#4462=CARTESIAN_POINT('',(-0.0275018940086236,0.0107214099201435,0.00748318798401508));
#4463=CARTESIAN_POINT('',(-0.0275018940086237,0.0107214099201435,0.00748318798401509));
#4464=CARTESIAN_POINT('',(-0.0275018940086249,0.0107214099201532,0.00748318798401509));
#4465=CARTESIAN_POINT('',(-0.0278628502692875,0.0138840752437338,0.00745897881207003));
#4466=CARTESIAN_POINT('',(-0.0282765663300635,0.0202454759156044,0.00738580312365274));
#4467=CARTESIAN_POINT('',(-0.0279463305414383,0.026616235624524,0.00745055745876242));
#4468=CARTESIAN_POINT('',(-0.0275519943564906,0.0297749663189003,0.007479659232238));
#4469=CARTESIAN_POINT('',(-0.0275519943564905,0.0297749663189003,0.00747965923223797));
#4470=CARTESIAN_POINT('',(-0.0275519943564905,0.0297749663189003,0.00747965923223797));
#4471=CARTESIAN_POINT('',(-0.0281992525454164,0.0298961292721638,0.0074318919668605));
#4472=CARTESIAN_POINT('',(-0.0293944597759244,0.0305718760010283,0.00715504709105397));
#4473=CARTESIAN_POINT('',(-0.0302168732224764,0.0324743415366741,0.00676921679586072));
#4474=CARTESIAN_POINT('',(-0.0296859300579904,0.0345044738303496,0.00703397364436403));
#4475=CARTESIAN_POINT('',(-0.0286067298318242,0.0353402865808817,0.00735231367058285));
#4476=CARTESIAN_POINT('',(-0.027989197796738,0.0355559692110217,0.00743447965354191));
#4477=CARTESIAN_POINT('',(-0.027989197796738,0.0355559692110217,0.00743447965354191));
#4478=CARTESIAN_POINT('',(-0.0279891977967397,0.0355559692110213,0.0074344796535417));
#4479=CARTESIAN_POINT('',(-0.0279893374206927,0.0355564661686644,0.00743446107581828));
#4480=CARTESIAN_POINT('',(-0.0279894770376928,0.0355569631281459,0.00743444249501704));
#4481=CARTESIAN_POINT('',(-0.027989616647739,0.0355574600894659,0.00743442391113918));
#4482=CARTESIAN_POINT('',(-0.027989616647739,0.0355574600894659,0.00743442391113918));
#4483=CARTESIAN_POINT('',(-0.0279896156206163,0.0355574603654914,0.00743442559994283));
#4484=CARTESIAN_POINT('',(-0.0284994436458248,0.0378698164407696,0.00736656107284632));
#4485=CARTESIAN_POINT('',(-0.0289526346308757,0.0401925473232561,0.00725326528769381));
#4486=CARTESIAN_POINT('',(-0.0293472603838416,0.0425248075372038,0.00712322740690362));
#4487=CARTESIAN_POINT('',(-0.0293472608019518,0.042524807446179,0.007123227269126));
#4488=CARTESIAN_POINT('',(-0.0293472608019519,0.042524807446179,0.00712322726912603));
#4489=CARTESIAN_POINT('',(-0.0293477976213524,0.0425305469106761,0.00712305037527035));
#4490=CARTESIAN_POINT('',(-0.0293483340765272,0.0425362864108411,0.00712287353415986));
#4491=CARTESIAN_POINT('',(-0.0293488701358225,0.0425420259499618,0.00712269675649924));
#4492=CARTESIAN_POINT('',(-0.027,-0.0454579740500385,4.59242549680257E-19));
#4493=CARTESIAN_POINT('',(-0.027,-0.0454579740500385,-0.0075));
#4494=CARTESIAN_POINT('',(-0.0179653459143576,0.0960293787561501,-0.00282686271737111));
#4495=CARTESIAN_POINT('',(-0.0176427258952357,0.0966218395061929,-0.00269410430953617));
#4496=CARTESIAN_POINT('',(-0.0173182260368436,0.0971872548795606,-0.00256740622071239));
#4497=CARTESIAN_POINT('',(-0.0168050129355629,0.0980348441124464,-0.00237747870728963));
#4498=CARTESIAN_POINT('',(-0.0166306750189099,0.098315184391861,-0.00231466015071181));
#4499=CARTESIAN_POINT('',(-0.0163638839135052,0.0987326895503844,-0.00222110573363885));
#4500=CARTESIAN_POINT('',(-0.016274072823942,0.0988713570652971,-0.0021900331630139));
#4501=CARTESIAN_POINT('',(-0.0161379869736302,0.0990786419323853,-0.00214358483893379));
#4502=CARTESIAN_POINT('',(-0.0160923968199502,0.0991476174872785,-0.00212812881953229));
#4503=CARTESIAN_POINT('',(-0.0160007520708202,0.0992853356136096,-0.00209726898758519));
#4504=CARTESIAN_POINT('',(-0.0159548850439919,0.0993538001032217,-0.00208192748752202));
#4505=CARTESIAN_POINT('',(-0.0159084066381373,0.0994227071736204,-0.0020664868141035));
#4506=CARTESIAN_POINT('',(-0.00473205360220398,0.0890236105439601,-0.00372083494186343));
#4507=CARTESIAN_POINT('',(-0.00450927926267626,0.089432714271144,-0.00362916311473169));
#4508=CARTESIAN_POINT('',(-0.00429695351534341,0.0898019206917068,-0.00354643146279999));
#4509=CARTESIAN_POINT('',(-0.00396299564238306,0.090353463699374,-0.00342284188906693));
#4510=CARTESIAN_POINT('',(-0.00385062816649089,0.0905341120224139,-0.00338236227291944));
#4511=CARTESIAN_POINT('',(-0.00367997474051745,0.0908011699723926,-0.00332252001630291));
#4512=CARTESIAN_POINT('',(-0.00362273914380216,0.0908895371283224,-0.00330271873339059));
#4513=CARTESIAN_POINT('',(-0.00353628605406711,0.0910212217757548,-0.00327321088138842));
#4514=CARTESIAN_POINT('',(-0.00350736836157143,0.0910649723171905,-0.00326340727461339));
#4515=CARTESIAN_POINT('',(-0.00344932025654256,0.0911522034607001,-0.0032438605489866));
#4516=CARTESIAN_POINT('',(-0.00342890117098518,0.0911827689900049,-0.00323701143534496));
#4517=CARTESIAN_POINT('',(-0.00339094652359198,0.0912390390688037,-0.00322440245480145));
#4518=CARTESIAN_POINT('',(-0.00531446077978494,0.0860489049315829,0.0109697037956776));
#4519=CARTESIAN_POINT('',(-0.00509637349408662,0.0864494013335461,0.0110594468962364));
#4520=CARTESIAN_POINT('',(-0.00487002954198985,0.086843920064257,0.01114785052221));
#4521=CARTESIAN_POINT('',(-0.00452818251121135,0.0874084922896249,0.0112743596787093));
#4522=CARTESIAN_POINT('',(-0.00441308766946716,0.087593528130874,0.0113158224484797));
#4523=CARTESIAN_POINT('',(-0.00423820315170172,0.0878672073759907,0.0113771484027076));
#4524=CARTESIAN_POINT('',(-0.0041795338829694,0.0879577882886677,0.0113974457434962));
#4525=CARTESIAN_POINT('',(-0.00409089641800122,0.0880928001587962,0.0114276991584533));
#4526=CARTESIAN_POINT('',(-0.00406124495791067,0.088137660872105,0.0114377515321723));
#4527=CARTESIAN_POINT('',(-0.00400171823923074,0.0882271139858131,0.0114577961561426));
#4528=CARTESIAN_POINT('',(-0.00398017917058038,0.0882593474769521,0.0114650190261171));
#4529=CARTESIAN_POINT('',(-0.00394184938614714,0.0883161737192845,0.0114777526316002));
#4530=CARTESIAN_POINT('',(-0.0185477530919386,0.0930546731437729,0.0118636760201699));
#4531=CARTESIAN_POINT('',(-0.0182298201266461,0.0936385265685951,0.011994505701432));
#4532=CARTESIAN_POINT('',(-0.01789130206349,0.0942292542521131,0.0121268757642979));
#4533=CARTESIAN_POINT('',(-0.0173701998043913,0.0950898727026961,0.0123197228604864));
#4534=CARTESIAN_POINT('',(-0.0171931345218863,0.0953746005003224,0.0123835245706872));
#4535=CARTESIAN_POINT('',(-0.0169221123246895,0.0957987269539818,0.0124785626853717));
#4536=CARTESIAN_POINT('',(-0.0168308675631092,0.0959396082256424,0.0125101313138728));
#4537=CARTESIAN_POINT('',(-0.0166925973375643,0.0961502203154268,0.0125573252009079));
#4538=CARTESIAN_POINT('',(-0.0166462734162895,0.0962203060421928,0.0125730299872534));
#4539=CARTESIAN_POINT('',(-0.0165531500535085,0.0963602461387229,0.012604387717544));
#4540=CARTESIAN_POINT('',(-0.0165061630435871,0.096430378590169,0.0126201029739401));
#4541=CARTESIAN_POINT('',(-0.0164593095006925,0.0964998418241011,0.0126356682722982));
#4542=CARTESIAN_POINT('',(-0.0317810454040922,0.100060441355963,0.0127576482446622));
#4543=CARTESIAN_POINT('',(-0.0313632667592055,0.100827651803644,0.0129295645066275));
#4544=CARTESIAN_POINT('',(-0.0309125745849901,0.101614588439969,0.0131059010063857));
#4545=CARTESIAN_POINT('',(-0.0302122170975711,0.102771253115767,0.0133650860422636));
#4546=CARTESIAN_POINT('',(-0.0299731813743053,0.103155672869771,0.0134512266928947));
#4547=CARTESIAN_POINT('',(-0.0296060214976772,0.103730246531973,0.0135799769680359));
#4548=CARTESIAN_POINT('',(-0.029482201243249,0.103921428162617,0.0136228168842494));
#4549=CARTESIAN_POINT('',(-0.0292942982571274,0.104207640472057,0.0136869512433626));
#4550=CARTESIAN_POINT('',(-0.0292313018746682,0.104302951212281,0.0137083084423345));
#4551=CARTESIAN_POINT('',(-0.0291045818677861,0.104493378291633,0.0137509792789454));
#4552=CARTESIAN_POINT('',(-0.0290321469165938,0.104601409703386,0.013775186921763));
#4553=CARTESIAN_POINT('',(-0.0289767696152379,0.104683509928918,0.0137935839129961));
#4554=CARTESIAN_POINT('',(-0.0311986382265112,0.10303514696834,-0.00193289049287879));
#4555=CARTESIAN_POINT('',(-0.0307761725277951,0.103810964741242,-0.00175904550434065));
#4556=CARTESIAN_POINT('',(-0.0303394985583437,0.104572589067414,-0.00158838097862479));
#4557=CARTESIAN_POINT('',(-0.0296470302287429,0.105716224525519,-0.00133211552551233));
#4558=CARTESIAN_POINT('',(-0.029410721871329,0.106096256761308,-0.00124695802850417));
#4559=CARTESIAN_POINT('',(-0.029047793086493,0.106664209128376,-0.00111969145097479));
#4560=CARTESIAN_POINT('',(-0.0289254065040818,0.106853177002272,-0.00107734759263722));
#4561=CARTESIAN_POINT('',(-0.0287396878931933,0.107136062089016,-0.00101395879647916));
#4562=CARTESIAN_POINT('',(-0.0286774252783289,0.107230262657366,-0.000992850364451195));
#4563=CARTESIAN_POINT('',(-0.028552183885098,0.107418467766519,-0.000950677426183763));
#4564=CARTESIAN_POINT('',(-0.0284808689169987,0.107524831216438,-0.000926843539699075));
#4565=CARTESIAN_POINT('',(-0.0284258667526827,0.107606375278437,-0.000908571173405551));
#4566=CARTESIAN_POINT('',(-0.0179653459143576,0.0960293787561501,-0.00282686271737111));
#4567=CARTESIAN_POINT('',(-0.0176427258952357,0.0966218395061929,-0.00269410430953617));
#4568=CARTESIAN_POINT('',(-0.0173182260368436,0.0971872548795606,-0.00256740622071239));
#4569=CARTESIAN_POINT('',(-0.0168050129355629,0.0980348441124464,-0.00237747870728963));
#4570=CARTESIAN_POINT('',(-0.0166306750189099,0.098315184391861,-0.00231466015071181));
#4571=CARTESIAN_POINT('',(-0.0163638839135052,0.0987326895503844,-0.00222110573363885));
#4572=CARTESIAN_POINT('',(-0.016274072823942,0.0988713570652971,-0.0021900331630139));
#4573=CARTESIAN_POINT('',(-0.0161379869736302,0.0990786419323853,-0.00214358483893379));
#4574=CARTESIAN_POINT('',(-0.0160923968199502,0.0991476174872785,-0.00212812881953229));
#4575=CARTESIAN_POINT('',(-0.0160007520708202,0.0992853356136096,-0.00209726898758519));
#4576=CARTESIAN_POINT('',(-0.0159548850439919,0.0993538001032217,-0.00208192748752202));
#4577=CARTESIAN_POINT('',(-0.0159084066381373,0.0994227071736204,-0.0020664868141035));
#4578=CARTESIAN_POINT('',(-0.016183858069415,0.0979612744988607,0.00528459072909735));
#4579=CARTESIAN_POINT('',(-0.0159084066381374,0.0994227071736204,-0.00206648681410351));
#4580=CARTESIAN_POINT('',(-0.016183858069415,0.0979612744988607,0.00528459072909735));
#4581=CARTESIAN_POINT('',(-0.027,-0.0454579740500385,4.59242549680257E-19));
#4582=CARTESIAN_POINT('',(-0.027,-0.0534579740500385,4.59242549680257E-19));
#4583=CARTESIAN_POINT('',(-0.027,-0.0534579740500385,-0.00189833969432232));
#4584=CARTESIAN_POINT('',(-0.027,-0.0534579740500385,0.));
#4585=CARTESIAN_POINT('',(-0.027,-0.0454579740500385,0.00016));
#4586=CARTESIAN_POINT('',(-0.0270663602515011,0.0335209890528929,0.00765970641538859));
#4587=CARTESIAN_POINT('',(-0.0268567661605258,0.0335384350731272,0.00766156098353031));
#4588=CARTESIAN_POINT('',(-0.0264248893834382,0.0333991343201875,0.00764375283435605));
#4589=CARTESIAN_POINT('',(-0.0261150477776098,0.032791777834412,0.00760674074835802));
#4590=CARTESIAN_POINT('',(-0.0263289521761639,0.0321429961820381,0.00763405500318795));
#4591=CARTESIAN_POINT('',(-0.0267353639989466,0.0319402120071484,0.00765824757326046));
#4592=CARTESIAN_POINT('',(-0.0269445206126367,0.031925672150637,0.00765979479969804));
#4593=CARTESIAN_POINT('',(-0.0270663602515011,0.0335209890528929,0.00765970641538859));
#4594=CARTESIAN_POINT('',(-0.0269445206126367,0.031925672150637,0.00765979479969804));
#4595=CARTESIAN_POINT('',(-0.0269445206126367,0.0319256721506371,0.00765979479969804));
#4596=CARTESIAN_POINT('',(-0.0270636331457436,0.0311975075618027,0.00766067592918766));
#4597=CARTESIAN_POINT('',(-0.0271690878739091,0.0304671611494919,0.0076586726565787));
#4598=CARTESIAN_POINT('',(-0.0272622098760348,0.0297352270775603,0.00765541499724396));
#4599=CARTESIAN_POINT('',(-0.0277159182099876,0.0356370709435606,0.00762575254305024));
#4600=CARTESIAN_POINT('',(-0.0277155143946759,0.0356350552572794,0.00762579126637162));
#4601=CARTESIAN_POINT('',(-0.027715112545536,0.0356330391729294,0.00762582977382672));
#4602=CARTESIAN_POINT('',(-0.0277147087557322,0.0356310234802349,0.00762586842868796));
#4603=CARTESIAN_POINT('',(-0.0277147048536719,0.0356310242691028,0.00762586880223145));
#4604=CARTESIAN_POINT('',(-0.0277147048536722,0.0356310242691035,0.00762586880223247));
#4605=CARTESIAN_POINT('',(-0.0275120336956686,0.0349237813156682,0.00764527043708054));
#4606=CARTESIAN_POINT('',(-0.0272950009373495,0.0342205338524521,0.00765768331573962));
#4607=CARTESIAN_POINT('',(-0.0270663602515011,0.0335209890528929,0.00765970641538859));
#4608=CARTESIAN_POINT('',(-0.027,0.0327237461055922,-0.007502));
#4609=CARTESIAN_POINT('',(-0.0280745729814412,0.0355246911081862,0.00758262035318773));
#4610=CARTESIAN_POINT('',(-0.0280681735797201,0.0355271462167944,0.00752263160169703));
#4611=CARTESIAN_POINT('',(-0.0280373858921665,0.0355391387721571,0.00746684131817646));
#4612=CARTESIAN_POINT('',(-0.0279891977967386,0.0355559692110215,0.00743447965354105));
#4613=CARTESIAN_POINT('',(-0.0275519943564906,0.0297749663189003,0.00747965923223802));
#4614=CARTESIAN_POINT('',(-0.027601081471611,0.0297841551402037,0.00751454591824022));
#4615=CARTESIAN_POINT('',(-0.0276311134185107,0.0297908786805528,0.00757234220452301));
#4616=CARTESIAN_POINT('',(-0.0276349587312297,0.0297917114179333,0.0076330734915184));
#4617=CARTESIAN_POINT('',(-0.027,-0.0454579740500385,0.00016));
#4618=CARTESIAN_POINT('',(-0.0269237569428295,0.00852010469079944,0.00765961245640288));
#4619=CARTESIAN_POINT('',(-0.0267229941580489,0.0085008837408881,0.00765757144847524));
#4620=CARTESIAN_POINT('',(-0.0263427829516799,0.00830610711343348,0.00763493045878603));
#4621=CARTESIAN_POINT('',(-0.0261213343069986,0.00770097767818484,0.00760760143549151));
#4622=CARTESIAN_POINT('',(-0.026373485129132,0.00710832828122352,0.00763810363558064));
#4623=CARTESIAN_POINT('',(-0.0267638099175405,0.0069334503198715,0.00765896585130845));
#4624=CARTESIAN_POINT('',(-0.0269644929797446,0.0069245344618378,0.00765991594962988));
#4625=CARTESIAN_POINT('',(-0.0269237569428295,0.00852010469079944,0.00765961245640288));
#4626=CARTESIAN_POINT('',(-0.0269644929797446,0.00692453446183781,0.00765991594962987));
#4627=CARTESIAN_POINT('',(-0.0269644929797447,0.00692453446183781,0.00765991594962987));
#4628=CARTESIAN_POINT('',(-0.0271085978991613,0.006199529751225,0.00766059818878122));
#4629=CARTESIAN_POINT('',(-0.0272571175034038,0.00547540944341608,0.00765705416728621));
#4630=CARTESIAN_POINT('',(-0.0274049912702251,0.0047512081207986,0.00764905748883272));
#4631=CARTESIAN_POINT('',(-0.0272059110432387,0.0107166712035979,0.00765717284329716));
#4632=CARTESIAN_POINT('',(-0.027203475341538,0.0106958130500981,0.00765723974023133));
#4633=CARTESIAN_POINT('',(-0.0272010327912724,0.0106749556954762,0.00765730563739738));
#4634=CARTESIAN_POINT('',(-0.027198583401547,0.0106540991385625,0.00765737051456231));
#4635=CARTESIAN_POINT('',(-0.0271985834015448,0.0106540991385431,0.00765737051456248));
#4636=CARTESIAN_POINT('',(-0.0271985834015448,0.0106540991385431,0.00765737051456242));
#4637=CARTESIAN_POINT('',(-0.0271149280844718,0.00994177399747717,0.00765958629906838));
#4638=CARTESIAN_POINT('',(-0.0270231028798403,0.00923041407211993,0.0076606224336516));
#4639=CARTESIAN_POINT('',(-0.0269237569428295,0.00852010469079944,0.00765961245640288));
#4640=CARTESIAN_POINT('',(-0.027,0.00772374610559222,-0.007502));
#4641=CARTESIAN_POINT('',(-0.0275797326619367,0.0106671981674889,0.00763756043377008));
#4642=CARTESIAN_POINT('',(-0.0275762580663354,0.0106678825124399,0.00757673830325802));
#4643=CARTESIAN_POINT('',(-0.0275464852210213,0.0106739715225622,0.00751873501122315));
#4644=CARTESIAN_POINT('',(-0.0274974134701483,0.0106822220375063,0.00748348714436058));
#4645=CARTESIAN_POINT('',(-0.0276901334038263,0.00480420575051519,0.00746818022579337));
#4646=CARTESIAN_POINT('',(-0.0277390793476801,0.00481577580152564,0.00750224781671806));
#4647=CARTESIAN_POINT('',(-0.0277694122569516,0.00482408605111566,0.00755945472993517));
#4648=CARTESIAN_POINT('',(-0.0277741109595811,0.00482534098859145,0.00761994317821901));
#4649=CARTESIAN_POINT('',(-0.027,-0.0454579740500385,0.00016));
#4650=CARTESIAN_POINT('',(-0.0271040806756966,-0.0164830532811034,0.00765927777942293));
#4651=CARTESIAN_POINT('',(-0.0268815801058735,-0.0164538576283749,0.00766236581140831));
#4652=CARTESIAN_POINT('',(-0.0264122141797975,-0.0165942548178117,0.00764357196695978));
#4653=CARTESIAN_POINT('',(-0.0260996564068861,-0.0172622375596967,0.00760459844365219));
#4654=CARTESIAN_POINT('',(-0.0263897654094981,-0.0179380968209235,0.00764136683117768));
#4655=CARTESIAN_POINT('',(-0.0268555686181952,-0.0180944722498706,0.00766193293702452));
#4656=CARTESIAN_POINT('',(-0.0270788458123089,-0.0180723589992032,0.0076595855444072));
#4657=CARTESIAN_POINT('',(-0.0271040806756966,-0.0164830532811034,0.00765927777942294));
#4658=CARTESIAN_POINT('',(-0.0270788458123089,-0.0180723589992032,0.0076595855444072));
#4659=CARTESIAN_POINT('',(-0.0270788458123089,-0.0180723589992032,0.0076595855444072));
#4660=CARTESIAN_POINT('',(-0.0273205315769989,-0.018769952103255,0.00765704461593486));
#4661=CARTESIAN_POINT('',(-0.0275546004331504,-0.0194701109996392,0.00764270857807092));
#4662=CARTESIAN_POINT('',(-0.0277736737189115,-0.0201747757550578,0.00761998853730122));
#4663=CARTESIAN_POINT('',(-0.0278017398322534,-0.0143853693859263,0.00761702442274251));
#4664=CARTESIAN_POINT('',(-0.0277953564583922,-0.014407267079773,0.00761771072934398));
#4665=CARTESIAN_POINT('',(-0.027788946856653,-0.0144291572639857,0.00761839156471696));
#4666=CARTESIAN_POINT('',(-0.0277825110641977,-0.0144510399559155,0.00761906672676975));
#4667=CARTESIAN_POINT('',(-0.0277825110641727,-0.0144510399560005,0.00761906672677268));
#4668=CARTESIAN_POINT('',(-0.0277825110641727,-0.0144510399560005,0.00761906672677268));
#4669=CARTESIAN_POINT('',(-0.0275810166420421,-0.0151361522239284,0.00764020497643069));
#4670=CARTESIAN_POINT('',(-0.0273536710938695,-0.015813638381656,0.00765581377393668));
#4671=CARTESIAN_POINT('',(-0.0271040806756966,-0.0164830532811034,0.00765927777942293));
#4672=CARTESIAN_POINT('',(-0.027,-0.0172762538944078,-0.007502));
#4673=CARTESIAN_POINT('',(-0.0281564182047547,-0.0145080962154249,0.00757031017810402));
#4674=CARTESIAN_POINT('',(-0.0281495846399502,-0.0145052414435298,0.0075104494555777));
#4675=CARTESIAN_POINT('',(-0.0281186748536205,-0.0144921572990788,0.00745506432477982));
#4676=CARTESIAN_POINT('',(-0.0280707941191989,-0.0144738620670059,0.00742316643719017));
#4677=CARTESIAN_POINT('',(-0.0280440475094024,-0.0200887198583105,0.0074269754811847));
#4678=CARTESIAN_POINT('',(-0.0280919583971704,-0.0200709343122134,0.00745904301943019));
#4679=CARTESIAN_POINT('',(-0.0281227235141023,-0.0200582573147054,0.00751463969460839));
#4680=CARTESIAN_POINT('',(-0.0281293473571355,-0.0200555657781177,0.00757448410524501));
#4681=CARTESIAN_POINT('',(-0.027,-0.0454579740500385,0.00016));
#4682=CARTESIAN_POINT('',(-0.0270737421115147,-0.0414796598315443,0.00765963746463717));
#4683=CARTESIAN_POINT('',(-0.0268816967395822,-0.0414618818541614,0.00766152580008001));
#4684=CARTESIAN_POINT('',(-0.0264828884723913,-0.041572446141108,0.00764769730132784));
#4685=CARTESIAN_POINT('',(-0.026146294509622,-0.0420922334627278,0.00761099709472897));
#4686=CARTESIAN_POINT('',(-0.0262394859961892,-0.0427057293374699,0.00762298934400464));
#4687=CARTESIAN_POINT('',(-0.02671593415851,-0.043102254616219,0.0076625032698932));
#4688=CARTESIAN_POINT('',(-0.0273364866861408,-0.0430821029352625,0.00765993936348577));
#4689=CARTESIAN_POINT('',(-0.0277864518600439,-0.0426567177289734,0.00761976398587614));
#4690=CARTESIAN_POINT('',(-0.0278395702356769,-0.0420369672025678,0.00761298487290941));
#4691=CARTESIAN_POINT('',(-0.0275950753086738,-0.0417070963007706,0.00763816826927745));
#4692=CARTESIAN_POINT('',(-0.0274306798293966,-0.0416020767036405,0.0076476241148011));
#4693=CARTESIAN_POINT('',(-0.0270737421115147,-0.0414796598315443,0.00765963746463717));
#4694=CARTESIAN_POINT('',(-0.0274306798293961,-0.041602076703641,0.00764762411480112));
#4695=CARTESIAN_POINT('',(-0.0274306798293961,-0.041602076703641,0.00764762411480112));
#4696=CARTESIAN_POINT('',(-0.0276661881487257,-0.0409000250444957,0.00763407793763797));
#4697=CARTESIAN_POINT('',(-0.0278881496916814,-0.040193668754151,0.00761014374986783));
#4698=CARTESIAN_POINT('',(-0.0280943695183788,-0.0394829842408937,0.0075797274449432));
#4699=CARTESIAN_POINT('',(-0.0280943695183789,-0.0394829842408937,0.0075797274449432));
#4700=CARTESIAN_POINT('',(-0.0280943695183789,-0.0394829842408936,0.00757972744494319));
#4701=CARTESIAN_POINT('',(-0.0288098046381223,-0.0397632831323522,0.00747420464869027));
#4702=CARTESIAN_POINT('',(-0.029695755540035,-0.0405978840144092,0.00717177627058162));
#4703=CARTESIAN_POINT('',(-0.0300740744743993,-0.0421367123663279,0.0069998148546071));
#4704=CARTESIAN_POINT('',(-0.0298353602466487,-0.0437091003779917,0.00711090181969501));
#4705=CARTESIAN_POINT('',(-0.028756312514668,-0.0449198171914894,0.00751577208722643));
#4706=CARTESIAN_POINT('',(-0.0272386748813881,-0.0453435803236532,0.00768744793390063));
#4707=CARTESIAN_POINT('',(-0.0256600151427281,-0.045157449134698,0.00761106274015782));
#4708=CARTESIAN_POINT('',(-0.0244115937548254,-0.044112487009194,0.00721634155533867));
#4709=CARTESIAN_POINT('',(-0.0239419138936784,-0.0426121310853903,0.00700758592879427));
#4710=CARTESIAN_POINT('',(-0.0240784932895069,-0.0410277054486764,0.00707062090265608));
#4711=CARTESIAN_POINT('',(-0.0253292147392919,-0.0394231497767898,0.00757865764041183));
#4712=CARTESIAN_POINT('',(-0.0269828355095374,-0.0391770518331911,0.00769817371538998));
#4713=CARTESIAN_POINT('',(-0.0277370310576883,-0.0393681986645328,0.00762369782480528));
#4714=CARTESIAN_POINT('',(-0.0277370310576882,-0.0393681986645329,0.00762369782480527));
#4715=CARTESIAN_POINT('',(-0.0277370310576883,-0.0393681986645329,0.00762369782480527));
#4716=CARTESIAN_POINT('',(-0.0277310216167256,-0.0393888124244113,0.00762429124977139));
#4717=CARTESIAN_POINT('',(-0.0277249988266083,-0.0394094224546259,0.00762487866435875));
#4718=CARTESIAN_POINT('',(-0.0277189627458083,-0.0394300287750605,0.00762545997043273));
#4719=CARTESIAN_POINT('',(-0.0277189627458084,-0.0394300287750605,0.00762545997043315));
#4720=CARTESIAN_POINT('',(-0.0277189627458084,-0.0394300287750605,0.00762545997043315));
#4721=CARTESIAN_POINT('',(-0.027517640869913,-0.0401173129951784,0.00764484831746847));
#4722=CARTESIAN_POINT('',(-0.0273018529320574,-0.0408005232691806,0.00765739450640812));
#4723=CARTESIAN_POINT('',(-0.0270737421115147,-0.0414796598315443,0.00765963746463716));
#4724=CARTESIAN_POINT('',(-0.027,-0.0422762538944078,-0.007502));
#4725=CARTESIAN_POINT('',(-0.0280943695183788,-0.0394829842408936,0.00757972744494321));
#4726=CARTESIAN_POINT('',(-0.0280878857696542,-0.0394804439859776,0.00751977508840526));
#4727=CARTESIAN_POINT('',(-0.0280570901888469,-0.0394681994374718,0.00746407300894581));
#4728=CARTESIAN_POINT('',(-0.0280089827718383,-0.0394510187243496,0.0074318203534621));
#4729=CARTESIAN_POINT('',(-0.0277935405511225,-0.0393831079607009,0.0074579014068118));
#4730=CARTESIAN_POINT('',(-0.027751885336489,-0.0393716826462733,0.00750102994628418));
#4731=CARTESIAN_POINT('',(-0.0277314492354062,-0.0393667839815041,0.00756298279111657));
#4732=CARTESIAN_POINT('',(-0.0277370310576883,-0.0393681986645329,0.00762369782480527));
#4733=CARTESIAN_POINT('',(-0.0208386046860477,0.0788564078175549,0.00887973926097272));
#4734=CARTESIAN_POINT('',(-0.0206937527762174,0.0794346323776205,0.00896284667719377));
#4735=CARTESIAN_POINT('',(-0.0205424052980822,0.0800093920374958,0.00904878845671226));
#4736=CARTESIAN_POINT('',(-0.0200199639386516,0.0818953658893587,0.00934176679977604));
#4737=CARTESIAN_POINT('',(-0.0196197277838043,0.0831951343062333,0.0095608253404237));
#4738=CARTESIAN_POINT('',(-0.0191756136976029,0.0844753540410138,0.0097917280277888));
#4739=CARTESIAN_POINT('',(-0.0217881963183542,0.0790342177209698,0.0092997787493411));
#4740=CARTESIAN_POINT('',(-0.0216418624196548,0.0796183412030982,0.00938373318454372));
#4741=CARTESIAN_POINT('',(-0.0214889133624175,0.0801991811302218,0.0094705822659464));
#4742=CARTESIAN_POINT('',(-0.0209607504143064,0.0821058095006215,0.00976676919900259));
#4743=CARTESIAN_POINT('',(-0.0205555966984652,0.0834218247947397,0.00998853901539101));
#4744=CARTESIAN_POINT('',(-0.0201051621829398,0.0847202380530274,0.0102227209847728));
#4745=CARTESIAN_POINT('',(-0.0227491780840032,0.0792477718985985,0.00949126837321397));
#4746=CARTESIAN_POINT('',(-0.0226011386902652,0.07983868455052,0.00957619796298838));
#4747=CARTESIAN_POINT('',(-0.0224463543414435,0.0804264911369141,0.00966408699937781));
#4748=CARTESIAN_POINT('',(-0.0219116622943812,0.0823566890748184,0.00996393536316655));
#4749=CARTESIAN_POINT('',(-0.0215010066666341,0.0836908341306046,0.0101887349541113));
#4750=CARTESIAN_POINT('',(-0.0210436363958824,0.0850092105349325,0.0104265156451787));
#4751=CARTESIAN_POINT('',(-0.0236644090626681,0.0794751067249576,0.00950721386630757));
#4752=CARTESIAN_POINT('',(-0.0235145987905496,0.0800730691991968,0.00959315624088887));
#4753=CARTESIAN_POINT('',(-0.0233579136964063,0.0806680903504828,0.00968212248092673));
#4754=CARTESIAN_POINT('',(-0.0228164769498601,0.0826226361552486,0.00998575318122057));
#4755=CARTESIAN_POINT('',(-0.0224002070329703,0.0839752505205674,0.0102136420583458));
#4756=CARTESIAN_POINT('',(-0.0219358468125699,0.0853137450009663,0.0104550497121904));
#4757=CARTESIAN_POINT('',(-0.0246777948757341,0.079726822295364,0.00952486944928069));
#4758=CARTESIAN_POINT('',(-0.0245260238056649,0.080332590656956,0.00961193322575825));
#4759=CARTESIAN_POINT('',(-0.0243672341189236,0.0809356001061464,0.0097020921951951));
#4760=CARTESIAN_POINT('',(-0.0238183293310525,0.0829171049883813,0.0100099108723427));
#4761=CARTESIAN_POINT('',(-0.023395843015133,0.0842901694222551,0.0102412203491425));
#4762=CARTESIAN_POINT('',(-0.0229237432011514,0.0856509395613149,0.0104866439429067));
#4763=CARTESIAN_POINT('',(-0.0257379078347208,0.0800209171556235,0.00932947953684805));
#4764=CARTESIAN_POINT('',(-0.0255838972000876,0.0806356016118006,0.00941782443469283));
#4765=CARTESIAN_POINT('',(-0.0254227094927783,0.0812477124555253,0.00950934261586555));
#4766=CARTESIAN_POINT('',(-0.0248653158365446,0.0832598615221921,0.00982192173578153));
#4767=CARTESIAN_POINT('',(-0.0244358454897072,0.0846558644158075,0.0100570713602428));
#4768=CARTESIAN_POINT('',(-0.0239551552628727,0.0860413577091008,0.0103069525167201));
#4769=CARTESIAN_POINT('',(-0.0267629933287468,0.0803472849871409,0.00884872801137359));
#4770=CARTESIAN_POINT('',(-0.0266065601126542,0.080971614715212,0.00893845908579941));
#4771=CARTESIAN_POINT('',(-0.0264427856449434,0.0815935424739372,0.00903144369403575));
#4772=CARTESIAN_POINT('',(-0.0258762605320792,0.0836386554169112,0.00934914361139373));
#4773=CARTESIAN_POINT('',(-0.0254393805851443,0.0850589476518969,0.00958836376708451));
#4774=CARTESIAN_POINT('',(-0.0249497097784254,0.0864702853462102,0.00984290513357343));
#4775=CARTESIAN_POINT('',(-0.0232380812520057,0.0816883731222882,0.00983614493144154));
#4776=CARTESIAN_POINT('',(-0.0230511843967167,0.081635913374087,0.0098361438451269));
#4777=CARTESIAN_POINT('',(-0.0226353372482936,0.0816739740851808,0.0098403652731805));
#4778=CARTESIAN_POINT('',(-0.0222129688918306,0.0821313610250591,0.00989287441213264));
#4779=CARTESIAN_POINT('',(-0.0221979729657008,0.0827433714143887,0.0100064794900785));
#4780=CARTESIAN_POINT('',(-0.0225915790386289,0.083219976941782,0.0100999443503656));
#4781=CARTESIAN_POINT('',(-0.0232124893627153,0.0833112010919918,0.0100746991709714));
#4782=CARTESIAN_POINT('',(-0.0237248868324451,0.0829739199610511,0.00996110279660123));
#4783=CARTESIAN_POINT('',(-0.0238914733344633,0.0823813238231829,0.00986640712446635));
#4784=CARTESIAN_POINT('',(-0.0237111966932023,0.0820074150265437,0.00984566195416153));
#4785=CARTESIAN_POINT('',(-0.0235672181036844,0.0818732752946134,0.00984060018832001));
#4786=CARTESIAN_POINT('',(-0.0235672181036842,0.0818732752946132,0.00984060018832001));
#4787=CARTESIAN_POINT('',(-0.0232380812520057,0.0816883731222882,0.00983614493144154));
#4788=CARTESIAN_POINT('',(-0.0232380812520058,0.0816883731222882,0.00983614493144155));
#4789=CARTESIAN_POINT('',(-0.0235930090817042,0.0810418357543763,0.00972706341016191));
#4790=CARTESIAN_POINT('',(-0.0239300576369502,0.0803858556876181,0.0096159360903647));
#4791=CARTESIAN_POINT('',(-0.0242468698258205,0.0797201007249209,0.00950509350559887));
#4792=CARTESIAN_POINT('',(-0.0242468698258217,0.0797201007249185,0.00950509350559877));
#4793=CARTESIAN_POINT('',(-0.0242468698258217,0.0797201007249185,0.00950509350559877));
#4794=CARTESIAN_POINT('',(-0.0235256995285478,0.0793975079837413,0.00953800134721728));
#4795=CARTESIAN_POINT('',(-0.0222723076700094,0.0793700127867525,0.00943957289913479));
#4796=CARTESIAN_POINT('',(-0.0209255210626053,0.080206292173513,0.00924523893354931));
#4797=CARTESIAN_POINT('',(-0.0202232578027627,0.0811777932558014,0.00923170391565447));
#4798=CARTESIAN_POINT('',(-0.0199515668904351,0.0823300899336763,0.00944767976144552));
#4799=CARTESIAN_POINT('',(-0.0201195350968727,0.0834544053407188,0.0098243125512486));
#4800=CARTESIAN_POINT('',(-0.0206729279506178,0.0844369437739646,0.0102112148145929));
#4801=CARTESIAN_POINT('',(-0.0215798283363127,0.0851772624801491,0.0104631663648246));
#4802=CARTESIAN_POINT('',(-0.0227340788507986,0.0855228081782353,0.0104548942460721));
#4803=CARTESIAN_POINT('',(-0.0242921798943403,0.0853610568113979,0.0101096254869986));
#4804=CARTESIAN_POINT('',(-0.0255316972489487,0.0843944196558468,0.0095299749074872));
#4805=CARTESIAN_POINT('',(-0.0260652363001115,0.0829158278077842,0.00924183887378261));
#4806=CARTESIAN_POINT('',(-0.0259905795993864,0.0813119544716118,0.00923679994449679));
#4807=CARTESIAN_POINT('',(-0.0252498584535297,0.0803024002981507,0.00942880598205691));
#4808=CARTESIAN_POINT('',(-0.0245808887038301,0.0798955010202243,0.00948381927238719));
#4809=CARTESIAN_POINT('',(-0.0245808887038301,0.0798955010202243,0.00948381927238719));
#4810=CARTESIAN_POINT('',(-0.0245808887038301,0.0798955010202243,0.00948381927238718));
#4811=CARTESIAN_POINT('',(-0.0245732055176282,0.0799116546447888,0.0094866895812536));
#4812=CARTESIAN_POINT('',(-0.0245655100285677,0.0799278023105408,0.00948956042809893));
#4813=CARTESIAN_POINT('',(-0.0245578022440043,0.0799439440268909,0.00949243177970776));
#4814=CARTESIAN_POINT('',(-0.0245578022440043,0.0799439440268909,0.00949243177970776));
#4815=CARTESIAN_POINT('',(-0.0245578022440043,0.0799439440268909,0.00949243177970776));
#4816=CARTESIAN_POINT('',(-0.0242462449736562,0.0805964102502739,0.00960849502227647));
#4817=CARTESIAN_POINT('',(-0.0239153748111525,0.0812394408224817,0.0097253192491938));
#4818=CARTESIAN_POINT('',(-0.0235672181036843,0.081873275294613,0.00984060018831999));
#4819=CARTESIAN_POINT('',(-0.0230218857933526,0.082458606543827,-0.007502));
#4820=CARTESIAN_POINT('',(-0.0245102303393281,0.0798538358221577,0.00932934694525069));
#4821=CARTESIAN_POINT('',(-0.0245526034113308,0.0798780474466538,0.00936543492304332));
#4822=CARTESIAN_POINT('',(-0.024577713002618,0.0798935694074262,0.00942330634632011));
#4823=CARTESIAN_POINT('',(-0.0245808887038301,0.0798955010202243,0.00948381927238718));
#4824=CARTESIAN_POINT('',(-0.0242468698258217,0.0797201007249185,0.00950509350559877));
#4825=CARTESIAN_POINT('',(-0.0242446486716916,0.079719107161814,0.00944421463074664));
#4826=CARTESIAN_POINT('',(-0.0242662061676825,0.0797284641673308,0.00938350004819074));
#4827=CARTESIAN_POINT('',(-0.0243067253018847,0.0797476680647547,0.0093421726990052));
#4828=CARTESIAN_POINT('',(-0.0237578102022474,0.0545668519871648,0.00708035679823882));
#4829=CARTESIAN_POINT('',(-0.0237428535571257,0.0549456979473715,0.00708640742084541));
#4830=CARTESIAN_POINT('',(-0.0237268999687662,0.0553239893072827,0.00709302982216589));
#4831=CARTESIAN_POINT('',(-0.0236363175414404,0.0573362026754377,0.00713163896721121));
#4832=CARTESIAN_POINT('',(-0.0235430238536741,0.0589598494168131,0.00717476713720992));
#4833=CARTESIAN_POINT('',(-0.0234260296912203,0.0605714596830425,0.00723368068984717));
#4834=CARTESIAN_POINT('',(-0.0247713417733546,0.0545996827314416,0.00753004152585598));
#4835=CARTESIAN_POINT('',(-0.024756331490311,0.05497988350097,0.00753611401643392));
#4836=CARTESIAN_POINT('',(-0.0247403194574834,0.0553595592650229,0.0075427608383131));
#4837=CARTESIAN_POINT('',(-0.0246493975244279,0.0573793057466431,0.00758151547315436));
#4838=CARTESIAN_POINT('',(-0.0245557400838735,0.0590095800398321,0.00762480742945563));
#4839=CARTESIAN_POINT('',(-0.0244382286758383,0.06062837454577,0.0076839804295577));
#4840=CARTESIAN_POINT('',(-0.0258067934002842,0.0546374631366922,0.00772407328404737));
#4841=CARTESIAN_POINT('',(-0.0257917176374395,0.0550193186253213,0.00773017247276054));
#4842=CARTESIAN_POINT('',(-0.0257756339823017,0.0554006923224482,0.00773684921836214));
#4843=CARTESIAN_POINT('',(-0.025684294328527,0.0574297147794471,0.00777578280668457));
#4844=CARTESIAN_POINT('',(-0.0255901823746843,0.0590682952839114,0.00781927893155063));
#4845=CARTESIAN_POINT('',(-0.0254720141580807,0.0606962051794636,0.00787878141017109));
#4846=CARTESIAN_POINT('',(-0.0267946430319841,0.0546764599263472,0.00772432760643463));
#4847=CARTESIAN_POINT('',(-0.0267794973588391,0.0550600825636732,0.00773045530106115));
#4848=CARTESIAN_POINT('',(-0.0267633370750829,0.0554432736778076,0.00773716406021887));
#4849=CARTESIAN_POINT('',(-0.0266715495358551,0.0574822462280507,0.00777628949343765));
#4850=CARTESIAN_POINT('',(-0.0265769462217601,0.0591298205641847,0.00782000606279278));
#4851=CARTESIAN_POINT('',(-0.0264580619671459,0.0607676637632249,0.00787986774668249));
#4852=CARTESIAN_POINT('',(-0.0270410301740531,0.0546861864143111,0.00772439103892897));
#4853=CARTESIAN_POINT('',(-0.0270258670640447,0.0550702498097273,0.00773052584343364));
#4854=CARTESIAN_POINT('',(-0.027009687667758,0.0554538942197562,0.00773724258733757));
#4855=CARTESIAN_POINT('',(-0.0269177884179892,0.0574953484989579,0.00777641587006118));
#4856=CARTESIAN_POINT('',(-0.0268230625499706,0.0591451660555278,0.00782018742216461));
#4857=CARTESIAN_POINT('',(-0.0267039997028324,0.060785486795865,0.00788013869819148));
#4858=CARTESIAN_POINT('',(-0.0272911946872893,0.0546962561586149,0.00771230331946102));
#4859=CARTESIAN_POINT('',(-0.0272760133839533,0.0550807794610294,0.0077184455423699));
#4860=CARTESIAN_POINT('',(-0.0272598140365664,0.0554648971024129,0.00772517062124855));
#4861=CARTESIAN_POINT('',(-0.027167798118254,0.0575089435061646,0.00776439387533124));
#4862=CARTESIAN_POINT('',(-0.0270729440216019,0.0591611089790678,0.00780822294009042));
#4863=CARTESIAN_POINT('',(-0.0269536939653647,0.060804026559623,0.00786826813168908));
#4864=CARTESIAN_POINT('',(-0.0275442597326017,0.0547066529905433,0.0076869096106665));
#4865=CARTESIAN_POINT('',(-0.0275290594950535,0.0550916549576682,0.00769305955416054));
#4866=CARTESIAN_POINT('',(-0.0275128393741794,0.0554762653865206,0.00769979331147175));
#4867=CARTESIAN_POINT('',(-0.027420701918522,0.057523012352493,0.00773906862038568));
#4868=CARTESIAN_POINT('',(-0.027325713994016,0.0591776291343847,0.00778295769232006));
#4869=CARTESIAN_POINT('',(-0.0272062681891364,0.0608232617630945,0.0078431010843646));
#4870=CARTESIAN_POINT('',(-0.0266346737971304,0.0585235308100832,0.00780763314494175));
#4871=CARTESIAN_POINT('',(-0.0264154444740874,0.0585184436687624,0.00780854587731497));
#4872=CARTESIAN_POINT('',(-0.0259913947445659,0.0583216448522709,0.00778170529452195));
#4873=CARTESIAN_POINT('',(-0.0257621134741125,0.057654056553733,0.00773089734518978));
#4874=CARTESIAN_POINT('',(-0.0260943868393794,0.0570274493478475,0.00775241826343702));
#4875=CARTESIAN_POINT('',(-0.0265459104816786,0.0569012117395528,0.00776869334874997));
#4876=CARTESIAN_POINT('',(-0.0267631059420552,0.0569313271301135,0.00776719433005761));
#4877=CARTESIAN_POINT('',(-0.0266346737971303,0.0585235308100832,0.00780763314494175));
#4878=CARTESIAN_POINT('',(-0.0267631059420552,0.0569313271301135,0.00776719433005761));
#4879=CARTESIAN_POINT('',(-0.0267631059420552,0.0569313271301135,0.00776719433005761));
#4880=CARTESIAN_POINT('',(-0.0270293692041281,0.0562430854467708,0.00774935790831919));
#4881=CARTESIAN_POINT('',(-0.0272817914158162,0.0555497648708032,0.00772309904673869));
#4882=CARTESIAN_POINT('',(-0.0275168774545541,0.054850748117538,0.00769139025975351));
#4883=CARTESIAN_POINT('',(-0.027516877454554,0.0548507481175381,0.00769139025975351));
#4884=CARTESIAN_POINT('',(-0.0275168774545544,0.0548507481175382,0.00769139025975348));
#4885=CARTESIAN_POINT('',(-0.0270840569418076,0.0547206389974253,0.00773215775272641));
#4886=CARTESIAN_POINT('',(-0.0261657028059073,0.0546608041378126,0.00773887007396518));
#4887=CARTESIAN_POINT('',(-0.0248972787743727,0.0551703532465033,0.00752359723331417));
#4888=CARTESIAN_POINT('',(-0.0239757237180375,0.0561615512266181,0.0072381133828198));
#4889=CARTESIAN_POINT('',(-0.0235600008624267,0.0574754680695513,0.00710805208081437));
#4890=CARTESIAN_POINT('',(-0.0237613794214639,0.0588388167803561,0.00727520843986997));
#4891=CARTESIAN_POINT('',(-0.0245070194766509,0.0599560841666056,0.00760721746721404));
#4892=CARTESIAN_POINT('',(-0.0256617533339983,0.0606617873309084,0.00787412782571831));
#4893=CARTESIAN_POINT('',(-0.0265793356731493,0.0607564560507828,0.00789136887412983));
#4894=CARTESIAN_POINT('',(-0.0270261651683322,0.0607004760639758,0.00785548795341973));
#4895=CARTESIAN_POINT('',(-0.0270261651683321,0.0607004760639757,0.00785548795341973));
#4896=CARTESIAN_POINT('',(-0.0270261651683321,0.0607004760639757,0.00785548795341973));
#4897=CARTESIAN_POINT('',(-0.0270228234742415,0.0606782148608356,0.007855062144748));
#4898=CARTESIAN_POINT('',(-0.0270194616091302,0.060655956717507,0.0078546356488786));
#4899=CARTESIAN_POINT('',(-0.0270160796149897,0.0606337016296284,0.00785420835940697));
#4900=CARTESIAN_POINT('',(-0.0270160796149848,0.0606337016296,0.0078542083594057));
#4901=CARTESIAN_POINT('',(-0.0270160796149851,0.0606337016295999,0.00785420835940609));
#4902=CARTESIAN_POINT('',(-0.0269086680017663,0.059926883464931,0.0078406377115717));
#4903=CARTESIAN_POINT('',(-0.0267807229878815,0.0592232687644038,0.007826288402033));
#4904=CARTESIAN_POINT('',(-0.0266346737971305,0.0585235308100838,0.00780763314494174));
#4905=CARTESIAN_POINT('',(-0.0266532325271462,0.0577237461055922,-0.007502));
#4906=CARTESIAN_POINT('',(-0.0270861606393564,0.0606923439647941,0.00769041537027931));
#4907=CARTESIAN_POINT('',(-0.027042753540173,0.0606986742777558,0.00773290436323832));
#4908=CARTESIAN_POINT('',(-0.0270211223337164,0.0607011078437,0.00779468371290449));
#4909=CARTESIAN_POINT('',(-0.0270261651683321,0.0607004760639758,0.00785548795341973));
#4910=CARTESIAN_POINT('',(-0.0275168774545541,0.0548507481175381,0.00769139025975351));
#4911=CARTESIAN_POINT('',(-0.0275116627998605,0.0548491805528921,0.00763060860606323));
#4912=CARTESIAN_POINT('',(-0.027532123453161,0.0548550466411221,0.00756878013112249));
#4913=CARTESIAN_POINT('',(-0.0275734566670688,0.0548683674035102,0.00752584715460299));
#4914=CARTESIAN_POINT('',(-0.0266043551875993,0.0583796692652518,0.00779858077663722));
#4915=CARTESIAN_POINT('',(-0.0267633338716799,0.0591285243260336,0.00781413811886589));
#4916=CARTESIAN_POINT('',(-0.0269011900240591,0.0598800248558037,0.00782499295073705));
#4917=CARTESIAN_POINT('',(-0.0270154039491966,0.0606339070801589,0.00783520083423508));
#4918=CARTESIAN_POINT('',(-0.0266025742684888,0.0583760098455271,0.00793447213586407));
#4919=CARTESIAN_POINT('',(-0.0267616651294298,0.0591253302147559,0.00795004271812176));
#4920=CARTESIAN_POINT('',(-0.0268996535304565,0.0598773976236932,0.00796091169310584));
#4921=CARTESIAN_POINT('',(-0.0270138814345276,0.0606312276364338,0.00797111870390808));
#4922=CARTESIAN_POINT('',(-0.0267038446061257,0.0583869258533377,0.00800249668672124));
#4923=CARTESIAN_POINT('',(-0.0268627645958196,0.0591381990438068,0.00801798261104403));
#4924=CARTESIAN_POINT('',(-0.0270004209238971,0.0598932814183499,0.00802875173054813));
#4925=CARTESIAN_POINT('',(-0.0271142615940169,0.0606491549336691,0.00803899168711993));
#4926=CARTESIAN_POINT('',(-0.0268048182813277,0.0583995438485004,0.00800176873257705));
#4927=CARTESIAN_POINT('',(-0.0269635133068471,0.0591525142800799,0.0080171643705292));
#4928=CARTESIAN_POINT('',(-0.0271007753216258,0.059910292795693,0.00802782773268222));
#4929=CARTESIAN_POINT('',(-0.0272142263071101,0.060668211965952,0.0080381006851912));
#4930=CARTESIAN_POINT('',(-0.0270224108825243,0.0584267349196766,0.00800020003226513));
#4931=CARTESIAN_POINT('',(-0.0271806211228777,0.0591833628105626,0.00801540110815741));
#4932=CARTESIAN_POINT('',(-0.0273170334146349,0.0599469513588148,0.00802583656915626));
#4933=CARTESIAN_POINT('',(-0.0274296446516074,0.0607092788006218,0.0080361806260574));
#4934=CARTESIAN_POINT('',(-0.0271488232694385,0.0584482284044234,0.00777407107201764));
#4935=CARTESIAN_POINT('',(-0.0273065725137737,0.0592061602670583,0.00778913980950464));
#4936=CARTESIAN_POINT('',(-0.0274422834774806,0.0599721057894892,0.00779942251887342));
#4937=CARTESIAN_POINT('',(-0.027554395077018,0.0607370209942355,0.00780980836639824));
#4938=CARTESIAN_POINT('',(-0.0269023921319928,0.0584211422846656,0.00762922192525662));
#4939=CARTESIAN_POINT('',(-0.0270605736444769,0.0591743975338231,0.00764449844212981));
#4940=CARTESIAN_POINT('',(-0.0271971117448414,0.0599330999631721,0.00765502600849914));
#4941=CARTESIAN_POINT('',(-0.0273101667206544,0.0606930400554764,0.00766533164157009));
#4942=CARTESIAN_POINT('',(-0.0270039038649048,0.0584427938181068,0.00779480906016458));
#4943=CARTESIAN_POINT('',(-0.0270080119351397,0.0584407903592823,0.00789866786367723));
#4944=CARTESIAN_POINT('',(-0.0268393153978175,0.0585253462635775,0.00810242370895702));
#4945=CARTESIAN_POINT('',(-0.0266369796090935,0.0585235843156597,0.00791159393374517));
#4946=CARTESIAN_POINT('',(-0.0266346737971304,0.0585235308100832,0.00780763314494175));
#4947=CARTESIAN_POINT('',(-0.0272118597878168,0.0606712765267574,0.00783813816856994));
#4948=CARTESIAN_POINT('',(-0.0270841140940134,0.0606496218140535,0.00768578295490002));
#4949=CARTESIAN_POINT('',(-0.0275717393713732,0.0638821804315879,0.00772956914323723));
#4950=CARTESIAN_POINT('',(-0.0276306059118071,0.0671480898258286,0.00778624256351324));
#4951=CARTESIAN_POINT('',(-0.0266982599135132,0.0736671541809068,0.00834556867332579));
#4952=CARTESIAN_POINT('',(-0.0257107469502615,0.0768040134711606,0.0088291005307129));
#4953=CARTESIAN_POINT('',(-0.0243198727122224,0.0797369817044725,0.00933340265937152));
#4954=CARTESIAN_POINT('',(-0.0268922151953329,0.0606101414354369,0.00785229641773026));
#4955=CARTESIAN_POINT('',(-0.027383083762502,0.0638257842314627,0.00789580959934175));
#4956=CARTESIAN_POINT('',(-0.0274472658469028,0.0670685054403558,0.00795037292313473));
#4957=CARTESIAN_POINT('',(-0.0265362195981875,0.0735371165311761,0.00849957897279407));
#4958=CARTESIAN_POINT('',(-0.025562530458285,0.0766547415202231,0.00897813771633625));
#4959=CARTESIAN_POINT('',(-0.0241844989914629,0.079574366141287,0.00947948741303098));
#4960=CARTESIAN_POINT('',(-0.027026049436852,0.0606323383803593,0.00803977793658476));
#4961=CARTESIAN_POINT('',(-0.027514732974404,0.0638595773085317,0.00808347797968069));
#4962=CARTESIAN_POINT('',(-0.0275742279470404,0.0671098799406779,0.00813952306367454));
#4963=CARTESIAN_POINT('',(-0.0266523580901657,0.0735875620127577,0.00869342453321132));
#4964=CARTESIAN_POINT('',(-0.025672305228882,0.0767115324473678,0.00917408627249543));
#4965=CARTESIAN_POINT('',(-0.0242863998980144,0.0796384395532201,0.00967713465335091));
#4966=CARTESIAN_POINT('',(-0.0272142263071101,0.060668211965952,0.00803810068519119));
#4967=CARTESIAN_POINT('',(-0.0276997703973436,0.0639119314666959,0.00808206655607977));
#4968=CARTESIAN_POINT('',(-0.0277535313207608,0.0671803999755823,0.0081401862045182));
#4969=CARTESIAN_POINT('',(-0.0268129206103203,0.0736936555977842,0.00870275392448316));
#4970=CARTESIAN_POINT('',(-0.0258210564922213,0.0768327246015836,0.00918756556723469));
#4971=CARTESIAN_POINT('',(-0.0244231339186521,0.0797716393730911,0.00969331727990626));
#4972=CARTESIAN_POINT('',(-0.0274576137009702,0.0607146107528691,0.00803593133332041));
#4973=CARTESIAN_POINT('',(-0.0279390972395539,0.0639796461762446,0.00808024102507063));
#4974=CARTESIAN_POINT('',(-0.0279854417610838,0.0672716103750684,0.00814104390887623));
#4975=CARTESIAN_POINT('',(-0.0270205916874214,0.0738308767192188,0.0087148205308883));
#4976=CARTESIAN_POINT('',(-0.0260134509255431,0.0769894741666625,0.00920499964621136));
#4977=CARTESIAN_POINT('',(-0.0245999852866729,0.0799439196165481,0.00971424784006339));
#4978=CARTESIAN_POINT('',(-0.0275718586456869,0.0607409697911577,0.00777440897660016));
#4979=CARTESIAN_POINT('',(-0.0280513701916702,0.0640161835399959,0.00781888309285889));
#4980=CARTESIAN_POINT('',(-0.0280950742954744,0.0673265473084698,0.00788093677881328));
#4981=CARTESIAN_POINT('',(-0.0271153874670997,0.0739298190161183,0.00846200189213248));
#4982=CARTESIAN_POINT('',(-0.0260982639373048,0.0771036483148747,0.00895587197505441));
#4983=CARTESIAN_POINT('',(-0.0246765732640407,0.0800671201018039,0.00946707063336181));
#4984=CARTESIAN_POINT('',(-0.0272869047088577,0.0606888156288578,0.0076535829201388));
#4985=CARTESIAN_POINT('',(-0.0277711390319124,0.0639391548458003,0.00769765593462286));
#4986=CARTESIAN_POINT('',(-0.0278239243145324,0.0672255008093736,0.00775656401463754));
#4987=CARTESIAN_POINT('',(-0.0268709785107894,0.0737855156590798,0.00832546588866558));
#4988=CARTESIAN_POINT('',(-0.0258704089644474,0.076939353693636,0.00881360660621563));
#4989=CARTESIAN_POINT('',(-0.0244664758223425,0.0798854646750677,0.0093208580839384));
#4990=CARTESIAN_POINT('',(-0.0244164818091337,0.0798024623548254,0.00949581868944049));
#4991=CARTESIAN_POINT('',(-0.0243172796932808,0.07973385118957,0.00933628358918791));
#4992=CARTESIAN_POINT('',(-0.0239884338568737,0.0804273581987457,0.00945552399046181));
#4993=CARTESIAN_POINT('',(-0.0236388462869106,0.0811076866911055,0.0095750287031778));
#4994=CARTESIAN_POINT('',(-0.0232696313950202,0.0817784205028419,0.00969260227715444));
#4995=CARTESIAN_POINT('',(-0.024187329171708,0.0795761587374106,0.00948490812105148));
#4996=CARTESIAN_POINT('',(-0.0238614102090287,0.0802666189347942,0.00960347494270819));
#4997=CARTESIAN_POINT('',(-0.0235145429855816,0.0809444027129269,0.0097224835047193));
#4998=CARTESIAN_POINT('',(-0.0231478781115465,0.0816129393200574,0.00983969358394396));
#4999=CARTESIAN_POINT('',(-0.0242891261207279,0.0796410953105266,0.0096774573049037));
#5000=CARTESIAN_POINT('',(-0.0239613403513914,0.080333286257105,0.00979642738093371));
#5001=CARTESIAN_POINT('',(-0.0236125705422013,0.0810128628229139,0.0099157852504374));
#5002=CARTESIAN_POINT('',(-0.0232439574789307,0.0816832246331592,0.0100332995833443));
#5003=CARTESIAN_POINT('',(-0.0244231339186522,0.0797716393730912,0.00969331727990626));
#5004=CARTESIAN_POINT('',(-0.0240925630558644,0.0804666131935626,0.00981291387500762));
#5005=CARTESIAN_POINT('',(-0.0237411129878335,0.0811487041105179,0.0099327618450703));
#5006=CARTESIAN_POINT('',(-0.0233698973154337,0.0818213886634138,0.0100506617006544));
#5007=CARTESIAN_POINT('',(-0.0245018371315037,0.0798483083229707,0.00970263189448676));
#5008=CARTESIAN_POINT('',(-0.0241696305743302,0.0805449165342742,0.00982259644626371));
#5009=CARTESIAN_POINT('',(-0.0238166063816192,0.0812284841377844,0.00994273225396876));
#5010=CARTESIAN_POINT('',(-0.0234438621884657,0.0819025328449464,0.0100608585282672));
#5011=CARTESIAN_POINT('',(-0.0245759735032373,0.0799352933394323,0.00963354620890939));
#5012=CARTESIAN_POINT('',(-0.0242421188240026,0.080633606406386,0.00975388871317794));
#5013=CARTESIAN_POINT('',(-0.0238875542909174,0.0813186155647484,0.00987430557314885));
#5014=CARTESIAN_POINT('',(-0.0235133578298247,0.0819939230573223,0.009992640211685));
#5015=CARTESIAN_POINT('',(-0.024557108376921,0.0799443707213842,0.00948653515924072));
#5016=CARTESIAN_POINT('',(-0.0242234461757039,0.0806425994007253,0.00960684775323574));
#5017=CARTESIAN_POINT('',(-0.0238691519356644,0.0813273486030824,0.00972721405853992));
#5018=CARTESIAN_POINT('',(-0.0234952987260659,0.082002280367373,0.00984548528290951));
#5019=CARTESIAN_POINT('',(-0.0232380812520057,0.0816883731222882,0.00983614493144154));
#5020=CARTESIAN_POINT('',(-0.0232355917115237,0.0816876743375675,0.00993969526670054));
#5021=CARTESIAN_POINT('',(-0.0234207930785399,0.0817389128845866,0.0101370083975827));
#5022=CARTESIAN_POINT('',(-0.0235669575534851,0.0818730325492578,0.00994422525524217));
#5023=CARTESIAN_POINT('',(-0.0235672181036842,0.0818732752946131,0.00984060018832001));
#5024=CARTESIAN_POINT('',(-0.0291300509846528,0.0423547352615445,0.00716363212056117));
#5025=CARTESIAN_POINT('',(-0.0291348495078957,0.0424052745774649,0.00716210494446179));
#5026=CARTESIAN_POINT('',(-0.0291396531209171,0.042455801729623,0.00716057619644205));
#5027=CARTESIAN_POINT('',(-0.0293455289024682,0.0446021771008,0.00709507026418498));
#5028=CARTESIAN_POINT('',(-0.0293189023037907,0.0466801986292081,0.00710174992441342));
#5029=CARTESIAN_POINT('',(-0.0287687720435086,0.0508209149185115,0.00726829095191335));
#5030=CARTESIAN_POINT('',(-0.0282501760499725,0.0528585562767008,0.0074154433962084));
#5031=CARTESIAN_POINT('',(-0.0275884179157882,0.0548367893941246,0.00752012284526047));
#5032=CARTESIAN_POINT('',(-0.0289472980429075,0.0423140319982529,0.00733416774290288));
#5033=CARTESIAN_POINT('',(-0.028952085699727,0.0423646338643859,0.00733264389610467));
#5034=CARTESIAN_POINT('',(-0.0289568843721252,0.0424151894561705,0.00733111666181411));
#5035=CARTESIAN_POINT('',(-0.0291642765935922,0.0445528357694896,0.0072651461162281));
#5036=CARTESIAN_POINT('',(-0.0291443159508607,0.0466040413147032,0.00726966617437381));
#5037=CARTESIAN_POINT('',(-0.0286086692953669,0.0507111964656112,0.00743201383480555));
#5038=CARTESIAN_POINT('',(-0.0280975548127058,0.0527389808027225,0.00757853286229396));
#5039=CARTESIAN_POINT('',(-0.0274407629893381,0.0547120179133385,0.00768373176221911));
#5040=CARTESIAN_POINT('',(-0.0290802423497534,0.042351356495291,0.00751536755291666));
#5041=CARTESIAN_POINT('',(-0.0290850398870967,0.0424019380205159,0.00751384065224518));
#5042=CARTESIAN_POINT('',(-0.0290898430518603,0.0424524843639254,0.00751231202945389));
#5043=CARTESIAN_POINT('',(-0.0292958564184749,0.0445929693081083,0.00744676766046123));
#5044=CARTESIAN_POINT('',(-0.0292710644303496,0.0466522613238385,0.00745286003578593));
#5045=CARTESIAN_POINT('',(-0.0287269356529112,0.0507704058918304,0.00761764154329916));
#5046=CARTESIAN_POINT('',(-0.0282115701798087,0.052805154512035,0.00776454713925216));
#5047=CARTESIAN_POINT('',(-0.0275499978396701,0.0547856895661112,0.0078695836148985));
#5048=CARTESIAN_POINT('',(-0.0292630104592679,0.0423962707413833,0.00751130377546652));
#5049=CARTESIAN_POINT('',(-0.0292678199414792,0.0424468034341959,0.00750977320054809));
#5050=CARTESIAN_POINT('',(-0.029272628537201,0.0424973275750339,0.00750824290719156));
#5051=CARTESIAN_POINT('',(-0.0294769749639315,0.0446446272195139,0.00744321128967886));
#5052=CARTESIAN_POINT('',(-0.0294455261905153,0.0467245085116188,0.00745146415894923));
#5053=CARTESIAN_POINT('',(-0.0288880328679438,0.0508688951819342,0.00762010307161922));
#5054=CARTESIAN_POINT('',(-0.0283658350829801,0.0529133891567279,0.00776760166143801));
#5055=CARTESIAN_POINT('',(-0.0276986591295894,0.0549011484831299,0.00787223615005879));
#5056=CARTESIAN_POINT('',(-0.0295139658183564,0.0424579416247023,0.00750572388118427));
#5057=CARTESIAN_POINT('',(-0.0295187917018352,0.0425084072666731,0.00750418826122838));
#5058=CARTESIAN_POINT('',(-0.0295236077547006,0.0425589009215893,0.00750265567405101));
#5059=CARTESIAN_POINT('',(-0.0297256653384908,0.0447155576993495,0.00743832810568623));
#5060=CARTESIAN_POINT('',(-0.0296850762618375,0.0468237097289466,0.00744954750744077));
#5061=CARTESIAN_POINT('',(-0.0291092323406203,0.0510041289228205,0.00762348294858521));
#5062=CARTESIAN_POINT('',(-0.0285776532402778,0.0530620040556667,0.00777179576682121));
#5063=CARTESIAN_POINT('',(-0.0279027830738234,0.0550596828907865,0.00787587829482582));
#5064=CARTESIAN_POINT('',(-0.029620751085433,0.0424772839908456,0.00723035019848949));
#5065=CARTESIAN_POINT('',(-0.0296255821809709,0.042527698599078,0.00722881299697441));
#5066=CARTESIAN_POINT('',(-0.0296304006035966,0.0425781690505484,0.00722727969071151));
#5067=CARTESIAN_POINT('',(-0.0298317308299094,0.0447419477298488,0.00716317283337281));
#5068=CARTESIAN_POINT('',(-0.0297872364722167,0.0468723434213142,0.00717565337062404));
#5069=CARTESIAN_POINT('',(-0.0292017471205235,0.051080101124093,0.00735239403621404));
#5070=CARTESIAN_POINT('',(-0.0286651105722311,0.0531438545895233,0.00750111969152473));
#5071=CARTESIAN_POINT('',(-0.0279880107586363,0.0551424291350883,0.00760477466719659));
#5072=CARTESIAN_POINT('',(-0.0293257540128944,0.0424019081932322,0.00712287834021286));
#5073=CARTESIAN_POINT('',(-0.0293305650907649,0.0424523922202066,0.00712134730519412));
#5074=CARTESIAN_POINT('',(-0.029335374411983,0.0425028942342092,0.00711981680264436));
#5075=CARTESIAN_POINT('',(-0.02953949816,0.0446569853330764,0.00705484939342337));
#5076=CARTESIAN_POINT('',(-0.029505741533908,0.0467584152531392,0.00706384229489761));
#5077=CARTESIAN_POINT('',(-0.0289410559421305,0.0509288317852758,0.00723458725962037));
#5078=CARTESIAN_POINT('',(-0.0284150020142817,0.0529769327940828,0.0073823835153467));
#5079=CARTESIAN_POINT('',(-0.0277473829432281,0.0549624580733282,0.00748660683476484));
#5080=CARTESIAN_POINT('',(-0.0276950085126636,0.0549104379468429,0.00767248535817054));
#5081=CARTESIAN_POINT('',(-0.0293472608019518,0.0425248074461787,0.00712322726912601));
#5082=CARTESIAN_POINT('',(-0.0294241860646908,0.0425150756666421,0.00715848623909221));
#5083=CARTESIAN_POINT('',(-0.0295174740136517,0.0425086227156564,0.00734251373348448));
#5084=CARTESIAN_POINT('',(-0.0293802730428492,0.0425331470077354,0.00749528062442588));
#5085=CARTESIAN_POINT('',(-0.0292967103310434,0.042546018000713,0.00750541775583649));
#5086=CARTESIAN_POINT('',(-0.0292967103310434,0.042546018000713,0.00750541775583649));
#5087=CARTESIAN_POINT('',(-0.0291190847545373,0.042560558594697,0.00719440605205583));
#5088=CARTESIAN_POINT('',(-0.0290798136473962,0.0425685410957034,0.0072566929888727));
#5089=CARTESIAN_POINT('',(-0.02907401387194,0.0425754799488148,0.00742782706043403));
#5090=CARTESIAN_POINT('',(-0.0292240830615299,0.0425572333506245,0.00751422776065674));
#5091=CARTESIAN_POINT('',(-0.0292967103310434,0.042546018000713,0.00750541775583649));
#5092=CARTESIAN_POINT('',(-0.0275878692860718,0.0548363256080539,0.00752073376060221));
#5093=CARTESIAN_POINT('',(-0.0273453184116384,0.0555614105683422,0.00755910316911199));
#5094=CARTESIAN_POINT('',(-0.0270842804729412,0.0562790455422704,0.00759206388744908));
#5095=CARTESIAN_POINT('',(-0.0268076919542574,0.0569928438663333,0.00761613234895684));
#5096=CARTESIAN_POINT('',(-0.0274413378537534,0.0547124057724836,0.00768470734351779));
#5097=CARTESIAN_POINT('',(-0.0272005913291927,0.0554356077291017,0.00772326612683718));
#5098=CARTESIAN_POINT('',(-0.0269414447473235,0.0561518007282204,0.00775675305950886));
#5099=CARTESIAN_POINT('',(-0.0266659352367985,0.0568648991760244,0.00778120749977846));
#5100=CARTESIAN_POINT('',(-0.0275505606027249,0.054786126640301,0.00786959365617279));
#5101=CARTESIAN_POINT('',(-0.0273080632934723,0.0555120724286119,0.00790809266147797));
#5102=CARTESIAN_POINT('',(-0.0270465756168053,0.0562319798341047,0.00794131539283085));
#5103=CARTESIAN_POINT('',(-0.0267695800156223,0.0569474513668585,0.00796556086159248));
#5104=CARTESIAN_POINT('',(-0.0276986591295894,0.0549011484831299,0.00787223615005879));
#5105=CARTESIAN_POINT('',(-0.0274541156741665,0.0556297321974516,0.00791058837074915));
#5106=CARTESIAN_POINT('',(-0.0271902058384651,0.0563525441167007,0.00794334945246043));
#5107=CARTESIAN_POINT('',(-0.0269117458943512,0.0570697380228301,0.00796724797870446));
#5108=CARTESIAN_POINT('',(-0.0277863456051935,0.054969250848688,0.00787380072318841));
#5109=CARTESIAN_POINT('',(-0.0275405906634038,0.0556993964315826,0.00791206603534687));
#5110=CARTESIAN_POINT('',(-0.0272752467108776,0.0564239280612165,0.00794455378260376));
#5111=CARTESIAN_POINT('',(-0.0269959197556368,0.0571421417536611,0.00796824689041961));
#5112=CARTESIAN_POINT('',(-0.0278702417470531,0.0550392666969719,0.00779530191143935));
#5113=CARTESIAN_POINT('',(-0.0276234334004643,0.055770557524655,0.00783346287408065));
#5114=CARTESIAN_POINT('',(-0.0273569599063823,0.0564960469745156,0.00786565575227196));
#5115=CARTESIAN_POINT('',(-0.0270769810148663,0.0572147541197744,0.00788913181294582));
#5116=CARTESIAN_POINT('',(-0.0278508503065938,0.0550331860504567,0.00764706414018606));
#5117=CARTESIAN_POINT('',(-0.0276045053124048,0.0557634860620884,0.00768520513309711));
#5118=CARTESIAN_POINT('',(-0.0273387974426598,0.0564873240941093,0.00771739680267028));
#5119=CARTESIAN_POINT('',(-0.0270593386189071,0.0572049141570026,0.00774088037633528));
#5120=CARTESIAN_POINT('',(-0.0267631059420552,0.0569313271301135,0.00776719433005761));
#5121=CARTESIAN_POINT('',(-0.0267642197156806,0.0569314815611853,0.00787069890141661));
#5122=CARTESIAN_POINT('',(-0.0269605934221606,0.0569605418313919,0.00806206492596892));
#5123=CARTESIAN_POINT('',(-0.0271164369771359,0.0570714791351464,0.00786174955477176));
#5124=CARTESIAN_POINT('',(-0.0271137794505683,0.0570696080992598,0.00775825435135217));
#5125=CARTESIAN_POINT('',(-0.029160430950641,0.0426122996539031,0.00715515990975652));
#5126=CARTESIAN_POINT('',(-0.0277631265132822,0.0355546524038957,0.00745885880114126));
#5127=CARTESIAN_POINT('',(-0.0291006556196397,0.0426266159128046,0.00721283140776939));
#5128=CARTESIAN_POINT('',(-0.027703351182281,0.0355689686627972,0.00751653029915414));
#5129=CARTESIAN_POINT('',(-0.029063262596657,0.0426425899466159,0.00741200783080619));
#5130=CARTESIAN_POINT('',(-0.0276659581592983,0.0355849426966086,0.00771570672219094));
#5131=CARTESIAN_POINT('',(-0.0293311094669725,0.0425962322101093,0.00756705307524532));
#5132=CARTESIAN_POINT('',(-0.0279338050296137,0.0355385849601019,0.00787075196663007));
#5133=CARTESIAN_POINT('',(-0.0295266399948796,0.0425472059009347,0.00732735933942636));
#5134=CARTESIAN_POINT('',(-0.0281293355575208,0.0354895586509273,0.00763105823081111));
#5135=CARTESIAN_POINT('',(-0.0294274861404275,0.0425592580648124,0.00715123686721163));
#5136=CARTESIAN_POINT('',(-0.0280301817030687,0.035501610814805,0.00745493575859638));
#5137=CARTESIAN_POINT('',(-0.0293512160583139,0.0425729624802481,0.00711879817697807));
#5138=CARTESIAN_POINT('',(-0.0279539116209552,0.0355153152302407,0.00742249706836281));
#5139=CARTESIAN_POINT('',(-0.0279896166477424,0.0355574600894654,0.00743442391114134));
#5140=CARTESIAN_POINT('',(-0.0280626262336587,0.0355416377443416,0.0074814578140501));
#5141=CARTESIAN_POINT('',(-0.0281322859604334,0.0355327539177488,0.0076842446995548));
#5142=CARTESIAN_POINT('',(-0.0279650595498179,0.0355777717257786,0.00781451733676924));
#5143=CARTESIAN_POINT('',(-0.0278802759756487,0.0355982533202091,0.00780491754917509));
#5144=CARTESIAN_POINT('',(-0.0278802759756487,0.0355982533202091,0.00780491754917509));
#5145=CARTESIAN_POINT('',(-0.0277147048536715,0.0356310242691017,0.0076258688022315));
#5146=CARTESIAN_POINT('',(-0.0277236084510399,0.0356323396810846,0.00771400064218329));
#5147=CARTESIAN_POINT('',(-0.0277939869943911,0.0356190779068713,0.00779514860036701));
#5148=CARTESIAN_POINT('',(-0.0278802759756487,0.0355982533202091,0.00780491754917509));
#5149=CARTESIAN_POINT('',(-0.0270202555786185,0.0333804560732513,0.0076549401948122));
#5150=CARTESIAN_POINT('',(-0.027259664112648,0.0341080185020913,0.00764853992753527));
#5151=CARTESIAN_POINT('',(-0.0274865251617634,0.0348376272032178,0.00763137977500885));
#5152=CARTESIAN_POINT('',(-0.0277042492086016,0.0355977306234744,0.00760541586650508));
#5153=CARTESIAN_POINT('',(-0.0277108442978882,0.0356207887376967,0.00760462419075852));
#5154=CARTESIAN_POINT('',(-0.0277174384881947,0.035643861576632,0.00760382987195399));
#5155=CARTESIAN_POINT('',(-0.0270190065202009,0.0333810994216196,0.00779002255557794));
#5156=CARTESIAN_POINT('',(-0.0272588039188908,0.0341098449169276,0.00778361312072449));
#5157=CARTESIAN_POINT('',(-0.0274862227644852,0.0348411965873226,0.00776642710708007));
#5158=CARTESIAN_POINT('',(-0.0277040699851081,0.0356017122229743,0.00774045125093176));
#5159=CARTESIAN_POINT('',(-0.0277106664612934,0.0356247749786142,0.00773965944065843));
#5160=CARTESIAN_POINT('',(-0.0277172607985935,0.0356478483094806,0.00773886510759577));
#5161=CARTESIAN_POINT('',(-0.0271203443162505,0.0333832859149752,0.00785741959057237));
#5162=CARTESIAN_POINT('',(-0.0273603004571802,0.0341138766303881,0.00785067434329392));
#5163=CARTESIAN_POINT('',(-0.0275879228976145,0.0348482003402535,0.00783297403599875));
#5164=CARTESIAN_POINT('',(-0.0278057869814458,0.0356096641607771,0.00780685924795236));
#5165=CARTESIAN_POINT('',(-0.0278123836475056,0.0356327375926846,0.00780606587334893));
#5166=CARTESIAN_POINT('',(-0.02781897800493,0.0356558120550992,0.00780527137448724));
#5167=CARTESIAN_POINT('',(-0.0272215066408765,0.0333851334522147,0.00785673915077588));
#5168=CARTESIAN_POINT('',(-0.0274614258263624,0.0341169632500237,0.00784966532631145));
#5169=CARTESIAN_POINT('',(-0.0276889713386777,0.0348533639968112,0.00783146771696549));
#5170=CARTESIAN_POINT('',(-0.0279067905618551,0.0356155623959525,0.00780522106805228));
#5171=CARTESIAN_POINT('',(-0.0279133867227979,0.0356386440989875,0.00780442620873636));
#5172=CARTESIAN_POINT('',(-0.0279199810266863,0.0356617194380361,0.00780363155251409));
#5173=CARTESIAN_POINT('',(-0.0274437872396118,0.0333891929841133,0.00785524404312659));
#5174=CARTESIAN_POINT('',(-0.0276836252241345,0.0341237453763063,0.00784744824698049));
#5175=CARTESIAN_POINT('',(-0.0279110017048622,0.0348647099269838,0.00782815793244008));
#5176=CARTESIAN_POINT('',(-0.0281287223572226,0.0356285223911989,0.0078016215500462));
#5177=CARTESIAN_POINT('',(-0.0281353174082884,0.0356516222681062,0.00780082342842112));
#5178=CARTESIAN_POINT('',(-0.0281419115945441,0.0356746995333534,0.00780002842643569));
#5179=CARTESIAN_POINT('',(-0.0275711445945906,0.0333903887944033,0.00762523671073827));
#5180=CARTESIAN_POINT('',(-0.0278102771261437,0.0341244681107816,0.00761704969065486));
#5181=CARTESIAN_POINT('',(-0.0280366120779829,0.0348650471026195,0.00759718759212308));
#5182=CARTESIAN_POINT('',(-0.028254068230871,0.0356290696542559,0.00757050823574869));
#5183=CARTESIAN_POINT('',(-0.0282606603037548,0.0356521718966825,0.00756970850428091));
#5184=CARTESIAN_POINT('',(-0.0282672541743611,0.0356752494126445,0.0075689133316727));
#5185=CARTESIAN_POINT('',(-0.0273185209839502,0.0333850632344447,0.00748259342531721));
#5186=CARTESIAN_POINT('',(-0.0275573307407835,0.0341147677062081,0.00747524106359097));
#5187=CARTESIAN_POINT('',(-0.0277832627418849,0.0348482699261304,0.00745665503013499));
#5188=CARTESIAN_POINT('',(-0.0280006998874261,0.0356100078872785,0.00743031946537286));
#5189=CARTESIAN_POINT('',(-0.0280072917462931,0.0356330844059245,0.00742952360489206));
#5190=CARTESIAN_POINT('',(-0.0280138855942163,0.0356561591954939,0.00742872884255908));
#5191=CARTESIAN_POINT('',(-0.0274245569010345,0.0334017958366473,0.00764797378719931));
#5192=CARTESIAN_POINT('',(-0.0274280944194292,0.0333995808400502,0.00775159103237866));
#5193=CARTESIAN_POINT('',(-0.0272689931254927,0.0335013871697185,0.00795374631320263));
#5194=CARTESIAN_POINT('',(-0.0270683456171785,0.0335208237966606,0.00776341743828887));
#5195=CARTESIAN_POINT('',(-0.0270663602515011,0.0335209890528929,0.00765970641538859));
#5196=CARTESIAN_POINT('',(-0.027274269601311,0.0106703810842088,0.00749152331468796));
#5197=CARTESIAN_POINT('',(-0.0276440616932743,0.0138293676250013,0.00747229846701142));
#5198=CARTESIAN_POINT('',(-0.0278569255601951,0.01700882015171,0.0074384837362178));
#5199=CARTESIAN_POINT('',(-0.0279040805904666,0.0233709098744051,0.00743204024372845));
#5200=CARTESIAN_POINT('',(-0.0277385060850168,0.0265526115909447,0.0074636716996335));
#5201=CARTESIAN_POINT('',(-0.0273399231092454,0.0297044617713112,0.00748782032382347));
#5202=CARTESIAN_POINT('',(-0.0270696070074677,0.0106251503455192,0.00765379744704346));
#5203=CARTESIAN_POINT('',(-0.0274410012439316,0.0137778830827624,0.00763485012292767));
#5204=CARTESIAN_POINT('',(-0.0276558055029192,0.0169497040098216,0.00760099459275593));
#5205=CARTESIAN_POINT('',(-0.0277083623115578,0.0232938196249173,0.00759361134931352));
#5206=CARTESIAN_POINT('',(-0.0275463553863452,0.026466230801254,0.0076248604910675));
#5207=CARTESIAN_POINT('',(-0.0271523711857958,0.0296092092969594,0.00764911735793441));
#5208=CARTESIAN_POINT('',(-0.0272009704936706,0.0106554484069882,0.00785099136502957));
#5209=CARTESIAN_POINT('',(-0.0275714756347593,0.0138132234793177,0.00783186158949378));
#5210=CARTESIAN_POINT('',(-0.0277849254828544,0.0169894183690308,0.00779804112542593));
#5211=CARTESIAN_POINT('',(-0.0278340323194239,0.0233409342926987,0.00779125697452804));
#5212=CARTESIAN_POINT('',(-0.0276699339153366,0.0265180526918954,0.00782273281039181));
#5213=CARTESIAN_POINT('',(-0.0272729296056364,0.0296674896455051,0.00784692748837719));
#5214=CARTESIAN_POINT('',(-0.0273947251676927,0.0106989085460426,0.00784965888372579));
#5215=CARTESIAN_POINT('',(-0.0277637839251375,0.0138631237863342,0.00783026419170568));
#5216=CARTESIAN_POINT('',(-0.0279753417321096,0.0170462785136514,0.00779648683962629));
#5217=CARTESIAN_POINT('',(-0.0280193433718412,0.0234127201493661,0.00779059028659564));
#5218=CARTESIAN_POINT('',(-0.027851967787418,0.026597999214099,0.00782241861215007));
#5219=CARTESIAN_POINT('',(-0.0274505752531355,0.029756221185912,0.00784651449915084));
#5220=CARTESIAN_POINT('',(-0.0276170361198736,0.0107487740006123,0.00784813001641509));
#5221=CARTESIAN_POINT('',(-0.0279844353203209,0.0139203785845627,0.00782843136354256));
#5222=CARTESIAN_POINT('',(-0.0281938222301741,0.0171115189160084,0.00779470347745542));
#5223=CARTESIAN_POINT('',(-0.0282319662503367,0.0234950860702369,0.00778982533973792));
#5224=CARTESIAN_POINT('',(-0.028060830482658,0.0266897285494782,0.00782205810621312));
#5225=CARTESIAN_POINT('',(-0.0276544029710765,0.0298580303078644,0.00784604064204976));
#5226=CARTESIAN_POINT('',(-0.0277398367926883,0.0107753264211069,0.00761116516525239));
#5227=CARTESIAN_POINT('',(-0.0281062101769022,0.0139502070280903,0.00759130199607149));
#5228=CARTESIAN_POINT('',(-0.028314483297985,0.0171461693637084,0.00755759447717504));
#5229=CARTESIAN_POINT('',(-0.0283493782101522,0.0235424374278381,0.00755328209912649));
#5230=CARTESIAN_POINT('',(-0.0281760099391814,0.0267432361792216,0.00758575292054763));
#5231=CARTESIAN_POINT('',(-0.0277668547630004,0.0299165071057047,0.00760966713344136));
#5232=CARTESIAN_POINT('',(-0.0274850398185549,0.0107175857022112,0.0074728969223911));
#5233=CARTESIAN_POINT('',(-0.0278532505683386,0.013883519373521,0.00745338413959774));
#5234=CARTESIAN_POINT('',(-0.0280640624458557,0.0170705728422662,0.00741961580079593));
#5235=CARTESIAN_POINT('',(-0.0281056629614142,0.023449134829922,0.00741413808819902));
#5236=CARTESIAN_POINT('',(-0.0279365121655382,0.0266397854706438,0.0074461540551054));
#5237=CARTESIAN_POINT('',(-0.0275331594880461,0.0298011486144917,0.00747019479711928));
#5238=CARTESIAN_POINT('',(-0.027393595178014,0.0106978145035689,0.00764966506833544));
#5239=CARTESIAN_POINT('',(-0.0274494214186505,0.0297576003929782,0.0076465225831796));
#5240=CARTESIAN_POINT('',(-0.026903415313193,0.00837490936814681,0.00765381083984066));
#5241=CARTESIAN_POINT('',(-0.0270106588996164,0.00913374482714891,0.00765250851130833));
#5242=CARTESIAN_POINT('',(-0.0271092130223312,0.0098929417715344,0.00764907988103846));
#5243=CARTESIAN_POINT('',(-0.0271985159492191,0.0106540297858471,0.00764446959080083));
#5244=CARTESIAN_POINT('',(-0.0268997080003519,0.00837412109164493,0.00779075196686084));
#5245=CARTESIAN_POINT('',(-0.0270069896091933,0.0091331570979349,0.00778945166876356));
#5246=CARTESIAN_POINT('',(-0.0271055959035098,0.00989262694224502,0.00778602545280389));
#5247=CARTESIAN_POINT('',(-0.0271949205537106,0.0106537987838712,0.00778141587429186));
#5248=CARTESIAN_POINT('',(-0.0270000225606165,0.00839389904953932,0.00785985503187866));
#5249=CARTESIAN_POINT('',(-0.0271071826524015,0.00915373780014827,0.00785849704763509));
#5250=CARTESIAN_POINT('',(-0.0272055868744308,0.00991445230970327,0.00785498922186837));
#5251=CARTESIAN_POINT('',(-0.0272947396383023,0.0106764812934735,0.00785034649990452));
#5252=CARTESIAN_POINT('',(-0.0271005514398046,0.00841374794255931,0.00785933961517849));
#5253=CARTESIAN_POINT('',(-0.027207572984672,0.00917427601466096,0.00785792387228992));
#5254=CARTESIAN_POINT('',(-0.0273057523448995,0.00993607835660859,0.00785433456330642));
#5255=CARTESIAN_POINT('',(-0.0273947251676927,0.0106989085460426,0.0078496588837258));
#5256=CARTESIAN_POINT('',(-0.0273093028496578,0.00845496479920206,0.0078582693360339));
#5257=CARTESIAN_POINT('',(-0.0274160366974515,0.00921692426927218,0.00785673365548491));
#5258=CARTESIAN_POINT('',(-0.0275137491250073,0.0099809855297264,0.00785297514401433));
#5259=CARTESIAN_POINT('',(-0.0276023482944375,0.010745479448163,0.00784823102689593));
#5260=CARTESIAN_POINT('',(-0.0274369876558635,0.00848026463278813,0.00764075919227428));
#5261=CARTESIAN_POINT('',(-0.0275434934036748,0.00924274174573011,0.00763915030843715));
#5262=CARTESIAN_POINT('',(-0.0276408507321731,0.0100076889429253,0.0076352892380794));
#5263=CARTESIAN_POINT('',(-0.0277291974576543,0.0107730209365191,0.00763050405821828));
#5264=CARTESIAN_POINT('',(-0.0272046773304883,0.00843445846132318,0.00749048002025798));
#5265=CARTESIAN_POINT('',(-0.0273114668336846,0.00919509265649203,0.00748900471997927));
#5266=CARTESIAN_POINT('',(-0.0274092952498246,0.00995717972645466,0.0074853326010689));
#5267=CARTESIAN_POINT('',(-0.0274980411073264,0.0107205348083368,0.0074806241395598));
#5268=CARTESIAN_POINT('',(-0.0272976464678557,0.00846631366492467,0.00765409144460975));
#5269=CARTESIAN_POINT('',(-0.0273001077371125,0.00846532710405018,0.00775788164207683));
#5270=CARTESIAN_POINT('',(-0.0271220845022091,0.00853753511405704,0.00795754984895765));
#5271=CARTESIAN_POINT('',(-0.0269240440054601,0.0085201321740626,0.00776346659816703));
#5272=CARTESIAN_POINT('',(-0.0269237569428295,0.00852010469079945,0.00765961245640286));
#5273=CARTESIAN_POINT('',(-0.0273381369243092,0.0297035544180758,0.00748937681035686));
#5274=CARTESIAN_POINT('',(-0.02724208376514,0.0304631712120216,0.0074951971934187));
#5275=CARTESIAN_POINT('',(-0.0271327397420456,0.0312204869122639,0.00750013831977332));
#5276=CARTESIAN_POINT('',(-0.0270086457818333,0.0319763275608307,0.00750215871119523));
#5277=CARTESIAN_POINT('',(-0.0271540729502923,0.0296100321736658,0.0076518881314723));
#5278=CARTESIAN_POINT('',(-0.0270591073279572,0.0303675530857967,0.00765773414216558));
#5279=CARTESIAN_POINT('',(-0.0269513673288239,0.0311222100814176,0.00766286591112421));
#5280=CARTESIAN_POINT('',(-0.0268283189539762,0.0318763892632768,0.00766503442499414));
#5281=CARTESIAN_POINT('',(-0.0272747839696992,0.0296684158746702,0.00784692317736597));
#5282=CARTESIAN_POINT('',(-0.0271790896950185,0.0304274935021548,0.007852754162881));
#5283=CARTESIAN_POINT('',(-0.0270701773841565,0.0311847732150102,0.0078577671107678));
#5284=CARTESIAN_POINT('',(-0.0269463441067741,0.0319407042723809,0.00785984184683365));
#5285=CARTESIAN_POINT('',(-0.0274505752531355,0.029756221185912,0.00784651449915084));
#5286=CARTESIAN_POINT('',(-0.0273538343989181,0.0305173940161622,0.00785232192328678));
#5287=CARTESIAN_POINT('',(-0.0272433283745286,0.0312776641329274,0.00785715598120833));
#5288=CARTESIAN_POINT('',(-0.0271184455935209,0.0320355218846749,0.00785909097784905));
#5289=CARTESIAN_POINT('',(-0.0275463750527457,0.0298040718589218,0.00784629178451818));
#5290=CARTESIAN_POINT('',(-0.0274490638510804,0.0305663864978052,0.007852086368567));
#5291=CARTESIAN_POINT('',(-0.0273376893112924,0.0313282862749819,0.00785682293802104));
#5292=CARTESIAN_POINT('',(-0.0272122345893156,0.0320871940044736,0.00785868178180216));
#5293=CARTESIAN_POINT('',(-0.0276401514557118,0.0298516473732507,0.00777085329424003));
#5294=CARTESIAN_POINT('',(-0.0275422858022929,0.0306150342610234,0.0077766348650555));
#5295=CARTESIAN_POINT('',(-0.0274300911124348,0.0313783100321649,0.00778127445778777));
#5296=CARTESIAN_POINT('',(-0.027304101268775,0.0321380803960814,0.00778305791857517));
#5297=CARTESIAN_POINT('',(-0.0276274765130391,0.0298467165496786,0.00762768926224978));
#5298=CARTESIAN_POINT('',(-0.0275296936481156,0.03060986586014,0.00763347168601953));
#5299=CARTESIAN_POINT('',(-0.0274176710186713,0.0313725086483164,0.00763812123156486));
#5300=CARTESIAN_POINT('',(-0.0272918039414735,0.0321318256737359,0.0076399131715394));
#5301=CARTESIAN_POINT('',(-0.0269445206126367,0.031925672150637,0.00765979479969804));
#5302=CARTESIAN_POINT('',(-0.0269450021503174,0.031925638675775,0.00776350186227199));
#5303=CARTESIAN_POINT('',(-0.0271419986344199,0.0319132941175216,0.00795731960607381));
#5304=CARTESIAN_POINT('',(-0.0273187552108413,0.0319899865294913,0.00775704171275909));
#5305=CARTESIAN_POINT('',(-0.027316157033815,0.0319888687484983,0.00765333335238526));
#5306=CARTESIAN_POINT('',(-0.0278539020439092,-0.0144533170994174,0.00744154203919611));
#5307=CARTESIAN_POINT('',(-0.0283050802514889,-0.012910488479228,0.00738271005224162));
#5308=CARTESIAN_POINT('',(-0.0286233615042102,-0.0113394115041059,0.00730230311535809));
#5309=CARTESIAN_POINT('',(-0.0289795848776489,-0.00813288597188511,0.00720779406016383));
#5310=CARTESIAN_POINT('',(-0.029013604889097,-0.00649680252239383,0.00719601893161329));
#5311=CARTESIAN_POINT('',(-0.0287626490306894,-0.00165175153803452,0.00726729928736607));
#5312=CARTESIAN_POINT('',(-0.0281298566600166,0.00154178562661573,0.00742880143196763));
#5313=CARTESIAN_POINT('',(-0.0274819346753657,0.00472050033656699,0.00748085410242294));
#5314=CARTESIAN_POINT('',(-0.0276532477785127,-0.0144584247162421,0.00760734988920178));
#5315=CARTESIAN_POINT('',(-0.0281054786676148,-0.0129254533682499,0.00754948816914499));
#5316=CARTESIAN_POINT('',(-0.0284250832423664,-0.0113664250610114,0.00746946354079028));
#5317=CARTESIAN_POINT('',(-0.028786270663791,-0.00818815918721251,0.00737380938485316));
#5318=CARTESIAN_POINT('',(-0.0288237686671669,-0.00656509667091154,0.00736099978636753));
#5319=CARTESIAN_POINT('',(-0.0285843171364821,-0.00175349166453179,0.00742912503915427));
#5320=CARTESIAN_POINT('',(-0.0279573691050821,0.00143279198976772,0.00759053714294017));
#5321=CARTESIAN_POINT('',(-0.0273090870288081,0.00461423823073535,0.00764398754791673));
#5322=CARTESIAN_POINT('',(-0.0277890075041971,-0.0144445095483709,0.00779796524806395));
#5323=CARTESIAN_POINT('',(-0.0282413379036479,-0.0129023017811671,0.00773935838437161));
#5324=CARTESIAN_POINT('',(-0.0285595842864285,-0.0113360256234064,0.00765913415001701));
#5325=CARTESIAN_POINT('',(-0.028916578107518,-0.00814748354469761,0.00756447940976458));
#5326=CARTESIAN_POINT('',(-0.0289517121796257,-0.00652057419814652,0.00755237672163981));
#5327=CARTESIAN_POINT('',(-0.0287052750801756,-0.00169834312489438,0.00762241201690813));
#5328=CARTESIAN_POINT('',(-0.0280747874270089,0.00149442321045909,0.00778390700509613));
#5329=CARTESIAN_POINT('',(-0.0274255302375849,0.00468001541848685,0.00783653076579319));
#5330=CARTESIAN_POINT('',(-0.0279830986530618,-0.0144341159306468,0.00779544590799698));
#5331=CARTESIAN_POINT('',(-0.0284348340060619,-0.0128810349235642,0.00773585428224267));
#5332=CARTESIAN_POINT('',(-0.0287515590412615,-0.0113035755493076,0.00765529103441639));
#5333=CARTESIAN_POINT('',(-0.0291033158516765,-0.00809230892832957,0.00756186106626468));
#5334=CARTESIAN_POINT('',(-0.029135080075461,-0.0064553919936138,0.00755076266318182));
#5335=CARTESIAN_POINT('',(-0.0288779310259462,-0.0016070667179865,0.00762373273835061));
#5336=CARTESIAN_POINT('',(-0.0282420063323991,0.00159353704062998,0.00778532627332023));
#5337=CARTESIAN_POINT('',(-0.0275924620586714,0.00477961209924391,0.00783666008059608));
#5338=CARTESIAN_POINT('',(-0.0282328018570359,-0.0144207442768553,0.00779220471286623));
#5339=CARTESIAN_POINT('',(-0.0286837716676291,-0.0128536745698698,0.00773134616565019));
#5340=CARTESIAN_POINT('',(-0.028998539450437,-0.0112618277029011,0.00765034676836237));
#5341=CARTESIAN_POINT('',(-0.0293435587133012,-0.00802132537979721,0.00755849250069713));
#5342=CARTESIAN_POINT('',(-0.0293709875414317,-0.00637153342814536,0.00754868613588669));
#5343=CARTESIAN_POINT('',(-0.0291000572954658,-0.00148963729688485,0.00762543188010783));
#5344=CARTESIAN_POINT('',(-0.028457137711059,0.00172104950627601,0.0077871521980207));
#5345=CARTESIAN_POINT('',(-0.0278072240960664,0.00490774576446093,0.00783682644738195));
#5346=CARTESIAN_POINT('',(-0.0283480854991836,-0.0144236594447037,0.00752759422030296));
#5347=CARTESIAN_POINT('',(-0.0287979965185255,-0.0128523620855738,0.00746622781103647));
#5348=CARTESIAN_POINT('',(-0.0291122628627492,-0.0112530871519641,0.00738497573288792));
#5349=CARTESIAN_POINT('',(-0.0294548970811873,-0.00799140241401215,0.00729365372480568));
#5350=CARTESIAN_POINT('',(-0.0294803336934349,-0.00633135378586445,0.00728443778629652));
#5351=CARTESIAN_POINT('',(-0.0292023474144452,-0.00142352868026356,0.00736312190241813));
#5352=CARTESIAN_POINT('',(-0.0285558381712501,0.00179044465311773,0.00752488166829966));
#5353=CARTESIAN_POINT('',(-0.0279068130562204,0.00497221920490137,0.00757368628773652));
#5354=CARTESIAN_POINT('',(-0.0280555772558644,-0.0144435140723129,0.00741006943983596));
#5355=CARTESIAN_POINT('',(-0.0285060598120015,-0.012889631975014,0.00735022266169512));
#5356=CARTESIAN_POINT('',(-0.0288228043777606,-0.0113068486468002,0.00726945783658178));
#5357=CARTESIAN_POINT('',(-0.0291736656758072,-0.00807586785117505,0.00717620000270076));
#5358=CARTESIAN_POINT('',(-0.0292041851895581,-0.00642891283200969,0.00716546773401656));
#5359=CARTESIAN_POINT('',(-0.0289420227612778,-0.00155560421047522,0.00723981895357099));
#5360=CARTESIAN_POINT('',(-0.0283035413930719,0.00164592652911263,0.00740142140260179));
#5361=CARTESIAN_POINT('',(-0.0276554372452764,0.00482457175826286,0.00745212237103274));
#5362=CARTESIAN_POINT('',(-0.0279808804911016,-0.0144411395294753,0.00759558158197302));
#5363=CARTESIAN_POINT('',(-0.0275908863209591,0.0047825128003632,0.00763668732499253));
#5364=CARTESIAN_POINT('',(-0.0270520771462919,-0.0166214992686588,0.00765491138604854));
#5365=CARTESIAN_POINT('',(-0.0273227198770296,-0.0159052725101489,0.00764656305335813));
#5366=CARTESIAN_POINT('',(-0.02756691496577,-0.0151822003008365,0.00762473726224336));
#5367=CARTESIAN_POINT('',(-0.0277811737862754,-0.0144518746970076,0.0075969916264914));
#5368=CARTESIAN_POINT('',(-0.0270515132660506,-0.0166204058515233,0.00778889278103092));
#5369=CARTESIAN_POINT('',(-0.0273226365583497,-0.0159028951339928,0.00778052924331388));
#5370=CARTESIAN_POINT('',(-0.0275674405392526,-0.0151780941100575,0.00775866593210757));
#5371=CARTESIAN_POINT('',(-0.02778186859585,-0.0144472116421518,0.00773090002671912));
#5372=CARTESIAN_POINT('',(-0.0271519181118218,-0.0166227777489804,0.0078559214257534));
#5373=CARTESIAN_POINT('',(-0.0274233246207286,-0.0159024532581573,0.00784717840838023));
#5374=CARTESIAN_POINT('',(-0.0276684398856561,-0.0151733206098507,0.00782476581138864));
#5375=CARTESIAN_POINT('',(-0.0278828065688187,-0.0144394865907231,0.00779674771834594));
#5376=CARTESIAN_POINT('',(-0.0272523079957743,-0.0166256893459131,0.00785576057863977));
#5377=CARTESIAN_POINT('',(-0.027523756600915,-0.0159032013874529,0.00784664680633912));
#5378=CARTESIAN_POINT('',(-0.0277688777806341,-0.0151706143385724,0.00782370530804992));
#5379=CARTESIAN_POINT('',(-0.0279830986530618,-0.0144341159306468,0.00779544590799698));
#5380=CARTESIAN_POINT('',(-0.0274772240523121,-0.0166322125619439,0.00785540021266384));
#5381=CARTESIAN_POINT('',(-0.0277487669709289,-0.0159048775154085,0.00784545579156723));
#5382=CARTESIAN_POINT('',(-0.027993901402298,-0.0151645511393745,0.00782132932932077));
#5383=CARTESIAN_POINT('',(-0.0282077955966363,-0.0144220833668284,0.00779252929888738));
#5384=CARTESIAN_POINT('',(-0.0276048573734973,-0.0166377839080289,0.00762262680845346));
#5385=CARTESIAN_POINT('',(-0.0278756192230924,-0.0159099481233418,0.00761224102671946));
#5386=CARTESIAN_POINT('',(-0.0281197041763894,-0.0151682645331034,0.00758751241763864));
#5387=CARTESIAN_POINT('',(-0.0283331206450309,-0.0144234019254816,0.00755844313282066));
#5388=CARTESIAN_POINT('',(-0.027348756912002,-0.0166314996548905,0.00748080459906911));
#5389=CARTESIAN_POINT('',(-0.0276189009606016,-0.0159105589429162,0.00747138298710882));
#5390=CARTESIAN_POINT('',(-0.0278623243949571,-0.0151795436233006,0.00744804662092052));
#5391=CARTESIAN_POINT('',(-0.0280759340451714,-0.01444208507672,0.00741961588134047));
#5392=CARTESIAN_POINT('',(-0.0274567458337096,-0.0166194561756327,0.00764607929716144));
#5393=CARTESIAN_POINT('',(-0.0274604632993254,-0.0166220413504642,0.00774974822233522));
#5394=CARTESIAN_POINT('',(-0.0273067846590323,-0.0165126523588812,0.00795227384459587));
#5395=CARTESIAN_POINT('',(-0.0271064301094301,-0.0164833615645898,0.00776304228972694));
#5396=CARTESIAN_POINT('',(-0.0271040806756966,-0.0164830532811034,0.00765927777942294));
#5397=CARTESIAN_POINT('',(-0.0274813004483115,0.00472011037385755,0.00748145564754788));
#5398=CARTESIAN_POINT('',(-0.0273279539240106,0.00547243149740517,0.00749377636901838));
#5399=CARTESIAN_POINT('',(-0.0271740113698229,0.00622327687028564,0.00750123466462292));
#5400=CARTESIAN_POINT('',(-0.0270246438401069,0.00697561941771423,0.00750408486429677));
#5401=CARTESIAN_POINT('',(-0.0273097076228562,0.00461458885105879,0.00764501085101365));
#5402=CARTESIAN_POINT('',(-0.0271562749625643,0.0053675592868007,0.00765766012267577));
#5403=CARTESIAN_POINT('',(-0.02700175581383,0.00611993471158172,0.00766548114419744));
#5404=CARTESIAN_POINT('',(-0.0268519234343689,0.00687341998024156,0.00766855746849809));
#5405=CARTESIAN_POINT('',(-0.0274261829900392,0.00468040487076371,0.00783653127145206));
#5406=CARTESIAN_POINT('',(-0.0272725205074951,0.00543435177931094,0.00784898474716665));
#5407=CARTESIAN_POINT('',(-0.0271180748635283,0.00618725481875993,0.00785657441187866));
#5408=CARTESIAN_POINT('',(-0.0269683588782634,0.0069409535109839,0.00785950372103858));
#5409=CARTESIAN_POINT('',(-0.0275924620586715,0.00477961209924392,0.00783666008059608));
#5410=CARTESIAN_POINT('',(-0.0274387318964582,0.00553367283905087,0.00784880945183794));
#5411=CARTESIAN_POINT('',(-0.0272846783289244,0.00628591435232508,0.00785605541299496));
#5412=CARTESIAN_POINT('',(-0.0271353083904231,0.0070390242821045,0.00785876899520676));
#5413=CARTESIAN_POINT('',(-0.0276855063811357,0.00483512521603866,0.00783673215797558));
#5414=CARTESIAN_POINT('',(-0.0275317383475956,0.00558924965209147,0.00784871136231156));
#5415=CARTESIAN_POINT('',(-0.0273779041731963,0.0063411209969781,0.0078557649982128));
#5416=CARTESIAN_POINT('',(-0.0272287278711336,0.00709390147457092,0.0078583578666878));
#5417=CARTESIAN_POINT('',(-0.0277761114514231,0.00489065742440697,0.00776003700939097));
#5418=CARTESIAN_POINT('',(-0.0276223796891144,0.00564448428708006,0.00777184360112108));
#5419=CARTESIAN_POINT('',(-0.02746883981426,0.00639559776691504,0.00777870618384694));
#5420=CARTESIAN_POINT('',(-0.0273199026014948,0.00714780646118318,0.00778117986006739));
#5421=CARTESIAN_POINT('',(-0.0277614657066401,0.00488470037774943,0.00761523103899935));
#5422=CARTESIAN_POINT('',(-0.0276078778803712,0.00563783893788524,0.00762705138844828));
#5423=CARTESIAN_POINT('',(-0.0274544556087055,0.00638826110749532,0.00763393713352283));
#5424=CARTESIAN_POINT('',(-0.0273055832245272,0.00714004828408571,0.00763642671151297));
#5425=CARTESIAN_POINT('',(-0.0269644929797447,0.00692453446183781,0.00765991594962987));
#5426=CARTESIAN_POINT('',(-0.0269652334769575,0.00692450156335623,0.00776369211703654));
#5427=CARTESIAN_POINT('',(-0.0271634514204892,0.0069172703477966,0.00795672254006778));
#5428=CARTESIAN_POINT('',(-0.0273378060816436,0.00699855908620164,0.00775627835130192));
#5429=CARTESIAN_POINT('',(-0.0273350574846905,0.00699729137062732,0.00765251202748025));
#5430=CARTESIAN_POINT('',(-0.027026274726145,-0.0416203834534487,0.00765494480712168));
#5431=CARTESIAN_POINT('',(-0.0272718075654618,-0.0408951164126332,0.00764822614951705));
#5432=CARTESIAN_POINT('',(-0.0275029956396437,-0.04016583447534,0.00762979002081102));
#5433=CARTESIAN_POINT('',(-0.0277178097927517,-0.0394307871015163,0.00760384142657121));
#5434=CARTESIAN_POINT('',(-0.0270251564164304,-0.0416191691189187,0.00778954362917394));
#5435=CARTESIAN_POINT('',(-0.0272711248479437,-0.0408926261919095,0.00778281720400611));
#5436=CARTESIAN_POINT('',(-0.0275026456492857,-0.0401622885801209,0.00776435418972418));
#5437=CARTESIAN_POINT('',(-0.0277176946364231,-0.0394264616018664,0.0077383807318502));
#5438=CARTESIAN_POINT('',(-0.0271260288528559,-0.0416173977038148,0.00785690327969743));
#5439=CARTESIAN_POINT('',(-0.0273722003846913,-0.0408889008107302,0.00784982125904321));
#5440=CARTESIAN_POINT('',(-0.0276038441544312,-0.0401566157557921,0.00783103409399992));
#5441=CARTESIAN_POINT('',(-0.027818925389481,-0.0394188550996496,0.00780478999609092));
#5442=CARTESIAN_POINT('',(-0.0272268830055007,-0.0416162436165623,0.00785657570490265));
#5443=CARTESIAN_POINT('',(-0.0274730386717492,-0.0408864419071305,0.007849144008322));
#5444=CARTESIAN_POINT('',(-0.0277046383369069,-0.0401527484119719,0.00783004799138782));
#5445=CARTESIAN_POINT('',(-0.0279196342143993,-0.0394134549625135,0.00780354723498125));
#5446=CARTESIAN_POINT('',(-0.0274506139151058,-0.0416136834345173,0.00785584902578355));
#5447=CARTESIAN_POINT('',(-0.0276967343857563,-0.0408809871715089,0.00784764162179735));
#5448=CARTESIAN_POINT('',(-0.0279282362110331,-0.0401441692476243,0.00782786045990217));
#5449=CARTESIAN_POINT('',(-0.0281430427346569,-0.0394014755093945,0.00780079034231796));
#5450=CARTESIAN_POINT('',(-0.0275783634315102,-0.0416143270907393,0.0076244958413985));
#5451=CARTESIAN_POINT('',(-0.0278237167189253,-0.0408821920370057,0.00761586549168444));
#5452=CARTESIAN_POINT('',(-0.0280545926242703,-0.0401454281970823,0.00759574512084541));
#5453=CARTESIAN_POINT('',(-0.0282688897235798,-0.0394021597129655,0.00756839744418024));
#5454=CARTESIAN_POINT('',(-0.0273239581225354,-0.0416185443045287,0.00748207418707777));
#5455=CARTESIAN_POINT('',(-0.027568888022954,-0.040891073967234,0.00747433829087122));
#5456=CARTESIAN_POINT('',(-0.027799521585583,-0.0401590030900521,0.00745502925990969));
#5457=CARTESIAN_POINT('',(-0.0280137850763576,-0.0394204488998631,0.00742835849704689));
#5458=CARTESIAN_POINT('',(-0.0274306798293963,-0.0416020767036407,0.00764762411480112));
#5459=CARTESIAN_POINT('',(-0.027434153267039,-0.0416042956151551,0.0077512210374027));
#5460=CARTESIAN_POINT('',(-0.0272761828170381,-0.0415011574991359,0.0079535356539725));
#5461=CARTESIAN_POINT('',(-0.0270756764065075,-0.0414798388926291,0.00776332766702879));
#5462=CARTESIAN_POINT('',(-0.0270737421115147,-0.0414796598315443,0.00765963746463717));
#5463=CARTESIAN_POINT('',(-0.0279175188564408,-0.039420004754701,0.0076036657063624));
#5464=CARTESIAN_POINT('',(-0.0277838258812661,-0.0394320002811904,0.00745540142970353));
#5465=CARTESIAN_POINT('',(-0.0286973635059155,-0.036300876177704,0.00734428988523649));
#5466=CARTESIAN_POINT('',(-0.0293099373901437,-0.033054863284873,0.00710495561298277));
#5467=CARTESIAN_POINT('',(-0.0293786387312436,-0.0281963960597483,0.00708055745778117));
#5468=CARTESIAN_POINT('',(-0.0292590256156203,-0.0265695158564268,0.00712726255979123));
#5469=CARTESIAN_POINT('',(-0.0287302335015234,-0.0233310944296726,0.00728302780451692));
#5470=CARTESIAN_POINT('',(-0.0283271164925674,-0.0217519896498579,0.00738495135009649));
#5471=CARTESIAN_POINT('',(-0.0278454712272263,-0.020193978923018,0.00744756872492301));
#5472=CARTESIAN_POINT('',(-0.0275966771816823,-0.0394366642627936,0.00762453464187973));
#5473=CARTESIAN_POINT('',(-0.0285121299877879,-0.0363135449753833,0.00751532153829218));
#5474=CARTESIAN_POINT('',(-0.0291254217439246,-0.0330859097135712,0.00727674374817711));
#5475=CARTESIAN_POINT('',(-0.0292045721296644,-0.0282702037618586,0.00724825609521856));
#5476=CARTESIAN_POINT('',(-0.0290897860217334,-0.026656536733533,0.00729339505579265));
#5477=CARTESIAN_POINT('',(-0.0285721293455816,-0.0234408873773401,0.00744662264373555));
#5478=CARTESIAN_POINT('',(-0.0281740285095935,-0.0218682648569124,0.00754838644886889));
#5479=CARTESIAN_POINT('',(-0.0276952299134293,-0.0203126061263379,0.00761190851378251));
#5480=CARTESIAN_POINT('',(-0.0277324854802216,-0.039423490119117,0.00780585667676799));
#5481=CARTESIAN_POINT('',(-0.0286488078730909,-0.036287041278998,0.00769502378912319));
#5482=CARTESIAN_POINT('',(-0.0292595617139712,-0.0330492546470816,0.00745628409125147));
#5483=CARTESIAN_POINT('',(-0.0293310556652863,-0.0282232969973876,0.00743078276324142));
#5484=CARTESIAN_POINT('',(-0.0292134332227687,-0.0266055845084274,0.00747682561006077));
#5485=CARTESIAN_POINT('',(-0.0286889271095984,-0.0233801150299203,0.0076315456805646));
#5486=CARTESIAN_POINT('',(-0.0282872422115534,-0.0218015148752691,0.00773352143120909));
#5487=CARTESIAN_POINT('',(-0.0278049706627616,-0.0202394950364515,0.00779658896434887));
#5488=CARTESIAN_POINT('',(-0.0279196342143993,-0.0394134549625135,0.00780354723498125));
#5489=CARTESIAN_POINT('',(-0.0288352810546016,-0.0362648750042632,0.00769068305288775));
#5490=CARTESIAN_POINT('',(-0.0294442103898056,-0.0330104580735315,0.00745139923090833));
#5491=CARTESIAN_POINT('',(-0.0295052147647793,-0.0281531396844069,0.00742999765963835));
#5492=CARTESIAN_POINT('',(-0.0293831309858048,-0.0265252552113486,0.00747747902093152));
#5493=CARTESIAN_POINT('',(-0.0288481649545425,-0.0232806923649152,0.00763454525539953));
#5494=CARTESIAN_POINT('',(-0.0284414946223019,-0.0216949111496532,0.00773673343242071));
#5495=CARTESIAN_POINT('',(-0.0279556043252856,-0.0201279856692567,0.00779900709092133));
#5496=CARTESIAN_POINT('',(-0.0281770498073181,-0.0393996520062793,0.00780037069024286));
#5497=CARTESIAN_POINT('',(-0.0290917674518671,-0.0362343861806078,0.00768471254394114));
#5498=CARTESIAN_POINT('',(-0.0296981872525425,-0.0329570949395114,0.00744468030103107));
#5499=CARTESIAN_POINT('',(-0.0297447636351214,-0.0280566411085661,0.00742891778105742));
#5500=CARTESIAN_POINT('',(-0.029616543466423,-0.0264147654785318,0.00747837776143036));
#5501=CARTESIAN_POINT('',(-0.0290671902365008,-0.0231439404687598,0.00763867105052196));
#5502=CARTESIAN_POINT('',(-0.0286536626390746,-0.0215482819920619,0.00774115141152155));
#5503=CARTESIAN_POINT('',(-0.0281627948987221,-0.0199746089980299,0.00780233312723216));
#5504=CARTESIAN_POINT('',(-0.0282885817940737,-0.0394024337601831,0.00752684704387821));
#5505=CARTESIAN_POINT('',(-0.0292008745765608,-0.0362366697729282,0.00741019506962081));
#5506=CARTESIAN_POINT('',(-0.0298080123585179,-0.0329466171343933,0.00716949212428495));
#5507=CARTESIAN_POINT('',(-0.0298484035569932,-0.0280088755263797,0.00715615613492793));
#5508=CARTESIAN_POINT('',(-0.0297169281004507,-0.0263559766261441,0.00720668160756589));
#5509=CARTESIAN_POINT('',(-0.0291602392333902,-0.02306777160913,0.00736868549362132));
#5510=CARTESIAN_POINT('',(-0.0287436904007615,-0.0214689735371155,0.00747120650198414));
#5511=CARTESIAN_POINT('',(-0.0282519255810311,-0.0198965428857912,0.00753173432653986));
#5512=CARTESIAN_POINT('',(-0.0279865712151811,-0.0394223175439718,0.0074159786722919));
#5513=CARTESIAN_POINT('',(-0.0288991026376407,-0.0362789645575172,0.00730269595197787));
#5514=CARTESIAN_POINT('',(-0.0295099448817794,-0.0330145487160489,0.00706272521104957));
#5515=CARTESIAN_POINT('',(-0.029567291436212,-0.0281195840829911,0.00704276620776861));
#5516=CARTESIAN_POINT('',(-0.0294427642560524,-0.0264810111167301,0.00709105795317039));
#5517=CARTESIAN_POINT('',(-0.0289024910111812,-0.0232210909607679,0.00724940726706894));
#5518=CARTESIAN_POINT('',(-0.0284939662887527,-0.02163436132111,0.00735154928195628));
#5519=CARTESIAN_POINT('',(-0.0280085715696527,-0.0200716012899882,0.00741328209690676));
#5520=CARTESIAN_POINT('',(-0.027953431575786,-0.0201207166257933,0.00759915104230949));
#5521=CARTESIAN_POINT('',(-0.0278440731150575,-0.0201950836757533,0.00744911681638971));
#5522=CARTESIAN_POINT('',(-0.0276181018335054,-0.0194640890488962,0.00747850028717903));
#5523=CARTESIAN_POINT('',(-0.0273763608030163,-0.0187402195877919,0.00749928254301289));
#5524=CARTESIAN_POINT('',(-0.0271257398447683,-0.0180172888894455,0.00750751399460517));
#5525=CARTESIAN_POINT('',(-0.027696676260337,-0.0203116418555561,0.00761432699411501));
#5526=CARTESIAN_POINT('',(-0.0274720067792039,-0.0195817014048583,0.00764412816576186));
#5527=CARTESIAN_POINT('',(-0.027231019361911,-0.0188575525655174,0.00766576403895258));
#5528=CARTESIAN_POINT('',(-0.0269806584626886,-0.0181341058711255,0.00767458105613796));
#5529=CARTESIAN_POINT('',(-0.0278063885657989,-0.020238445407386,0.00779661172598763));
#5530=CARTESIAN_POINT('',(-0.0275800950667845,-0.0195055379403355,0.00782619894492212));
#5531=CARTESIAN_POINT('',(-0.0273372383638317,-0.018777659934254,0.00784729932414717));
#5532=CARTESIAN_POINT('',(-0.0270857645129371,-0.0180518982352093,0.00785572640384186));
#5533=CARTESIAN_POINT('',(-0.0279556043252856,-0.0201279856692567,0.00779900709092133));
#5534=CARTESIAN_POINT('',(-0.0277276289238779,-0.0193927981844207,0.00782822533705836));
#5535=CARTESIAN_POINT('',(-0.0274832822020377,-0.0186630149745064,0.00784851707361989));
#5536=CARTESIAN_POINT('',(-0.0272310341422393,-0.017936275642621,0.0078563768804765));
#5537=CARTESIAN_POINT('',(-0.0280456248676216,-0.0200613462903674,0.00780045219330975));
#5538=CARTESIAN_POINT('',(-0.0278166347894388,-0.019324783291053,0.00782944784143535));
#5539=CARTESIAN_POINT('',(-0.0275713891524385,-0.0185938506885888,0.0078492517310605));
#5540=CARTESIAN_POINT('',(-0.0273186740192852,-0.0178665215594942,0.00785676930725252));
#5541=CARTESIAN_POINT('',(-0.0281321443033186,-0.0199936881034528,0.00772057149064925));
#5542=CARTESIAN_POINT('',(-0.0279023534069053,-0.0192563841050255,0.00774932738518882));
#5543=CARTESIAN_POINT('',(-0.0276565921422372,-0.01852539500769,0.00776863580953221));
#5544=CARTESIAN_POINT('',(-0.0274036728719969,-0.0177982176066237,0.00777581224021768));
#5545=CARTESIAN_POINT('',(-0.0281119388422927,-0.0200020197030344,0.00757110666690011));
#5546=CARTESIAN_POINT('',(-0.0278826957326904,-0.0192660906898338,0.0075998651542991));
#5547=CARTESIAN_POINT('',(-0.0276377754584095,-0.0185372831548256,0.00761923427824577));
#5548=CARTESIAN_POINT('',(-0.0273854102112138,-0.0178115568375791,0.00762646508947672));
#5549=CARTESIAN_POINT('',(-0.0270788458123089,-0.0180723589992032,0.0076595855444072));
#5550=CARTESIAN_POINT('',(-0.0270807392775183,-0.0180721714714489,0.00776318379594375));
#5551=CARTESIAN_POINT('',(-0.0272797633104204,-0.018050024907127,0.00795328711732541));
#5552=CARTESIAN_POINT('',(-0.0274381793474809,-0.0179455929662053,0.007750957529101));
#5553=CARTESIAN_POINT('',(-0.0274348287788127,-0.0179477625936189,0.00764738431851139));
#5554=CARTESIAN_POINT('',(-0.027,-0.0454579740500385,0.0005));
#5555=CARTESIAN_POINT('',(-0.0276263834454821,-0.0416486653073308,0.00797872069862992));
#5556=CARTESIAN_POINT('',(-0.0278867598330886,-0.0422764104112412,0.00794646671296232));
#5557=CARTESIAN_POINT('',(-0.0276265772221635,-0.0429032164141511,0.00797868009952598));
#5558=CARTESIAN_POINT('',(-0.0270006983751237,-0.0431627052659691,0.00801065645360389));
#5559=CARTESIAN_POINT('',(-0.0263732627595751,-0.0429034851659995,0.00797869400900039));
#5560=CARTESIAN_POINT('',(-0.0261135653855816,-0.0422764167348761,0.00794649288837399));
#5561=CARTESIAN_POINT('',(-0.0263724760258139,-0.0416501449764823,0.00797860212266572));
#5562=CARTESIAN_POINT('',(-0.0269991564730376,-0.0413896788014383,0.00801066923805958));
#5563=CARTESIAN_POINT('',(-0.0276263834454821,-0.0416486653073308,0.00797872069862992));
#5564=CARTESIAN_POINT('',(-0.0278867598330886,-0.0422764104112412,0.00794646671296232));
#5565=CARTESIAN_POINT('',(-0.0276265772221635,-0.0429032164141511,0.00797868009952598));
#5566=CARTESIAN_POINT('',(-0.0278,-0.0422762538944078,0.00795721127500087));
#5567=CARTESIAN_POINT('',(-0.027,-0.0422762538944078,-0.007502));
#5568=CARTESIAN_POINT('',(-0.027,-0.0454579740500385,0.0005));
#5569=CARTESIAN_POINT('',(-0.0276263834454821,-0.0166486653073308,0.00797872069862992));
#5570=CARTESIAN_POINT('',(-0.0278867598330886,-0.0172764104112412,0.00794646671296232));
#5571=CARTESIAN_POINT('',(-0.0276265772221635,-0.0179032164141511,0.00797868009952598));
#5572=CARTESIAN_POINT('',(-0.0270006983751237,-0.0181627052659691,0.00801065645360388));
#5573=CARTESIAN_POINT('',(-0.0263732627595751,-0.0179034851659995,0.0079786940090004));
#5574=CARTESIAN_POINT('',(-0.0261135653855816,-0.0172764167348761,0.00794649288837398));
#5575=CARTESIAN_POINT('',(-0.0263724760258139,-0.0166501449764823,0.00797860212266572));
#5576=CARTESIAN_POINT('',(-0.0269991564730376,-0.0163896788014383,0.00801066923805958));
#5577=CARTESIAN_POINT('',(-0.0276263834454821,-0.0166486653073308,0.00797872069862992));
#5578=CARTESIAN_POINT('',(-0.0278867598330886,-0.0172764104112412,0.00794646671296232));
#5579=CARTESIAN_POINT('',(-0.0276265772221635,-0.0179032164141511,0.00797868009952598));
#5580=CARTESIAN_POINT('',(-0.0278,-0.0172762538944078,0.00795721127500087));
#5581=CARTESIAN_POINT('',(-0.027,-0.0172762538944078,-0.007502));
#5582=CARTESIAN_POINT('',(-0.027,-0.0454579740500385,0.0005));
#5583=CARTESIAN_POINT('',(-0.0276263834454821,0.00835133469266915,0.00797872069862992));
#5584=CARTESIAN_POINT('',(-0.0278867598330886,0.00772358958875877,0.00794646671296232));
#5585=CARTESIAN_POINT('',(-0.0276265772221635,0.00709678358584891,0.00797868009952598));
#5586=CARTESIAN_POINT('',(-0.0270006983751237,0.00683729473403086,0.00801065645360388));
#5587=CARTESIAN_POINT('',(-0.0263732627595751,0.00709651483400049,0.00797869400900039));
#5588=CARTESIAN_POINT('',(-0.0261135653855816,0.00772358326512385,0.00794649288837399));
#5589=CARTESIAN_POINT('',(-0.0263724760258139,0.00834985502351772,0.00797860212266571));
#5590=CARTESIAN_POINT('',(-0.0269991564730376,0.00861032119856168,0.00801066923805959));
#5591=CARTESIAN_POINT('',(-0.0276263834454821,0.00835133469266915,0.00797872069862992));
#5592=CARTESIAN_POINT('',(-0.0278867598330886,0.00772358958875877,0.00794646671296232));
#5593=CARTESIAN_POINT('',(-0.0276265772221635,0.00709678358584891,0.00797868009952598));
#5594=CARTESIAN_POINT('',(-0.0278,0.00772374610559219,0.00795721127500087));
#5595=CARTESIAN_POINT('',(-0.027,0.00772374610559219,-0.007502));
#5596=CARTESIAN_POINT('',(-0.027,-0.0454579740500385,0.0005));
#5597=CARTESIAN_POINT('',(-0.0276263834454821,0.0333513346926692,0.00797872069862992));
#5598=CARTESIAN_POINT('',(-0.0278867598330886,0.0327235895887588,0.00794646671296232));
#5599=CARTESIAN_POINT('',(-0.0276265772221635,0.0320967835858489,0.00797868009952598));
#5600=CARTESIAN_POINT('',(-0.0270006983751237,0.0318372947340309,0.00801065645360388));
#5601=CARTESIAN_POINT('',(-0.0263732627595751,0.0320965148340005,0.00797869400900039));
#5602=CARTESIAN_POINT('',(-0.0261135653855816,0.0327235832651239,0.00794649288837399));
#5603=CARTESIAN_POINT('',(-0.0263724760258139,0.0333498550235177,0.00797860212266572));
#5604=CARTESIAN_POINT('',(-0.0269991564730376,0.0336103211985617,0.00801066923805958));
#5605=CARTESIAN_POINT('',(-0.0276263834454821,0.0333513346926692,0.00797872069862992));
#5606=CARTESIAN_POINT('',(-0.0278867598330886,0.0327235895887588,0.00794646671296232));
#5607=CARTESIAN_POINT('',(-0.0276265772221635,0.0320967835858489,0.00797868009952598));
#5608=CARTESIAN_POINT('',(-0.0278,0.0327237461055922,0.00795721127500087));
#5609=CARTESIAN_POINT('',(-0.027,0.0327237461055922,-0.007502));
#5610=CARTESIAN_POINT('',(-0.0258831896906483,0.0568712292378478,0.00806264671898996));
#5611=CARTESIAN_POINT('',(-0.0258558753594109,0.0574115611264978,0.00807481260471464));
#5612=CARTESIAN_POINT('',(-0.0258263128074135,0.0579508576961454,0.00808835756074778));
#5613=CARTESIAN_POINT('',(-0.0257943548196674,0.0584890800147276,0.0081034285283162));
#5614=CARTESIAN_POINT('',(-0.0261572145144863,0.0568844007090705,0.00809265023619939));
#5615=CARTESIAN_POINT('',(-0.0261298640994927,0.0574254540215053,0.00810483208446379));
#5616=CARTESIAN_POINT('',(-0.0261002613731149,0.0579654964411996,0.00811839523218022));
#5617=CARTESIAN_POINT('',(-0.0260682582465591,0.0585044893567079,0.00813348728773933));
#5618=CARTESIAN_POINT('',(-0.0264279494089244,0.0568977585477323,0.00810698716996899));
#5619=CARTESIAN_POINT('',(-0.0264005620243928,0.057439551018717,0.00811918537090855));
#5620=CARTESIAN_POINT('',(-0.0263709181019928,0.0579803582816271,0.00813276717056931));
#5621=CARTESIAN_POINT('',(-0.0263388686484411,0.0585201420182931,0.00814788086788298));
#5622=CARTESIAN_POINT('',(-0.0266942795395768,0.0569112136817224,0.00810711209153007));
#5623=CARTESIAN_POINT('',(-0.0266668545823916,0.05745375739206,0.00811932691041219));
#5624=CARTESIAN_POINT('',(-0.026637168760689,0.0579953425781879,0.00813292767836125));
#5625=CARTESIAN_POINT('',(-0.0266050721538082,0.0585359311889872,0.00814806340227994));
#5626=CARTESIAN_POINT('',(-0.026961196892343,0.0569246984824731,0.0081072372885264));
#5627=CARTESIAN_POINT('',(-0.0269337342796615,0.0574679950885453,0.00811946876199139));
#5628=CARTESIAN_POINT('',(-0.0269040064662741,0.0580103599131071,0.00813308854005127));
#5629=CARTESIAN_POINT('',(-0.0268718626020975,0.0585517551726789,0.00814824633914068));
#5630=CARTESIAN_POINT('',(-0.0272325187403081,0.056938727037814,0.00809309191396009));
#5631=CARTESIAN_POINT('',(-0.0272050166208418,0.0574828135768777,0.00810534085932098));
#5632=CARTESIAN_POINT('',(-0.0271752447204487,0.0580259969652928,0.00811898059401923));
#5633=CARTESIAN_POINT('',(-0.0271430512058914,0.0585682396697295,0.00813416158499708));
#5634=CARTESIAN_POINT('',(-0.0275071206843114,0.0569532755062811,0.00806321085397717));
#5635=CARTESIAN_POINT('',(-0.0274795772391886,0.0574981883697025,0.00807547807405654));
#5636=CARTESIAN_POINT('',(-0.0274497591894527,0.0580422286373155,0.00808913869677828));
#5637=CARTESIAN_POINT('',(-0.0274175136649569,0.0585853590050762,0.00810434398058225));
#5638=CARTESIAN_POINT('',(-0.0272798582339897,0.0583508081365559,0.00811708783992075));
#5639=CARTESIAN_POINT('',(-0.0275399821393605,0.0577238396003851,0.00807199314440008));
#5640=CARTESIAN_POINT('',(-0.0272796083714466,0.0570963100954481,0.00809277357279192));
#5641=CARTESIAN_POINT('',(-0.026653061107278,0.0568372543360851,0.0081160181740142));
#5642=CARTESIAN_POINT('',(-0.0260255854775991,0.0570971495926506,0.00808702186635795));
#5643=CARTESIAN_POINT('',(-0.0257668664541572,0.0577255271958223,0.00807381193649877));
#5644=CARTESIAN_POINT('',(-0.0260263489949631,0.058350233431707,0.00812579817951158));
#5645=CARTESIAN_POINT('',(-0.0266532506996636,0.0586103587654278,0.00816056933187033));
#5646=CARTESIAN_POINT('',(-0.0272798582339897,0.0583508081365559,0.00811708783992075));
#5647=CARTESIAN_POINT('',(-0.0275399821393605,0.0577238396003851,0.00807199314440008));
#5648=CARTESIAN_POINT('',(-0.0272796083714466,0.0570963100954481,0.00809277357279192));
#5649=CARTESIAN_POINT('',(-0.0274532325271463,0.0577237461055907,0.00808297233171883));
#5650=CARTESIAN_POINT('',(-0.0266532325271463,0.0577237461055907,-0.007502));
#5651=CARTESIAN_POINT('',(-0.0224626115180694,0.08146236783204,0.0101308007972941));
#5652=CARTESIAN_POINT('',(-0.0223169099621111,0.0819778301112948,0.010212098872567));
#5653=CARTESIAN_POINT('',(-0.022165526311431,0.082491589179363,0.010295675475215));
#5654=CARTESIAN_POINT('',(-0.0220079568113427,0.0830034238843542,0.0103813793366891));
#5655=CARTESIAN_POINT('',(-0.0226741978280284,0.0815184874894644,0.0101543060931349));
#5656=CARTESIAN_POINT('',(-0.0225280786496548,0.0820354281681233,0.0102358373244577));
#5657=CARTESIAN_POINT('',(-0.0223762450819138,0.082550718827345,0.0103196627488594));
#5658=CARTESIAN_POINT('',(-0.0222181873584681,0.0830641401925144,0.0104056322245082));
#5659=CARTESIAN_POINT('',(-0.0228833552771407,0.0815754761128337,0.0101679495647548));
#5660=CARTESIAN_POINT('',(-0.0227368150760692,0.0820939071998261,0.010249715845246));
#5661=CARTESIAN_POINT('',(-0.0225845284935723,0.0826107398436883,0.0103337917877876));
#5662=CARTESIAN_POINT('',(-0.0224259798105935,0.0831257567067004,0.0104200283577849));
#5663=CARTESIAN_POINT('',(-0.0230895524545659,0.0816330667416803,0.010172470968603));
#5664=CARTESIAN_POINT('',(-0.0229425895617904,0.0821529941194984,0.0102544732252563));
#5665=CARTESIAN_POINT('',(-0.0227898486849027,0.0826713729651366,0.0103388003782612));
#5666=CARTESIAN_POINT('',(-0.0226308082269971,0.0831879879259153,0.0104253044784956));
#5667=CARTESIAN_POINT('',(-0.0233977036002177,0.0817191329937963,0.010179227975625));
#5668=CARTESIAN_POINT('',(-0.0232501090162887,0.0822412965017978,0.0102615828865949));
#5669=CARTESIAN_POINT('',(-0.0230966892196471,0.0827619860669845,0.0103462854608012));
#5670=CARTESIAN_POINT('',(-0.0229369138292414,0.0832809893032177,0.010433189371305));
#5671=CARTESIAN_POINT('',(-0.0237114475483903,0.0818099507692518,0.0101658897299));
#5672=CARTESIAN_POINT('',(-0.023563192536583,0.0823344520756371,0.010248613327411));
#5673=CARTESIAN_POINT('',(-0.0234090640826773,0.0828575532643495,0.0103337077326273));
#5674=CARTESIAN_POINT('',(-0.0232485228408066,0.0833790451407211,0.0104210282564378));
#5675=CARTESIAN_POINT('',(-0.0240288404008033,0.0819053653678223,0.0101299526394317));
#5676=CARTESIAN_POINT('',(-0.0238798981069019,0.082432299469912,0.0102130599034658));
#5677=CARTESIAN_POINT('',(-0.0237250334211811,0.0829579057869128,0.0102985613493024));
#5678=CARTESIAN_POINT('',(-0.0235636979051168,0.0834819785426676,0.0103863139293901));
#5679=CARTESIAN_POINT('',(-0.0236503116090439,0.0830812751087994,0.0103262919091539));
#5680=CARTESIAN_POINT('',(-0.0239083065909776,0.0824603722929778,0.0102123727283201));
#5681=CARTESIAN_POINT('',(-0.0236477767871588,0.0818288749822602,0.0101753362193484));
#5682=CARTESIAN_POINT('',(-0.0230149617225107,0.0815706385137766,0.0101740314482017));
#5683=CARTESIAN_POINT('',(-0.0223855922837313,0.0818403614278263,0.0101941342777488));
#5684=CARTESIAN_POINT('',(-0.0221377055450075,0.0824681387628465,0.0102900145242249));
#5685=CARTESIAN_POINT('',(-0.0223951291220419,0.0830855914754843,0.0104181786993521));
#5686=CARTESIAN_POINT('',(-0.0230299315776924,0.08334616332615,0.0104389610005744));
#5687=CARTESIAN_POINT('',(-0.0236503116090439,0.0830812751087994,0.0103262919091539));
#5688=CARTESIAN_POINT('',(-0.0239083065909776,0.0824603722929778,0.0102123727283201));
#5689=CARTESIAN_POINT('',(-0.0236477767871588,0.0818288749822602,0.0101753362193484));
#5690=CARTESIAN_POINT('',(-0.0238218857933521,0.0824586065438285,0.0102251865069638));
#5691=CARTESIAN_POINT('',(-0.0230218857933522,0.0824586065438284,-0.007502));
#5692=MECHANICAL_DESIGN_GEOMETRIC_PRESENTATION_REPRESENTATION('',(#1801),
#5693);
#5693=(
GEOMETRIC_REPRESENTATION_CONTEXT(3)
GLOBAL_UNCERTAINTY_ASSIGNED_CONTEXT((#5694))
GLOBAL_UNIT_ASSIGNED_CONTEXT((#5697,#5696,#5695))
REPRESENTATION_CONTEXT('Part 128 RIB hull','TOP_LEVEL_ASSEMBLY_PART')
);
#5694=UNCERTAINTY_MEASURE_WITH_UNIT(LENGTH_MEASURE(2.E-5),#5697,
'DISTANCE_ACCURACY_VALUE','Maximum Tolerance applied to model');
#5695=(
NAMED_UNIT(*)
SI_UNIT($,.STERADIAN.)
SOLID_ANGLE_UNIT()
);
#5696=(
NAMED_UNIT(*)
PLANE_ANGLE_UNIT()
SI_UNIT($,.RADIAN.)
);
#5697=(
LENGTH_UNIT()
NAMED_UNIT(*)
SI_UNIT($,.METRE.)
);
#5698=PRODUCT_DEFINITION_SHAPE('','',#5699);
#5699=PRODUCT_DEFINITION('','',#5701,#5700);
#5700=PRODUCT_DEFINITION_CONTEXT('',#5707,'design');
#5701=PRODUCT_DEFINITION_FORMATION_WITH_SPECIFIED_SOURCE('','',#5703,
 .NOT_KNOWN.);
#5702=PRODUCT_RELATED_PRODUCT_CATEGORY('','',(#5703));
#5703=PRODUCT('Part 128 RIB hull','Part 128 RIB hull',
'Part 128 RIB hull',(#5705));
#5704=PRODUCT_CATEGORY('','');
#5705=PRODUCT_CONTEXT('',#5707,'mechanical');
#5706=APPLICATION_PROTOCOL_DEFINITION('international standard',
'ap242_managed_model_based_3d_engineering',2020,#5707);
#5707=APPLICATION_CONTEXT('managed model based 3d engineering');
ENDSEC;
END-ISO-10303-21;
