ISO-10303-21;
HEADER;
/* Generated by software containing ST-Developer
 * from STEP Tools, Inc. (www.steptools.com) 
 */
/* OPTION: using custom renumber hook */

FILE_DESCRIPTION(
/* description */ ('STEP AP242 Edition 2',
'CAx-IF Rec.Pracs.---Representation and Presentation of Product Manufa
cturing Information (PMI)---4.0---2014-10-13',
'CAx-IF Rec.Pracs.---3D Tessellated Geometry---0.4---2014-09-14','2;1',
'CAx-IF Rec.Pracs.---User Defined Attributes---1.5---2016-08-15'),
/* implementation_level */ '2;1');

FILE_NAME(
/* name */ 'Part Studio 1',
/* time_stamp */ '2026-09-26T19:05:35Z',
/* author */ (''),
/* organization */ (''),
/* preprocessor_version */ 'ST-DEVELOPER v20',
/* originating_system */ 'ONSHAPE BY PTC INC, 1.221',
/* authorisation */ '  ');

FILE_SCHEMA (('AP242_MANAGED_MODEL_BASED_3D_ENGINEERING_MIM_LF { 1 0 10303 442 3 1 4 }'));
ENDSEC;

DATA;
#10=SHAPE_REPRESENTATION_RELATIONSHIP('','',#203,#11);
#11=ADVANCED_BREP_SHAPE_REPRESENTATION('',(#201),#1691);
#12=B_SPLINE_CURVE_WITH_KNOTS('',3,(#1199,#1200,#1201,#1202,#1203,#1204,
#1205),.UNSPECIFIED.,.F.,.F.,(4,1,1,1,4),(0.,0.331481631801224,0.630952577803661,
0.865568486928647,1.),.UNSPECIFIED.);
#13=B_SPLINE_CURVE_WITH_KNOTS('',3,(#1206,#1207,#1208,#1209,#1210,#1211,
#1212),.UNSPECIFIED.,.F.,.F.,(4,1,1,1,4),(0.,0.331481631801224,0.630952577803661,
0.865568486928647,1.),.UNSPECIFIED.);
#14=B_SPLINE_CURVE_WITH_KNOTS('',3,(#1313,#1314,#1315,#1316,#1317,#1318,
#1319),.UNSPECIFIED.,.F.,.F.,(4,1,1,1,4),(0.,0.331481631801224,0.630952577803661,
0.865568486928647,1.),.UNSPECIFIED.);
#15=B_SPLINE_CURVE_WITH_KNOTS('',3,(#1448,#1449,#1450,#1451,#1452,#1453,
#1454),.UNSPECIFIED.,.F.,.F.,(4,1,1,1,4),(0.,0.331481631801224,0.630952577803661,
0.865568486928647,1.),.UNSPECIFIED.);
#16=B_SPLINE_CURVE_WITH_KNOTS('',3,(#1583,#1584,#1585,#1586,#1587,#1588,
#1589),.UNSPECIFIED.,.F.,.F.,(4,1,1,1,4),(0.,0.331481631801224,0.630952577803661,
0.865568486928647,1.),.UNSPECIFIED.);
#17=B_SPLINE_SURFACE_WITH_KNOTS('',3,3,((#286,#287,#288,#289,#290,#291,
#292),(#293,#294,#295,#296,#297,#298,#299),(#300,#301,#302,#303,#304,#305,
#306),(#307,#308,#309,#310,#311,#312,#313),(#314,#315,#316,#317,#318,#319,
#320),(#321,#322,#323,#324,#325,#326,#327),(#328,#329,#330,#331,#332,#333,
#334),(#335,#336,#337,#338,#339,#340,#341),(#342,#343,#344,#345,#346,#347,
#348),(#349,#350,#351,#352,#353,#354,#355),(#356,#357,#358,#359,#360,#361,
#362),(#363,#364,#365,#366,#367,#368,#369),(#370,#371,#372,#373,#374,#375,
#376),(#377,#378,#379,#380,#381,#382,#383),(#384,#385,#386,#387,#388,#389,
#390),(#391,#392,#393,#394,#395,#396,#397),(#398,#399,#400,#401,#402,#403,
#404),(#405,#406,#407,#408,#409,#410,#411),(#412,#413,#414,#415,#416,#417,
#418),(#419,#420,#421,#422,#423,#424,#425),(#426,#427,#428,#429,#430,#431,
#432),(#433,#434,#435,#436,#437,#438,#439),(#440,#441,#442,#443,#444,#445,
#446),(#447,#448,#449,#450,#451,#452,#453),(#454,#455,#456,#457,#458,#459,
#460),(#461,#462,#463,#464,#465,#466,#467),(#468,#469,#470,#471,#472,#473,
#474),(#475,#476,#477,#478,#479,#480,#481),(#482,#483,#484,#485,#486,#487,
#488),(#489,#490,#491,#492,#493,#494,#495),(#496,#497,#498,#499,#500,#501,
#502),(#503,#504,#505,#506,#507,#508,#509),(#510,#511,#512,#513,#514,#515,
#516),(#517,#518,#519,#520,#521,#522,#523),(#524,#525,#526,#527,#528,#529,
#530),(#531,#532,#533,#534,#535,#536,#537),(#538,#539,#540,#541,#542,#543,
#544),(#545,#546,#547,#548,#549,#550,#551),(#552,#553,#554,#555,#556,#557,
#558),(#559,#560,#561,#562,#563,#564,#565),(#566,#567,#568,#569,#570,#571,
#572),(#573,#574,#575,#576,#577,#578,#579),(#580,#581,#582,#583,#584,#585,
#586),(#587,#588,#589,#590,#591,#592,#593),(#594,#595,#596,#597,#598,#599,
#600),(#601,#602,#603,#604,#605,#606,#607),(#608,#609,#610,#611,#612,#613,
#614),(#615,#616,#617,#618,#619,#620,#621),(#622,#623,#624,#625,#626,#627,
#628),(#629,#630,#631,#632,#633,#634,#635),(#636,#637,#638,#639,#640,#641,
#642),(#643,#644,#645,#646,#647,#648,#649),(#650,#651,#652,#653,#654,#655,
#656),(#657,#658,#659,#660,#661,#662,#663),(#664,#665,#666,#667,#668,#669,
#670),(#671,#672,#673,#674,#675,#676,#677),(#678,#679,#680,#681,#682,#683,
#684),(#685,#686,#687,#688,#689,#690,#691),(#692,#693,#694,#695,#696,#697,
#698),(#699,#700,#701,#702,#703,#704,#705),(#706,#707,#708,#709,#710,#711,
#712),(#713,#714,#715,#716,#717,#718,#719),(#720,#721,#722,#723,#724,#725,
#726),(#727,#728,#729,#730,#731,#732,#733),(#734,#735,#736,#737,#738,#739,
#740),(#741,#742,#743,#744,#745,#746,#747),(#748,#749,#750,#751,#752,#753,
#754),(#755,#756,#757,#758,#759,#760,#761),(#762,#763,#764,#765,#766,#767,
#768),(#769,#770,#771,#772,#773,#774,#775),(#776,#777,#778,#779,#780,#781,
#782),(#783,#784,#785,#786,#787,#788,#789),(#790,#791,#792,#793,#794,#795,
#796),(#797,#798,#799,#800,#801,#802,#803),(#804,#805,#806,#807,#808,#809,
#810),(#811,#812,#813,#814,#815,#816,#817),(#818,#819,#820,#821,#822,#823,
#824),(#825,#826,#827,#828,#829,#830,#831),(#832,#833,#834,#835,#836,#837,
#838),(#839,#840,#841,#842,#843,#844,#845),(#846,#847,#848,#849,#850,#851,
#852),(#853,#854,#855,#856,#857,#858,#859),(#860,#861,#862,#863,#864,#865,
#866),(#867,#868,#869,#870,#871,#872,#873),(#874,#875,#876,#877,#878,#879,
#880),(#881,#882,#883,#884,#885,#886,#887),(#888,#889,#890,#891,#892,#893,
#894),(#895,#896,#897,#898,#899,#900,#901),(#902,#903,#904,#905,#906,#907,
#908),(#909,#910,#911,#912,#913,#914,#915),(#916,#917,#918,#919,#920,#921,
#922),(#923,#924,#925,#926,#927,#928,#929),(#930,#931,#932,#933,#934,#935,
#936),(#937,#938,#939,#940,#941,#942,#943),(#944,#945,#946,#947,#948,#949,
#950),(#951,#952,#953,#954,#955,#956,#957),(#958,#959,#960,#961,#962,#963,
#964),(#965,#966,#967,#968,#969,#970,#971),(#972,#973,#974,#975,#976,#977,
#978),(#979,#980,#981,#982,#983,#984,#985),(#986,#987,#988,#989,#990,#991,
#992),(#993,#994,#995,#996,#997,#998,#999),(#1000,#1001,#1002,#1003,#1004,
#1005,#1006),(#1007,#1008,#1009,#1010,#1011,#1012,#1013),(#1014,#1015,#1016,
#1017,#1018,#1019,#1020),(#1021,#1022,#1023,#1024,#1025,#1026,#1027),(#1028,
#1029,#1030,#1031,#1032,#1033,#1034),(#1035,#1036,#1037,#1038,#1039,#1040,
#1041),(#1042,#1043,#1044,#1045,#1046,#1047,#1048),(#1049,#1050,#1051,#1052,
#1053,#1054,#1055),(#1056,#1057,#1058,#1059,#1060,#1061,#1062),(#1063,#1064,
#1065,#1066,#1067,#1068,#1069),(#1070,#1071,#1072,#1073,#1074,#1075,#1076),
(#1077,#1078,#1079,#1080,#1081,#1082,#1083),(#1084,#1085,#1086,#1087,#1088,
#1089,#1090),(#1091,#1092,#1093,#1094,#1095,#1096,#1097),(#1098,#1099,#1100,
#1101,#1102,#1103,#1104),(#1105,#1106,#1107,#1108,#1109,#1110,#1111),(#1112,
#1113,#1114,#1115,#1116,#1117,#1118),(#1119,#1120,#1121,#1122,#1123,#1124,
#1125),(#1126,#1127,#1128,#1129,#1130,#1131,#1132),(#1133,#1134,#1135,#1136,
#1137,#1138,#1139),(#1140,#1141,#1142,#1143,#1144,#1145,#1146),(#1147,#1148,
#1149,#1150,#1151,#1152,#1153),(#1154,#1155,#1156,#1157,#1158,#1159,#1160),
(#1161,#1162,#1163,#1164,#1165,#1166,#1167),(#1168,#1169,#1170,#1171,#1172,
#1173,#1174),(#1175,#1176,#1177,#1178,#1179,#1180,#1181),(#1182,#1183,#1184,
#1185,#1186,#1187,#1188),(#1189,#1190,#1191,#1192,#1193,#1194,#1195)),
 .UNSPECIFIED.,.F.,.F.,.F.,(4,2,2,2,2,2,2,2,2,2,2,2,2,2,2,2,2,2,2,2,2,2,
2,2,2,2,2,2,2,2,2,2,2,2,2,2,2,2,2,2,2,2,2,2,2,2,2,2,2,2,2,2,2,2,2,2,2,2,
2,2,2,2,2,2,4),(4,1,1,1,4),(0.,0.015625,0.03125,0.046875,0.0625,0.078125,
0.09375,0.109375,0.125,0.140625,0.15625,0.171875,0.1875,0.203125,0.21875,
0.234375,0.25,0.265625,0.28125,0.296875,0.3125,0.328125,0.34375,0.359375,
0.375,0.390625,0.40625,0.421875,0.4375,0.453125,0.46875,0.484375,0.5,0.515625,
0.53125,0.546875,0.5625,0.578125,0.59375,0.609375,0.625,0.640625,0.65625,
0.671875,0.6875,0.703125,0.71875,0.734375,0.75,0.765625,0.78125,0.796875,
0.8125,0.828125,0.84375,0.859375,0.875,0.890625,0.90625,0.921875,0.9375,
0.953125,0.96875,0.984375,1.),(0.,0.331481631801224,0.630952577803661,0.865568486928647,
1.),.UNSPECIFIED.);
#18=B_SPLINE_SURFACE_WITH_KNOTS('',3,3,((#1213,#1214,#1215,#1216,#1217,
#1218,#1219),(#1220,#1221,#1222,#1223,#1224,#1225,#1226),(#1227,#1228,#1229,
#1230,#1231,#1232,#1233),(#1234,#1235,#1236,#1237,#1238,#1239,#1240),(#1241,
#1242,#1243,#1244,#1245,#1246,#1247),(#1248,#1249,#1250,#1251,#1252,#1253,
#1254),(#1255,#1256,#1257,#1258,#1259,#1260,#1261),(#1262,#1263,#1264,#1265,
#1266,#1267,#1268),(#1269,#1270,#1271,#1272,#1273,#1274,#1275),(#1276,#1277,
#1278,#1279,#1280,#1281,#1282),(#1283,#1284,#1285,#1286,#1287,#1288,#1289),
(#1290,#1291,#1292,#1293,#1294,#1295,#1296),(#1297,#1298,#1299,#1300,#1301,
#1302,#1303),(#1304,#1305,#1306,#1307,#1308,#1309,#1310)),.UNSPECIFIED.,
 .F.,.F.,.F.,(4,2,2,2,2,2,4),(4,1,1,1,4),(0.,0.125,0.25,0.5,0.75,0.875,
1.),(0.,0.331481631801224,0.630952577803661,0.865568486928647,1.),
 .UNSPECIFIED.);
#19=B_SPLINE_SURFACE_WITH_KNOTS('',3,3,((#1320,#1321,#1322,#1323,#1324,
#1325,#1326),(#1327,#1328,#1329,#1330,#1331,#1332,#1333),(#1334,#1335,#1336,
#1337,#1338,#1339,#1340),(#1341,#1342,#1343,#1344,#1345,#1346,#1347),(#1348,
#1349,#1350,#1351,#1352,#1353,#1354),(#1355,#1356,#1357,#1358,#1359,#1360,
#1361),(#1362,#1363,#1364,#1365,#1366,#1367,#1368),(#1369,#1370,#1371,#1372,
#1373,#1374,#1375),(#1376,#1377,#1378,#1379,#1380,#1381,#1382),(#1383,#1384,
#1385,#1386,#1387,#1388,#1389),(#1390,#1391,#1392,#1393,#1394,#1395,#1396),
(#1397,#1398,#1399,#1400,#1401,#1402,#1403),(#1404,#1405,#1406,#1407,#1408,
#1409,#1410),(#1411,#1412,#1413,#1414,#1415,#1416,#1417),(#1418,#1419,#1420,
#1421,#1422,#1423,#1424),(#1425,#1426,#1427,#1428,#1429,#1430,#1431),(#1432,
#1433,#1434,#1435,#1436,#1437,#1438),(#1439,#1440,#1441,#1442,#1443,#1444,
#1445)),.UNSPECIFIED.,.F.,.F.,.F.,(4,2,2,2,2,2,2,2,4),(4,1,1,1,4),(0.,0.125,
0.25,0.375,0.5,0.625,0.75,0.875,1.),(0.,0.331481631801224,0.630952577803661,
0.865568486928647,1.),.UNSPECIFIED.);
#20=B_SPLINE_SURFACE_WITH_KNOTS('',3,3,((#1455,#1456,#1457,#1458,#1459,
#1460,#1461),(#1462,#1463,#1464,#1465,#1466,#1467,#1468),(#1469,#1470,#1471,
#1472,#1473,#1474,#1475),(#1476,#1477,#1478,#1479,#1480,#1481,#1482),(#1483,
#1484,#1485,#1486,#1487,#1488,#1489),(#1490,#1491,#1492,#1493,#1494,#1495,
#1496),(#1497,#1498,#1499,#1500,#1501,#1502,#1503),(#1504,#1505,#1506,#1507,
#1508,#1509,#1510),(#1511,#1512,#1513,#1514,#1515,#1516,#1517),(#1518,#1519,
#1520,#1521,#1522,#1523,#1524),(#1525,#1526,#1527,#1528,#1529,#1530,#1531),
(#1532,#1533,#1534,#1535,#1536,#1537,#1538),(#1539,#1540,#1541,#1542,#1543,
#1544,#1545),(#1546,#1547,#1548,#1549,#1550,#1551,#1552),(#1553,#1554,#1555,
#1556,#1557,#1558,#1559),(#1560,#1561,#1562,#1563,#1564,#1565,#1566),(#1567,
#1568,#1569,#1570,#1571,#1572,#1573),(#1574,#1575,#1576,#1577,#1578,#1579,
#1580)),.UNSPECIFIED.,.F.,.F.,.F.,(4,2,2,2,2,2,2,2,4),(4,1,1,1,4),(0.,0.125,
0.25,0.375,0.5,0.625,0.75,0.875,1.),(0.,0.331481631801224,0.630952577803661,
0.865568486928647,1.),.UNSPECIFIED.);
#21=B_SPLINE_SURFACE_WITH_KNOTS('',3,3,((#1590,#1591,#1592,#1593,#1594,
#1595,#1596),(#1597,#1598,#1599,#1600,#1601,#1602,#1603),(#1604,#1605,#1606,
#1607,#1608,#1609,#1610),(#1611,#1612,#1613,#1614,#1615,#1616,#1617),(#1618,
#1619,#1620,#1621,#1622,#1623,#1624),(#1625,#1626,#1627,#1628,#1629,#1630,
#1631),(#1632,#1633,#1634,#1635,#1636,#1637,#1638),(#1639,#1640,#1641,#1642,
#1643,#1644,#1645),(#1646,#1647,#1648,#1649,#1650,#1651,#1652),(#1653,#1654,
#1655,#1656,#1657,#1658,#1659),(#1660,#1661,#1662,#1663,#1664,#1665,#1666),
(#1667,#1668,#1669,#1670,#1671,#1672,#1673),(#1674,#1675,#1676,#1677,#1678,
#1679,#1680),(#1681,#1682,#1683,#1684,#1685,#1686,#1687)),.UNSPECIFIED.,
 .F.,.F.,.F.,(4,2,2,2,2,2,4),(4,1,1,1,4),(0.,0.125,0.25,0.5,0.75,0.875,
1.),(0.,0.331481631801224,0.630952577803661,0.865568486928647,1.),
 .UNSPECIFIED.);
#22=PLANE('',#208);
#23=PLANE('',#209);
#24=PLANE('',#210);
#25=PLANE('',#211);
#26=PLANE('',#212);
#27=PLANE('',#214);
#28=LINE('',#259,#45);
#29=LINE('',#263,#46);
#30=LINE('',#265,#47);
#31=LINE('',#267,#48);
#32=LINE('',#269,#49);
#33=LINE('',#271,#50);
#34=LINE('',#273,#51);
#35=LINE('',#275,#52);
#36=LINE('',#277,#53);
#37=LINE('',#279,#54);
#38=LINE('',#281,#55);
#39=LINE('',#283,#56);
#40=LINE('',#284,#57);
#41=LINE('',#1311,#58);
#42=LINE('',#1446,#59);
#43=LINE('',#1581,#60);
#44=LINE('',#1688,#61);
#45=VECTOR('',#221,1.);
#46=VECTOR('',#224,1.);
#47=VECTOR('',#227,1.);
#48=VECTOR('',#228,1.);
#49=VECTOR('',#229,1.);
#50=VECTOR('',#232,1.);
#51=VECTOR('',#233,1.);
#52=VECTOR('',#234,1.);
#53=VECTOR('',#237,1.);
#54=VECTOR('',#238,1.);
#55=VECTOR('',#239,1.);
#56=VECTOR('',#242,1.);
#57=VECTOR('',#243,1.);
#58=VECTOR('',#248,1.);
#59=VECTOR('',#249,1.);
#60=VECTOR('',#250,1.);
#61=VECTOR('',#251,1.);
#62=ORIENTED_EDGE('',*,*,#112,.F.);
#63=ORIENTED_EDGE('',*,*,#113,.F.);
#64=ORIENTED_EDGE('',*,*,#114,.T.);
#65=ORIENTED_EDGE('',*,*,#115,.T.);
#66=ORIENTED_EDGE('',*,*,#116,.F.);
#67=ORIENTED_EDGE('',*,*,#115,.F.);
#68=ORIENTED_EDGE('',*,*,#117,.T.);
#69=ORIENTED_EDGE('',*,*,#118,.T.);
#70=ORIENTED_EDGE('',*,*,#119,.F.);
#71=ORIENTED_EDGE('',*,*,#118,.F.);
#72=ORIENTED_EDGE('',*,*,#120,.T.);
#73=ORIENTED_EDGE('',*,*,#121,.T.);
#74=ORIENTED_EDGE('',*,*,#122,.F.);
#75=ORIENTED_EDGE('',*,*,#121,.F.);
#76=ORIENTED_EDGE('',*,*,#123,.T.);
#77=ORIENTED_EDGE('',*,*,#124,.T.);
#78=ORIENTED_EDGE('',*,*,#125,.F.);
#79=ORIENTED_EDGE('',*,*,#124,.F.);
#80=ORIENTED_EDGE('',*,*,#126,.T.);
#81=ORIENTED_EDGE('',*,*,#113,.T.);
#82=ORIENTED_EDGE('',*,*,#114,.F.);
#83=ORIENTED_EDGE('',*,*,#126,.F.);
#84=ORIENTED_EDGE('',*,*,#123,.F.);
#85=ORIENTED_EDGE('',*,*,#120,.F.);
#86=ORIENTED_EDGE('',*,*,#117,.F.);
#87=ORIENTED_EDGE('',*,*,#127,.F.);
#88=ORIENTED_EDGE('',*,*,#128,.F.);
#89=ORIENTED_EDGE('',*,*,#112,.T.);
#90=ORIENTED_EDGE('',*,*,#129,.T.);
#91=ORIENTED_EDGE('',*,*,#128,.T.);
#92=ORIENTED_EDGE('',*,*,#130,.F.);
#93=ORIENTED_EDGE('',*,*,#131,.F.);
#94=ORIENTED_EDGE('',*,*,#125,.T.);
#95=ORIENTED_EDGE('',*,*,#131,.T.);
#96=ORIENTED_EDGE('',*,*,#132,.F.);
#97=ORIENTED_EDGE('',*,*,#133,.F.);
#98=ORIENTED_EDGE('',*,*,#122,.T.);
#99=ORIENTED_EDGE('',*,*,#133,.T.);
#100=ORIENTED_EDGE('',*,*,#134,.F.);
#101=ORIENTED_EDGE('',*,*,#135,.F.);
#102=ORIENTED_EDGE('',*,*,#119,.T.);
#103=ORIENTED_EDGE('',*,*,#135,.T.);
#104=ORIENTED_EDGE('',*,*,#136,.F.);
#105=ORIENTED_EDGE('',*,*,#129,.F.);
#106=ORIENTED_EDGE('',*,*,#116,.T.);
#107=ORIENTED_EDGE('',*,*,#127,.T.);
#108=ORIENTED_EDGE('',*,*,#136,.T.);
#109=ORIENTED_EDGE('',*,*,#134,.T.);
#110=ORIENTED_EDGE('',*,*,#132,.T.);
#111=ORIENTED_EDGE('',*,*,#130,.T.);
#112=EDGE_CURVE('',#137,#138,#152,.T.);
#113=EDGE_CURVE('',#139,#137,#28,.T.);
#114=EDGE_CURVE('',#139,#140,#153,.T.);
#115=EDGE_CURVE('',#140,#138,#29,.T.);
#116=EDGE_CURVE('',#138,#141,#30,.T.);
#117=EDGE_CURVE('',#140,#142,#31,.T.);
#118=EDGE_CURVE('',#142,#141,#32,.T.);
#119=EDGE_CURVE('',#141,#143,#33,.T.);
#120=EDGE_CURVE('',#142,#144,#34,.T.);
#121=EDGE_CURVE('',#144,#143,#35,.T.);
#122=EDGE_CURVE('',#143,#145,#36,.T.);
#123=EDGE_CURVE('',#144,#146,#37,.T.);
#124=EDGE_CURVE('',#146,#145,#38,.T.);
#125=EDGE_CURVE('',#145,#137,#39,.T.);
#126=EDGE_CURVE('',#146,#139,#40,.T.);
#127=EDGE_CURVE('',#147,#148,#154,.T.);
#128=EDGE_CURVE('',#137,#147,#12,.T.);
#129=EDGE_CURVE('',#138,#148,#13,.T.);
#130=EDGE_CURVE('',#149,#147,#41,.T.);
#131=EDGE_CURVE('',#145,#149,#14,.T.);
#132=EDGE_CURVE('',#150,#149,#42,.T.);
#133=EDGE_CURVE('',#143,#150,#15,.T.);
#134=EDGE_CURVE('',#151,#150,#43,.T.);
#135=EDGE_CURVE('',#141,#151,#16,.T.);
#136=EDGE_CURVE('',#148,#151,#44,.T.);
#137=VERTEX_POINT('',#257);
#138=VERTEX_POINT('',#258);
#139=VERTEX_POINT('',#260);
#140=VERTEX_POINT('',#262);
#141=VERTEX_POINT('',#266);
#142=VERTEX_POINT('',#268);
#143=VERTEX_POINT('',#272);
#144=VERTEX_POINT('',#274);
#145=VERTEX_POINT('',#278);
#146=VERTEX_POINT('',#280);
#147=VERTEX_POINT('',#1197);
#148=VERTEX_POINT('',#1198);
#149=VERTEX_POINT('',#1312);
#150=VERTEX_POINT('',#1447);
#151=VERTEX_POINT('',#1582);
#152=CIRCLE('',#206,0.205798686176142);
#153=CIRCLE('',#207,0.205798686176142);
#154=CIRCLE('',#213,0.0164638948940914);
#155=EDGE_LOOP('',(#62,#63,#64,#65));
#156=EDGE_LOOP('',(#66,#67,#68,#69));
#157=EDGE_LOOP('',(#70,#71,#72,#73));
#158=EDGE_LOOP('',(#74,#75,#76,#77));
#159=EDGE_LOOP('',(#78,#79,#80,#81));
#160=EDGE_LOOP('',(#82,#83,#84,#85,#86));
#161=EDGE_LOOP('',(#87,#88,#89,#90));
#162=EDGE_LOOP('',(#91,#92,#93,#94));
#163=EDGE_LOOP('',(#95,#96,#97,#98));
#164=EDGE_LOOP('',(#99,#100,#101,#102));
#165=EDGE_LOOP('',(#103,#104,#105,#106));
#166=EDGE_LOOP('',(#107,#108,#109,#110,#111));
#167=FACE_BOUND('',#155,.T.);
#168=FACE_BOUND('',#156,.T.);
#169=FACE_BOUND('',#157,.T.);
#170=FACE_BOUND('',#158,.T.);
#171=FACE_BOUND('',#159,.T.);
#172=FACE_BOUND('',#160,.T.);
#173=FACE_BOUND('',#161,.T.);
#174=FACE_BOUND('',#162,.T.);
#175=FACE_BOUND('',#163,.T.);
#176=FACE_BOUND('',#164,.T.);
#177=FACE_BOUND('',#165,.T.);
#178=FACE_BOUND('',#166,.T.);
#179=CYLINDRICAL_SURFACE('',#205,0.205798686176142);
#180=ADVANCED_FACE('',(#167),#179,.T.);
#181=ADVANCED_FACE('',(#168),#22,.T.);
#182=ADVANCED_FACE('',(#169),#23,.T.);
#183=ADVANCED_FACE('',(#170),#24,.T.);
#184=ADVANCED_FACE('',(#171),#25,.T.);
#185=ADVANCED_FACE('',(#172),#26,.F.);
#186=ADVANCED_FACE('',(#173),#17,.T.);
#187=ADVANCED_FACE('',(#174),#18,.T.);
#188=ADVANCED_FACE('',(#175),#19,.T.);
#189=ADVANCED_FACE('',(#176),#20,.T.);
#190=ADVANCED_FACE('',(#177),#21,.T.);
#191=ADVANCED_FACE('',(#178),#27,.T.);
#192=CLOSED_SHELL('',(#180,#181,#182,#183,#184,#185,#186,#187,#188,#189,
#190,#191));
#193=STYLED_ITEM('',(#194),#201);
#194=PRESENTATION_STYLE_ASSIGNMENT((#195));
#195=SURFACE_STYLE_USAGE(.BOTH.,#196);
#196=SURFACE_SIDE_STYLE('',(#197));
#197=SURFACE_STYLE_FILL_AREA(#198);
#198=FILL_AREA_STYLE('',(#199));
#199=FILL_AREA_STYLE_COLOUR('',#200);
#200=COLOUR_RGB('',0.231372549019608,0.380392156862745,0.705882352941177);
#201=MANIFOLD_SOLID_BREP('Parametric drone hull V2 - geometry only',#192);
#202=SHAPE_DEFINITION_REPRESENTATION(#1696,#203);
#203=SHAPE_REPRESENTATION('Parametric drone hull V2 - geometry only',(#204),
#1691);
#204=AXIS2_PLACEMENT_3D('',#254,#215,#216);
#205=AXIS2_PLACEMENT_3D('',#255,#217,#218);
#206=AXIS2_PLACEMENT_3D('',#256,#219,#220);
#207=AXIS2_PLACEMENT_3D('',#261,#222,#223);
#208=AXIS2_PLACEMENT_3D('',#264,#225,#226);
#209=AXIS2_PLACEMENT_3D('',#270,#230,#231);
#210=AXIS2_PLACEMENT_3D('',#276,#235,#236);
#211=AXIS2_PLACEMENT_3D('',#282,#240,#241);
#212=AXIS2_PLACEMENT_3D('',#285,#244,#245);
#213=AXIS2_PLACEMENT_3D('',#1196,#246,#247);
#214=AXIS2_PLACEMENT_3D('',#1689,#252,#253);
#215=DIRECTION('',(0.,0.,1.));
#216=DIRECTION('',(1.,0.,0.));
#217=DIRECTION('',(1.,0.,0.));
#218=DIRECTION('',(0.,0.,-1.));
#219=DIRECTION('',(1.,0.,0.));
#220=DIRECTION('',(-5.39470414147795E-16,0.894806489883936,0.446454192120076));
#221=DIRECTION('',(1.,0.,0.));
#222=DIRECTION('',(1.,0.,0.));
#223=DIRECTION('',(-5.39470414147795E-16,0.894806489883936,0.446454192120076));
#224=DIRECTION('',(1.,0.,0.));
#225=DIRECTION('',(0.,-0.984794770049473,-0.173721791618682));
#226=DIRECTION('',(0.,0.173721791618682,-0.984794770049473));
#227=DIRECTION('',(0.,0.173721791618682,-0.984794770049473));
#228=DIRECTION('',(0.,0.173721791618682,-0.984794770049473));
#229=DIRECTION('',(1.,0.,0.));
#230=DIRECTION('',(0.,-0.4067366430758,-0.913545457642601));
#231=DIRECTION('',(0.,0.913545457642601,-0.4067366430758));
#232=DIRECTION('',(0.,0.913545457642601,-0.4067366430758));
#233=DIRECTION('',(0.,0.913545457642601,-0.4067366430758));
#234=DIRECTION('',(1.,0.,0.));
#235=DIRECTION('',(0.,0.4067366430758,-0.913545457642601));
#236=DIRECTION('',(0.,0.913545457642601,0.4067366430758));
#237=DIRECTION('',(0.,0.913545457642601,0.4067366430758));
#238=DIRECTION('',(0.,0.913545457642601,0.4067366430758));
#239=DIRECTION('',(1.,0.,0.));
#240=DIRECTION('',(0.,0.984794770049473,-0.173721791618682));
#241=DIRECTION('',(0.,0.173721791618682,0.984794770049473));
#242=DIRECTION('',(0.,0.173721791618682,0.984794770049473));
#243=DIRECTION('',(0.,0.173721791618682,0.984794770049473));
#244=DIRECTION('',(1.,0.,0.));
#245=DIRECTION('',(0.,1.,0.));
#246=DIRECTION('',(1.,0.,0.));
#247=DIRECTION('',(0.,0.894806489883937,0.446454192120074));
#248=DIRECTION('',(0.,0.0564955918531,0.998402848604294));
#249=DIRECTION('',(0.,0.743144825477394,0.669130606358858));
#250=DIRECTION('',(0.,0.743144825477394,-0.669130606358858));
#251=DIRECTION('',(0.,0.0564955918531,-0.998402848604294));
#252=DIRECTION('',(1.,0.,0.));
#253=DIRECTION('',(0.,1.,0.));
#254=CARTESIAN_POINT('',(0.,0.,0.));
#255=CARTESIAN_POINT('',(0.,5.55111512312578E-17,0.0863013138238574));
#256=CARTESIAN_POINT('',(0.6096,5.55111512312578E-17,0.0863013138238574));
#257=CARTESIAN_POINT('',(0.6096,0.18415,0.178181));
#258=CARTESIAN_POINT('',(0.6096,-0.18415,0.178181));
#259=CARTESIAN_POINT('',(0.,0.18415,0.178181));
#260=CARTESIAN_POINT('',(0.,0.18415,0.178181));
#261=CARTESIAN_POINT('',(0.,5.55111512312578E-17,0.0863013138238574));
#262=CARTESIAN_POINT('',(0.,-0.18415,0.178181));
#263=CARTESIAN_POINT('',(0.,-0.18415,0.178181));
#264=CARTESIAN_POINT('',(0.,-0.1749425,0.125985488079805));
#265=CARTESIAN_POINT('',(0.6096,-0.1749425,0.125985488079805));
#266=CARTESIAN_POINT('',(0.6096,-0.165735,0.0737899761596103));
#267=CARTESIAN_POINT('',(0.,-0.1749425,0.125985488079805));
#268=CARTESIAN_POINT('',(0.,-0.165735,0.0737899761596103));
#269=CARTESIAN_POINT('',(0.,-0.165735,0.0737899761596103));
#270=CARTESIAN_POINT('',(0.,-0.0828675,0.0368949880798051));
#271=CARTESIAN_POINT('',(0.6096,-0.0828675,0.0368949880798051));
#272=CARTESIAN_POINT('',(0.6096,0.,0.));
#273=CARTESIAN_POINT('',(0.,-0.0828675,0.0368949880798051));
#274=CARTESIAN_POINT('',(0.,0.,0.));
#275=CARTESIAN_POINT('',(0.,0.,0.));
#276=CARTESIAN_POINT('',(0.,0.0828675,0.0368949880798051));
#277=CARTESIAN_POINT('',(0.6096,0.0828675,0.0368949880798051));
#278=CARTESIAN_POINT('',(0.6096,0.165735,0.0737899761596103));
#279=CARTESIAN_POINT('',(0.,0.0828675,0.0368949880798051));
#280=CARTESIAN_POINT('',(0.,0.165735,0.0737899761596103));
#281=CARTESIAN_POINT('',(0.,0.165735,0.0737899761596103));
#282=CARTESIAN_POINT('',(0.,0.1749425,0.125985488079805));
#283=CARTESIAN_POINT('',(0.6096,0.1749425,0.125985488079805));
#284=CARTESIAN_POINT('',(0.,0.1749425,0.125985488079805));
#285=CARTESIAN_POINT('',(0.,-2.77555756156289E-17,0.14605));
#286=CARTESIAN_POINT('',(0.6096,0.18415,0.178181));
#287=CARTESIAN_POINT('',(0.711260259122201,0.18415,0.178181));
#288=CARTESIAN_POINT('',(0.904743654780351,0.172729523492664,0.180291211134056));
#289=CARTESIAN_POINT('',(1.1693783252368,0.125177598299639,0.186683811638755));
#290=CARTESIAN_POINT('',(1.37182985424205,0.0661556744638721,0.190750043359696));
#291=CARTESIAN_POINT('',(1.48336977397544,0.0284623904525648,0.196524544310233));
#292=CARTESIAN_POINT('',(1.524,0.014732,0.198628));
#293=CARTESIAN_POINT('',(0.6096,0.183089557596499,0.180306393291291));
#294=CARTESIAN_POINT('',(0.711260259238685,0.183089557596499,0.180306393291291));
#295=CARTESIAN_POINT('',(0.904743654731177,0.171734846810351,0.182284793379177));
#296=CARTESIAN_POINT('',(1.16937832524655,0.124456753155978,0.188128566608323));
#297=CARTESIAN_POINT('',(1.37182985424092,0.0657747117571998,0.191513588440806));
#298=CARTESIAN_POINT('',(1.48336977397514,0.0282984875161494,0.196853047018471));
#299=CARTESIAN_POINT('',(1.524,0.0146471646077199,0.198798031463303));
#300=CARTESIAN_POINT('',(0.6096,0.181992315775525,0.182413425782224));
#301=CARTESIAN_POINT('',(0.71126026215391,0.181992315775525,0.182413425782224));
#302=CARTESIAN_POINT('',(0.904743653500506,0.170705652909221,0.18426115351028));
#303=CARTESIAN_POINT('',(1.16937832549054,0.1237108932814,0.18956084066075));
#304=CARTESIAN_POINT('',(1.37182985421258,0.0653805289023723,0.192270537425628));
#305=CARTESIAN_POINT('',(1.48336977396757,0.0281288968285066,0.197178711864809));
#306=CARTESIAN_POINT('',(1.524,0.014559385262042,0.198966594062578));
#307=CARTESIAN_POINT('',(0.6096,0.179725548459356,0.186588243667282));
#308=CARTESIAN_POINT('',(0.711260273116772,0.179725548459356,0.186588243667282));
#309=CARTESIAN_POINT('',(0.904743648872502,0.168579464267404,0.188177060672673));
#310=CARTESIAN_POINT('',(1.1693783264081,0.122170038062599,0.192398710202916));
#311=CARTESIAN_POINT('',(1.37182985410598,0.0645661953663753,0.193770335921147));
#312=CARTESIAN_POINT('',(1.48336977393911,0.027778543223196,0.197823975490727));
#313=CARTESIAN_POINT('',(1.524,0.0143780438767485,0.199300579493383));
#314=CARTESIAN_POINT('',(0.6096,0.178556023030117,0.188656028938036));
#315=CARTESIAN_POINT('',(0.711260281164408,0.178556023030117,0.188656028938036));
#316=CARTESIAN_POINT('',(0.904743645475169,0.167482469588582,0.190116607588245));
#317=CARTESIAN_POINT('',(1.16937832708166,0.12137504276321,0.193804305608794));
#318=CARTESIAN_POINT('',(1.37182985402773,0.0641460447089004,0.194513185387523));
#319=CARTESIAN_POINT('',(1.48336977391822,0.0275977803157226,0.19814357425124));
#320=CARTESIAN_POINT('',(1.524,0.0142844818424093,0.199466002315043));
#321=CARTESIAN_POINT('',(0.6096,0.176146090504164,0.192749873544199));
#322=CARTESIAN_POINT('',(0.711260301927019,0.176146090504164,0.192749873544199));
#323=CARTESIAN_POINT('',(0.904743636710171,0.165221994449525,0.193956563211788));
#324=CARTESIAN_POINT('',(1.16937832881942,0.119736869721326,0.196587132845348));
#325=CARTESIAN_POINT('',(1.37182985382584,0.0632802792369112,0.195983894326274));
#326=CARTESIAN_POINT('',(1.48336977386431,0.0272252989661815,0.19877632257398));
#327=CARTESIAN_POINT('',(1.524,0.0140916872403331,0.199793509883536));
#328=CARTESIAN_POINT('',(0.6096,0.174905683465179,0.194775932781542));
#329=CARTESIAN_POINT('',(0.711260314641993,0.174905683465179,0.194775932781542));
#330=CARTESIAN_POINT('',(0.904743631342508,0.164058514043438,0.195856971827777));
#331=CARTESIAN_POINT('',(1.16937832988362,0.118893692018072,0.197964364609363));
#332=CARTESIAN_POINT('',(1.3718298537022,0.0628346644431355,0.196711753763419));
#333=CARTESIAN_POINT('',(1.4833697738313,0.0270335805330363,0.199089472121052));
#334=CARTESIAN_POINT('',(1.524,0.0139924546772143,0.199955594622524));
#335=CARTESIAN_POINT('',(0.6096,0.172355474673673,0.198783896548691));
#336=CARTESIAN_POINT('',(0.711260344274208,0.172355474673673,0.198783896548691));
#337=CARTESIAN_POINT('',(0.904743618833182,0.161666462186997,0.199616372705731));
#338=CARTESIAN_POINT('',(1.16937833236374,0.117160164938608,0.20068881358272));
#339=CARTESIAN_POINT('',(1.37182985341407,0.0619185048850266,0.198151610110106));
#340=CARTESIAN_POINT('',(1.48336977375437,0.026639417957096,0.199708946623688));
#341=CARTESIAN_POINT('',(1.524,0.0137884379738938,0.200276231723895));
#342=CARTESIAN_POINT('',(0.6096,0.17104567298224,0.20076580098249));
#343=CARTESIAN_POINT('',(0.711260361191448,0.17104567298224,0.20076580098249));
#344=CARTESIAN_POINT('',(0.904743611691519,0.160437890793942,0.201475364877646));
#345=CARTESIAN_POINT('',(1.16937833377965,0.116269815603923,0.2020360307268));
#346=CARTESIAN_POINT('',(1.37182985324958,0.0614479601426392,0.198863606985158));
#347=CARTESIAN_POINT('',(1.48336977371045,0.0264369738237429,0.200015271564413));
#348=CARTESIAN_POINT('',(1.524,0.0136836538385792,0.200434784078599));
#349=CARTESIAN_POINT('',(0.6096,0.168358245027774,0.204683079301502));
#350=CARTESIAN_POINT('',(0.711260398763121,0.168358245027774,0.204683079301502));
#351=CARTESIAN_POINT('',(0.904743595830528,0.157917129729616,0.205149704369534));
#352=CARTESIAN_POINT('',(1.16937833692428,0.114443012579522,0.204698835461229));
#353=CARTESIAN_POINT('',(1.37182985288425,0.0604825047589805,0.200270884689514));
#354=CARTESIAN_POINT('',(1.4833697736129,0.0260216025299436,0.200620729642214));
#355=CARTESIAN_POINT('',(1.524,0.013468659602222,0.20074816634412));
#356=CARTESIAN_POINT('',(0.6096,0.166980618829116,0.206618453092882));
#357=CARTESIAN_POINT('',(0.711260419417554,0.166980618829116,0.206618453092882));
#358=CARTESIAN_POINT('',(0.904743587111198,0.156624940118726,0.206965051601492));
#359=CARTESIAN_POINT('',(1.16937833865298,0.113506558933567,0.206014422987794));
#360=CARTESIAN_POINT('',(1.37182985268341,0.0599875941408357,0.200966165485107));
#361=CARTESIAN_POINT('',(1.48336977355928,0.0258086753794472,0.200919862764787));
#362=CARTESIAN_POINT('',(1.524,0.0133584495063293,0.20090299624743));
#363=CARTESIAN_POINT('',(0.6096,0.164159193307896,0.210440350065231));
#364=CARTESIAN_POINT('',(0.711260463998539,0.164159193307896,0.210440350065231));
#365=CARTESIAN_POINT('',(0.904743568291205,0.153978491648184,0.210549925035497));
#366=CARTESIAN_POINT('',(1.16937834238426,0.111588669872868,0.20861239140456));
#367=CARTESIAN_POINT('',(1.37182985224992,0.0589740002863372,0.202339177551016));
#368=CARTESIAN_POINT('',(1.48336977344353,0.0253725933006104,0.201510578615433));
#369=CARTESIAN_POINT('',(1.524,0.0131327354646317,0.201208748005218));
#370=CARTESIAN_POINT('',(0.6096,0.162715394052919,0.212326873154652));
#371=CARTESIAN_POINT('',(0.711260487925092,0.162715394052919,0.212326873154652));
#372=CARTESIAN_POINT('',(0.904743558190541,0.152624232851924,0.212319451151672));
#373=CARTESIAN_POINT('',(1.16937834438683,0.110607234504066,0.209894772232529));
#374=CARTESIAN_POINT('',(1.37182985201727,0.0584553170742632,0.203016908788444));
#375=CARTESIAN_POINT('',(1.48336977338142,0.0251494383827159,0.201802161329356));
#376=CARTESIAN_POINT('',(1.524,0.0130172315242335,0.201359669852372));
#377=CARTESIAN_POINT('',(0.6096,0.159763353192826,0.216048807221691));
#378=CARTESIAN_POINT('',(0.711260538585244,0.159763353192826,0.216048807221691));
#379=CARTESIAN_POINT('',(0.904743536804209,0.149855269446576,0.215810561104812));
#380=CARTESIAN_POINT('',(1.16937834862692,0.108600558506516,0.212424789976442));
#381=CARTESIAN_POINT('',(1.37182985152467,0.0573947998103783,0.204354009296263));
#382=CARTESIAN_POINT('',(1.48336977324989,0.02469316827904,0.202377426823001));
#383=CARTESIAN_POINT('',(1.524,0.012781068255426,0.201657424577736));
#384=CARTESIAN_POINT('',(0.6096,0.158255111658422,0.217884218110154));
#385=CARTESIAN_POINT('',(0.711260565318844,0.158255111658422,0.217884218110154));
#386=CARTESIAN_POINT('',(0.904743525518542,0.148440564903816,0.217532144858152));
#387=CARTESIAN_POINT('',(1.16937835086443,0.107575317925835,0.213672426831782));
#388=CARTESIAN_POINT('',(1.37182985126473,0.0568529657839711,0.205013378534627));
#389=CARTESIAN_POINT('',(1.48336977318048,0.0244600531041882,0.202661109588943));
#390=CARTESIAN_POINT('',(1.524,0.0126604089326737,0.201804257448813));
#391=CARTESIAN_POINT('',(0.6096,0.155175994264512,0.221501727545327));
#392=CARTESIAN_POINT('',(0.711260621128019,0.155175994264512,0.221501727545327));
#393=CARTESIAN_POINT('',(0.904743501958535,0.145552405901762,0.220925306307881));
#394=CARTESIAN_POINT('',(1.16937835553547,0.105482260525605,0.216131461004582));
#395=CARTESIAN_POINT('',(1.37182985072206,0.0557467964223225,0.206312964614253));
#396=CARTESIAN_POINT('',(1.48336977303559,0.0239841419365815,0.203220235117098));
#397=CARTESIAN_POINT('',(1.524,0.0124140795411609,0.202093658203626));
#398=CARTESIAN_POINT('',(0.6096,0.153605118478761,0.223283826005383));
#399=CARTESIAN_POINT('',(0.711260650203593,0.153605118478761,0.223283826005383));
#400=CARTESIAN_POINT('',(0.904743489684197,0.144078951511652,0.22259688392299));
#401=CARTESIAN_POINT('',(1.169378357969,0.104414443756193,0.21734285826314));
#402=CARTESIAN_POINT('',(1.37182985043934,0.0551824611135783,0.206953181424387));
#403=CARTESIAN_POINT('',(1.4833697729601,0.0237413459552267,0.203495677865918));
#404=CARTESIAN_POINT('',(1.524,0.0122884094783009,0.20223622608043));
#405=CARTESIAN_POINT('',(0.6096,0.15040261569107,0.226792574262793));
#406=CARTESIAN_POINT('',(0.711260710231644,0.15040261569107,0.226792574262793));
#407=CARTESIAN_POINT('',(0.904743464343179,0.141075059138576,0.22588802926406));
#408=CARTESIAN_POINT('',(1.16937836299315,0.102237514038511,0.219727961059233));
#409=CARTESIAN_POINT('',(1.37182984985565,0.0540319656919536,0.208213695176724));
#410=CARTESIAN_POINT('',(1.48336977280425,0.0232463642296295,0.204037993168129));
#411=CARTESIAN_POINT('',(1.524,0.0120322092552856,0.202516925941023));
#412=CARTESIAN_POINT('',(0.6096,0.14877098876584,0.228519223976097));
#413=CARTESIAN_POINT('',(0.711260741198012,0.14877098876584,0.228519223976097));
#414=CARTESIAN_POINT('',(0.904743451270636,0.139544621227565,0.227507596911184));
#415=CARTESIAN_POINT('',(1.16937836558493,0.101128401142387,0.220901666539636));
#416=CARTESIAN_POINT('',(1.37182984955455,0.053445805606632,0.208833992088733));
#417=CARTESIAN_POINT('',(1.48336977272386,0.0229941784972439,0.20430486570853));
#418=CARTESIAN_POINT('',(1.524,0.0119016791012672,0.202655057918088));
#419=CARTESIAN_POINT('',(0.6096,0.145448939634568,0.231915004889004));
#420=CARTESIAN_POINT('',(0.711260804704801,0.145448939634568,0.231915004889004));
#421=CARTESIAN_POINT('',(0.90474342446106,0.136428596446333,0.230692780831749));
#422=CARTESIAN_POINT('',(1.16937837090023,0.0988702087357289,0.223209978779817));
#423=CARTESIAN_POINT('',(1.37182984893704,0.0522523632993748,0.210053922453246));
#424=CARTESIAN_POINT('',(1.48336977255898,0.0224807195807256,0.204829720675863));
#425=CARTESIAN_POINT('',(1.524,0.0116359151707654,0.202926720391121));
#426=CARTESIAN_POINT('',(0.6096,0.143758517508102,0.233584136007264));
#427=CARTESIAN_POINT('',(0.71126083724522,0.143758517508102,0.233584136007264));
#428=CARTESIAN_POINT('',(0.904743410724026,0.134843009650754,0.232258397028892));
#429=CARTESIAN_POINT('',(1.16937837362376,0.0977211292792881,0.224344585484303));
#430=CARTESIAN_POINT('',(1.37182984862063,0.0516450811060269,0.210653555876526));
#431=CARTESIAN_POINT('',(1.48336977247449,0.0222194464088921,0.205087703090224));
#432=CARTESIAN_POINT('',(1.524,0.0115006814006482,0.203060250880581));
#433=CARTESIAN_POINT('',(0.6096,0.140320904391497,0.236862878830297));
#434=CARTESIAN_POINT('',(0.711260903569478,0.140320904391497,0.236862878830297));
#435=CARTESIAN_POINT('',(0.904743382725047,0.131618587844708,0.235333801240011));
#436=CARTESIAN_POINT('',(1.16937837917488,0.0953843812270484,0.226573340043247));
#437=CARTESIAN_POINT('',(1.37182984797572,0.0504101225707304,0.211831440442648));
#438=CARTESIAN_POINT('',(1.4833697723023,0.0216881258183428,0.205594468544596));
#439=CARTESIAN_POINT('',(1.524,0.0112256723513198,0.203322550306424));
#440=CARTESIAN_POINT('',(0.6096,0.138573713483703,0.238472490456533));
#441=CARTESIAN_POINT('',(0.711260937353315,0.138573713483703,0.238472490456533));
#442=CARTESIAN_POINT('',(0.904743368463101,0.12997975291148,0.236843589180319));
#443=CARTESIAN_POINT('',(1.16937838200247,0.0941967126872241,0.227667487844318));
#444=CARTESIAN_POINT('',(1.37182984764722,0.0497824462583641,0.212409691557274));
#445=CARTESIAN_POINT('',(1.48336977221459,0.0214180784123541,0.20584325157247));
#446=CARTESIAN_POINT('',(1.524,0.0110858970786962,0.203451319236523));
#447=CARTESIAN_POINT('',(0.6096,0.135024657274144,0.241630264745559));
#448=CARTESIAN_POINT('',(0.711261005833773,0.135024657274144,0.241630264745559));
#449=CARTESIAN_POINT('',(0.904743339553875,0.126650799406588,0.239805526993194));
#450=CARTESIAN_POINT('',(1.16937838773405,0.0917842102026024,0.22981401296771));
#451=CARTESIAN_POINT('',(1.37182984698134,0.0485074519208478,0.213544118317498));
#452=CARTESIAN_POINT('',(1.4833697720368,0.0208695330766246,0.206331320020884));
#453=CARTESIAN_POINT('',(1.524,0.0108019725819315,0.203703941179645));
#454=CARTESIAN_POINT('',(0.6096,0.133222792057392,0.243178427332709));
#455=CARTESIAN_POINT('',(0.711261040530394,0.133222792057392,0.243178427332709));
#456=CARTESIAN_POINT('',(0.904743324906595,0.124960680914666,0.24125767679481));
#457=CARTESIAN_POINT('',(1.16937839063804,0.0905593763155942,0.230866390238613));
#458=CARTESIAN_POINT('',(1.37182984664397,0.0478601339262393,0.214100293935921));
#459=CARTESIAN_POINT('',(1.48336977194672,0.0205910351600237,0.206570605429732));
#460=CARTESIAN_POINT('',(1.524,0.0106578233645914,0.203827794186616));
#461=CARTESIAN_POINT('',(0.6096,0.129566547241403,0.246211447656512));
#462=CARTESIAN_POINT('',(0.711261110505785,0.129566547241403,0.246211447656512));
#463=CARTESIAN_POINT('',(0.904743295366279,0.1215311863459,0.244102597540257));
#464=CARTESIAN_POINT('',(1.16937839649475,0.0880740114235984,0.232928112745958));
#465=CARTESIAN_POINT('',(1.37182984596356,0.0465466322058658,0.215189902978461));
#466=CARTESIAN_POINT('',(1.48336977176504,0.020025922656397,0.207039391792516));
#467=CARTESIAN_POINT('',(1.524,0.0103653237793123,0.204070435812521));
#468=CARTESIAN_POINT('',(0.6096,0.127712167729747,0.247696305320512));
#469=CARTESIAN_POINT('',(0.711261145784556,0.127712167729747,0.247696305320512));
#470=CARTESIAN_POINT('',(0.904743280473243,0.119791810351206,0.24549536841594));
#471=CARTESIAN_POINT('',(1.16937839944747,0.0868134804781455,0.233937457933014));
#472=CARTESIAN_POINT('',(1.37182984562052,0.0458804485115645,0.215723336376478));
#473=CARTESIAN_POINT('',(1.48336977167345,0.019739308082908,0.207268892735222));
#474=CARTESIAN_POINT('',(1.524,0.0102169734183798,0.204189224425641));
#475=CARTESIAN_POINT('',(0.6096,0.123953117287869,0.250600935798639));
#476=CARTESIAN_POINT('',(0.711261216593613,0.123953117287869,0.250600935798639));
#477=CARTESIAN_POINT('',(0.904743250580992,0.116265885878708,0.248219861700812));
#478=CARTESIAN_POINT('',(1.16937840537395,0.0842582325487319,0.235911906302278));
#479=CARTESIAN_POINT('',(1.371829844932,0.0445300139890221,0.216766821515489));
#480=CARTESIAN_POINT('',(1.48336977148961,0.0191583058488183,0.207717835047407));
#481=CARTESIAN_POINT('',(1.524,0.00991624938302953,0.204421594863891));
#482=CARTESIAN_POINT('',(0.6096,0.122048446447691,0.252020708543188));
#483=CARTESIAN_POINT('',(0.711261252123899,0.122048446447691,0.252020708543188));
#484=CARTESIAN_POINT('',(0.904743235581778,0.114479337485364,0.249551584044737));
#485=CARTESIAN_POINT('',(1.16937840834771,0.0829635156259798,0.23687700943719));
#486=CARTESIAN_POINT('',(1.37182984458652,0.0438457631931294,0.217276873231487));
#487=CARTESIAN_POINT('',(1.48336977139737,0.0188639182021349,0.207937276406132));
#488=CARTESIAN_POINT('',(1.524,0.0097638757158153,0.204535176683455));
#489=CARTESIAN_POINT('',(0.6096,0.118191096600313,0.254793467204518));
#490=CARTESIAN_POINT('',(0.711261323105352,0.118191096600313,0.254793467204518));
#491=CARTESIAN_POINT('',(0.90474320561675,0.110861209866128,0.252152383840185));
#492=CARTESIAN_POINT('',(1.16937841428862,0.0803414478024862,0.23876181676757));
#493=CARTESIAN_POINT('',(1.37182984389633,0.0424600147228799,0.218272983572871));
#494=CARTESIAN_POINT('',(1.48336977121308,0.0182677227230785,0.208365836491115));
#495=CARTESIAN_POINT('',(1.524,0.00945528772802501,0.204756997376361));
#496=CARTESIAN_POINT('',(0.6096,0.116238417685511,0.256146453054878));
#497=CARTESIAN_POINT('',(0.71126135855652,0.116238417685511,0.256146453054878));
#498=CARTESIAN_POINT('',(0.904743190650935,0.109029630726905,0.253421461229407));
#499=CARTESIAN_POINT('',(1.16937841725577,0.0790140969645539,0.239681520917892));
#500=CARTESIAN_POINT('',(1.37182984355162,0.0417585170817174,0.218759042174395));
#501=CARTESIAN_POINT('',(1.48336977112104,0.0179659149049869,0.208574955207106));
#502=CARTESIAN_POINT('',(1.524,0.00929907341484088,0.20486523624439));
#503=CARTESIAN_POINT('',(0.6096,0.112287392490967,0.258784016011687));
#504=CARTESIAN_POINT('',(0.711261429049103,0.112287392490967,0.258784016011687));
#505=CARTESIAN_POINT('',(0.904743160892285,0.105323637247888,0.25589544978608));
#506=CARTESIAN_POINT('',(1.16937842315576,0.0763283524917093,0.241474427767186));
#507=CARTESIAN_POINT('',(1.37182984286618,0.0403391158513683,0.219706583615333));
#508=CARTESIAN_POINT('',(1.48336977093802,0.0173552408795998,0.208982619321795));
#509=CARTESIAN_POINT('',(1.524,0.00898299139927739,0.205076241280935));
#510=CARTESIAN_POINT('',(0.6096,0.110289046305869,0.260068593054955));
#511=CARTESIAN_POINT('',(0.711261464090518,0.110289046305869,0.260068593054955));
#512=CARTESIAN_POINT('',(0.904743146099449,0.103449222996867,0.25710036089427));
#513=CARTESIAN_POINT('',(1.16937842608861,0.0749699589211315,0.242347630423211));
#514=CARTESIAN_POINT('',(1.37182984252545,0.0396212122961822,0.220168066432048));
#515=CARTESIAN_POINT('',(1.48336977084705,0.0170463746869326,0.209181164710727));
#516=CARTESIAN_POINT('',(1.524,0.00882312370446949,0.205179007444396));
#517=CARTESIAN_POINT('',(0.6096,0.10624908211728,0.262567798487482));
#518=CARTESIAN_POINT('',(0.711261533432962,0.10624908211728,0.262567798487482));
#519=CARTESIAN_POINT('',(0.904743116826334,0.0996598062755948,0.259444572479775));
#520=CARTESIAN_POINT('',(1.16937843189234,0.0722237573770421,0.244046487516347));
#521=CARTESIAN_POINT('',(1.37182984185119,0.0381698598351126,0.221065903092448));
#522=CARTESIAN_POINT('',(1.48336977066702,0.0164219541702343,0.209567444161401));
#523=CARTESIAN_POINT('',(1.524,0.00849992656938241,0.205378943878998));
#524=CARTESIAN_POINT('',(0.6096,0.104207464210564,0.263782426816875));
#525=CARTESIAN_POINT('',(0.711261567732161,0.104207464210564,0.263782426816875));
#526=CARTESIAN_POINT('',(0.904743102346826,0.0977448038961152,0.260583872900936));
#527=CARTESIAN_POINT('',(1.16937843476307,0.0708359494693132,0.244872141912764));
#528=CARTESIAN_POINT('',(1.37182984151768,0.0374364109639949,0.221502256914625));
#529=CARTESIAN_POINT('',(1.48336977057797,0.0161063998611607,0.209755178213891));
#530=CARTESIAN_POINT('',(1.524,0.00833659713684512,0.20547611414535));
#531=CARTESIAN_POINT('',(0.6096,0.100083403998058,0.2661402787636));
#532=CARTESIAN_POINT('',(0.711261635375637,0.100083403998058,0.2661402787636));
#533=CARTESIAN_POINT('',(0.904743073790935,0.0938765065550278,0.262795497355044));
#534=CARTESIAN_POINT('',(1.1693784404246,0.068032582905943,0.246474912718288));
#535=CARTESIAN_POINT('',(1.37182984085994,0.0359548471036204,0.222349312498776));
#536=CARTESIAN_POINT('',(1.48336977040235,0.0154689813869917,0.210119609942031));
#537=CARTESIAN_POINT('',(1.524,0.00800667231984462,0.205664742301088));
#538=CARTESIAN_POINT('',(0.6096,0.0980009617910558,0.267283502324451));
#539=CARTESIAN_POINT('',(0.711261668719913,0.0980009617910558,0.267283502324451));
#540=CARTESIAN_POINT('',(0.904743059714551,0.0919232116860814,0.263867821335014));
#541=CARTESIAN_POINT('',(1.1693784432154,0.0666170243174537,0.247252029089001));
#542=CARTESIAN_POINT('',(1.37182984053572,0.0352067321498531,0.222760014240461));
#543=CARTESIAN_POINT('',(1.48336977031578,0.0151471172371649,0.210296307608952));
#544=CARTESIAN_POINT('',(1.524,0.00784007694328446,0.205756200185956));
#545=CARTESIAN_POINT('',(0.6096,0.0937977493361804,0.26949717427355));
#546=CARTESIAN_POINT('',(0.711261734242665,0.0937977493361804,0.26949717427355));
#547=CARTESIAN_POINT('',(0.90474303205393,0.0879806709069935,0.265944207438391));
#548=CARTESIAN_POINT('',(1.16937844869944,0.0637598533142258,0.248756792260391));
#549=CARTESIAN_POINT('',(1.3718298398986,0.0336967329379757,0.223555273327261));
#550=CARTESIAN_POINT('',(1.48336977014567,0.0144974649208698,0.210638454746335));
#551=CARTESIAN_POINT('',(1.524,0.00750381994689444,0.205933293941884));
#552=CARTESIAN_POINT('',(0.6096,0.0916769791889911,0.270567622608772));
#553=CARTESIAN_POINT('',(0.71126176642114,0.0916769791889911,0.270567622608772));
#554=CARTESIAN_POINT('',(0.904743018469693,0.0859914250912918,0.266948269512062));
#555=CARTESIAN_POINT('',(1.16937845139267,0.062318240967928,0.249484439025023));
#556=CARTESIAN_POINT('',(1.37182983958571,0.0329348487160362,0.223939830653329));
#557=CARTESIAN_POINT('',(1.48336977006212,0.0141696767699632,0.210803904208602));
#558=CARTESIAN_POINT('',(1.524,0.00733415833511929,0.206018929808702));
#559=CARTESIAN_POINT('',(0.6096,0.0873996531582811,0.272634460886447));
#560=CARTESIAN_POINT('',(0.71126182940141,0.0873996531582811,0.272634460886447));
#561=CARTESIAN_POINT('',(0.904742991882387,0.0819793670564978,0.26888692816446));
#562=CARTESIAN_POINT('',(1.1693784566639,0.0594106906031775,0.250889390703943));
#563=CARTESIAN_POINT('',(1.37182983897332,0.0313982242877794,0.224682339913537));
#564=CARTESIAN_POINT('',(1.48336976989861,0.0135085693923961,0.211123356601008));
#565=CARTESIAN_POINT('',(1.524,0.00699197225266249,0.206184276870916));
#566=CARTESIAN_POINT('',(0.6096,0.0852430973772197,0.273630850779389));
#567=CARTESIAN_POINT('',(0.711261860203205,0.0852430973772197,0.273630850779389));
#568=CARTESIAN_POINT('',(0.904742978879319,0.0799565549335106,0.269821524696748));
#569=CARTESIAN_POINT('',(1.16937845924191,0.0579447526543723,0.251566695584577));
#570=CARTESIAN_POINT('',(1.37182983867381,0.0306234841182704,0.225040291829891));
#571=CARTESIAN_POINT('',(1.48336976981864,0.0131752501815717,0.211277359523495));
#572=CARTESIAN_POINT('',(1.524,0.00681944779017758,0.206263988062351));
#573=CARTESIAN_POINT('',(0.6096,0.0808967852820153,0.275548377730994));
#574=CARTESIAN_POINT('',(0.711261920219238,0.0808967852820153,0.275548377730994));
#575=CARTESIAN_POINT('',(0.904742953543375,0.0758797891602004,0.271620131900848));
#576=CARTESIAN_POINT('',(1.16937846426505,0.0549903083994803,0.252870151563271));
#577=CARTESIAN_POINT('',(1.37182983809024,0.0290620765261513,0.225729161168942));
#578=CARTESIAN_POINT('',(1.48336976966283,0.0125034802555201,0.21157373422238));
#579=CARTESIAN_POINT('',(1.524,0.00647174282256122,0.206417390218479));
#580=CARTESIAN_POINT('',(0.6096,0.0787070290719841,0.276469514743722));
#581=CARTESIAN_POINT('',(0.711261949433476,0.0787070290719841,0.276469514743722));
#582=CARTESIAN_POINT('',(0.904742941210499,0.0738258356075325,0.272484142529575));
#583=CARTESIAN_POINT('',(1.16937846671019,0.0535018021641644,0.25349630263011));
#584=CARTESIAN_POINT('',(1.37182983780618,0.0282754091409432,0.226060078575135));
#585=CARTESIAN_POINT('',(1.48336976958698,0.0121650295563844,0.211716105991681));
#586=CARTESIAN_POINT('',(1.524,0.00629656232575873,0.206491081179498));
#587=CARTESIAN_POINT('',(0.6096,0.074296941121747,0.278235431703894));
#588=CARTESIAN_POINT('',(0.711262006063515,0.074296941121747,0.278235431703894));
#589=CARTESIAN_POINT('',(0.904742917303963,0.0696892491823074,0.274140542176917));
#590=CARTESIAN_POINT('',(1.16937847144993,0.0505040057052947,0.254696700370381));
#591=CARTESIAN_POINT('',(1.37182983725553,0.0266910901466835,0.226694482200156));
#592=CARTESIAN_POINT('',(1.48336976943995,0.0114834023765321,0.211989047713251));
#593=CARTESIAN_POINT('',(1.524,0.00594375528973976,0.206632354536312));
#594=CARTESIAN_POINT('',(0.6096,0.0720766094871807,0.279080211609037));
#595=CARTESIAN_POINT('',(0.711262033479316,0.0720766094871807,0.279080211609037));
#596=CARTESIAN_POINT('',(0.904742905730302,0.0676066164088384,0.274932931155855));
#597=CARTESIAN_POINT('',(1.16937847374454,0.0489947155535504,0.255270947015059));
#598=CARTESIAN_POINT('',(1.37182983698895,0.0258934385755827,0.226997968403784));
#599=CARTESIAN_POINT('',(1.48336976936877,0.0111402259121432,0.212119617658984));
#600=CARTESIAN_POINT('',(1.524,0.00576612875897446,0.206699936928723));
#601=CARTESIAN_POINT('',(0.6096,0.0676080323436746,0.280692401657258));
#602=CARTESIAN_POINT('',(0.711262086301605,0.0676080323436746,0.280692401657258));
#603=CARTESIAN_POINT('',(0.904742883431218,0.0634151681292401,0.276445137611511));
#604=CARTESIAN_POINT('',(1.16937847816559,0.045957160545998,0.25636684752138));
#605=CARTESIAN_POINT('',(1.37182983647533,0.024288107406305,0.227577145813526));
#606=CARTESIAN_POINT('',(1.48336976923163,0.0104495585897111,0.21236879921009));
#607=CARTESIAN_POINT('',(1.524,0.00540864258749396,0.206828912132581));
#608=CARTESIAN_POINT('',(0.6096,0.0653597869417752,0.281459811761718));
#609=CARTESIAN_POINT('',(0.711262111708092,0.0653597869417752,0.281459811761718));
#610=CARTESIAN_POINT('',(0.904742872705795,0.061306352723513,0.277164955052004));
#611=CARTESIAN_POINT('',(1.16937848029203,0.0444288957629518,0.25688850135677));
#612=CARTESIAN_POINT('',(1.37182983622829,0.0234804278465822,0.227852837005766));
#613=CARTESIAN_POINT('',(1.48336976916567,0.0101020677482121,0.212487410809494));
#614=CARTESIAN_POINT('',(1.524,0.00522878295534202,0.206890304940937));
#615=CARTESIAN_POINT('',(0.6096,0.0608380773815967,0.282916342260005));
#616=CARTESIAN_POINT('',(0.711262160300874,0.0608380773815967,0.282916342260005));
#617=CARTESIAN_POINT('',(0.90474285219221,0.0570650671535871,0.27853115553488));
#618=CARTESIAN_POINT('',(1.16937848435908,0.0413552235231926,0.257878590901303));
#619=CARTESIAN_POINT('',(1.37182983575579,0.0218560089180818,0.228376093902271));
#620=CARTESIAN_POINT('',(1.48336976903951,0.00940318823143286,0.212712533479862));
#621=CARTESIAN_POINT('',(1.524,0.00486704619052774,0.207006827380801));
#622=CARTESIAN_POINT('',(0.6096,0.0585646133316308,0.283605462618941));
#623=CARTESIAN_POINT('',(0.711262183487168,0.0585646133316308,0.283605462618941));
#624=CARTESIAN_POINT('',(0.904742842404048,0.0549325970909843,0.279177538544537));
#625=CARTESIAN_POINT('',(1.16937848629969,0.0398098161401065,0.258347026586728));
#626=CARTESIAN_POINT('',(1.37182983553034,0.0210392695882156,0.228623659594001));
#627=CARTESIAN_POINT('',(1.48336976897932,0.00905179957289363,0.212819044545433));
#628=CARTESIAN_POINT('',(1.524,0.00468516906653047,0.207061957009515));
#629=CARTESIAN_POINT('',(0.6096,0.0539951918246906,0.284904587528625));
#630=CARTESIAN_POINT('',(0.711262227428687,0.0539951918246906,0.284904587528625));
#631=CARTESIAN_POINT('',(0.904742823854007,0.0506465585380062,0.28039609530048));
#632=CARTESIAN_POINT('',(1.16937848997745,0.036703711280712,0.259230118284179));
#633=CARTESIAN_POINT('',(1.37182983510307,0.0193977101980373,0.229090368714897));
#634=CARTESIAN_POINT('',(1.48336976886523,0.00834554565449624,0.213019838465749));
#635=CARTESIAN_POINT('',(1.524,0.00431961534597525,0.20716588700229));
#636=CARTESIAN_POINT('',(0.6096,0.0516992344771725,0.285514592048254));
#637=CARTESIAN_POINT('',(0.711262248164148,0.0516992344771725,0.285514592048254));
#638=CARTESIAN_POINT('',(0.904742815100472,0.048492990150299,0.280968269017579));
#639=CARTESIAN_POINT('',(1.16937849171294,0.0351430138788074,0.25964477427505));
#640=CARTESIAN_POINT('',(1.37182983490144,0.018572890177047,0.229309512132883));
#641=CARTESIAN_POINT('',(1.4833697688114,0.00799068041155572,0.213114121315683));
#642=CARTESIAN_POINT('',(1.524,0.0041359387581738,0.207214687363861));
#643=CARTESIAN_POINT('',(0.6096,0.047087578688822,0.286654754023072));
#644=CARTESIAN_POINT('',(0.711262287098188,0.047087578688822,0.286654754023072));
#645=CARTESIAN_POINT('',(0.904742798664353,0.0441673365698809,0.282037721282661));
#646=CARTESIAN_POINT('',(1.16937849497159,0.0320081998914582,0.260419809505462));
#647=CARTESIAN_POINT('',(1.37182983452287,0.0169161581701312,0.229719114003326));
#648=CARTESIAN_POINT('',(1.48336976871032,0.00727789872444813,0.2132903457811));
#649=CARTESIAN_POINT('',(1.524,0.00376700629510576,0.207305900321846));
#650=CARTESIAN_POINT('',(0.6096,0.0447718803584575,0.287184911450951));
#651=CARTESIAN_POINT('',(0.711262305296767,0.0447718803584575,0.287184911450951));
#652=CARTESIAN_POINT('',(0.904742790981769,0.0419952514807872,0.282534999805027));
#653=CARTESIAN_POINT('',(1.16937849649475,0.0304340833811052,0.260780188726438));
#654=CARTESIAN_POINT('',(1.37182983434591,0.0160842462238911,0.229909572445973));
#655=CARTESIAN_POINT('',(1.48336976866307,0.00691998229735507,0.21337228739236));
#656=CARTESIAN_POINT('',(1.524,0.0035817504286766,0.207348312916076));
#657=CARTESIAN_POINT('',(0.6096,0.0401235185830522,0.288164743703942));
#658=CARTESIAN_POINT('',(0.71126233909076,0.0401235185830522,0.288164743703942));
#659=CARTESIAN_POINT('',(0.904742776715536,0.0376351683176741,0.283454065556652));
#660=CARTESIAN_POINT('',(1.16937849932319,0.0272743181729972,0.261446238404231));
#661=CARTESIAN_POINT('',(1.37182983401731,0.0144143276335896,0.230261576049329));
#662=CARTESIAN_POINT('',(1.48336976857533,0.00620152729970988,0.21352373115105));
#663=CARTESIAN_POINT('',(1.524,0.00320988148664417,0.207426699496316));
#664=CARTESIAN_POINT('',(0.6096,0.0377908552493585,0.288614418505582));
#665=CARTESIAN_POINT('',(0.711262354686174,0.0377908552493585,0.288614418505582));
#666=CARTESIAN_POINT('',(0.904742770131887,0.0354471703480965,0.283875852763896));
#667=CARTESIAN_POINT('',(1.16937850062848,0.0256886695509315,0.261751908845096));
#668=CARTESIAN_POINT('',(1.37182983386567,0.0135763210295296,0.230423121201607));
#669=CARTESIAN_POINT('',(1.48336976853484,0.00584098874636765,0.213593233294851));
#670=CARTESIAN_POINT('',(1.524,0.00302326841994869,0.207462673480447));
#671=CARTESIAN_POINT('',(0.6096,0.0331113597831288,0.289432746447537));
#672=CARTESIAN_POINT('',(0.71126238320755,0.0331113597831288,0.289432746447537));
#673=CARTESIAN_POINT('',(0.904742758091504,0.0310578843200328,0.284643430257649));
#674=CARTESIAN_POINT('',(1.16937850301562,0.0225077409399259,0.262308174532826));
#675=CARTESIAN_POINT('',(1.37182983358834,0.0118952176968168,0.230717104568061));
#676=CARTESIAN_POINT('',(1.48336976846079,0.005117721697327,0.213719714801243));
#677=CARTESIAN_POINT('',(1.524,0.0026489087826503,0.207528139715803));
#678=CARTESIAN_POINT('',(0.6096,0.0307645277626857,0.28980139956825));
#679=CARTESIAN_POINT('',(0.711262396133513,0.0307645277626857,0.28980139956825));
#680=CARTESIAN_POINT('',(0.904742752634771,0.0288565963666879,0.284989220525772));
#681=CARTESIAN_POINT('',(1.16937850409748,0.0209124610271821,0.262558769766367));
#682=CARTESIAN_POINT('',(1.37182983346265,0.0110521210084333,0.230849542775197));
#683=CARTESIAN_POINT('',(1.48336976842723,0.00475499321895376,0.213776694160805));
#684=CARTESIAN_POINT('',(1.524,0.00246116222101486,0.20755763196546));
#685=CARTESIAN_POINT('',(0.6096,0.0260595082238599,0.290457242215778));
#686=CARTESIAN_POINT('',(0.711262419249704,0.0260595082238599,0.290457242215778));
#687=CARTESIAN_POINT('',(0.904742742876203,0.024443369198808,0.285604389616153));
#688=CARTESIAN_POINT('',(1.16937850603223,0.0177141822010996,0.263004584631856));
#689=CARTESIAN_POINT('',(1.37182983323788,0.0093618481821682,0.231085153487601));
#690=CARTESIAN_POINT('',(1.48336976836722,0.00402778114618151,0.213878061793221));
#691=CARTESIAN_POINT('',(1.524,0.00208476065790879,0.207610099377262));
#692=CARTESIAN_POINT('',(0.6096,0.0237013208181815,0.290744431726882));
#693=CARTESIAN_POINT('',(0.711262429439932,0.0237013208181815,0.290744431726882));
#694=CARTESIAN_POINT('',(0.904742738574369,0.0222314300899878,0.285873768423674));
#695=CARTESIAN_POINT('',(1.16937850688512,0.0161111833643726,0.263199804253127));
#696=CARTESIAN_POINT('',(1.37182983313879,0.0085146720847755,0.231188325987227));
#697=CARTESIAN_POINT('',(1.48336976834076,0.0036632975692022,0.213922450063647));
#698=CARTESIAN_POINT('',(1.524,0.00189610566545451,0.20763307453815));
#699=CARTESIAN_POINT('',(0.6096,0.0189764174223679,0.291237002878371));
#700=CARTESIAN_POINT('',(0.711262447018368,0.0189764174223679,0.291237002878371));
#701=CARTESIAN_POINT('',(0.904742731153581,0.0177995522072414,0.286335791667134));
#702=CARTESIAN_POINT('',(1.16937850835637,0.0128993883098749,0.263534633868848));
#703=CARTESIAN_POINT('',(1.37182983296787,0.00681725600589047,0.231365281603563));
#704=CARTESIAN_POINT('',(1.48336976829513,0.002933012229521,0.213998582306054));
#705=CARTESIAN_POINT('',(1.524,0.00151811339378943,0.20767248023027));
#706=CARTESIAN_POINT('',(0.6096,0.0166097015454136,0.291442384506957));
#707=CARTESIAN_POINT('',(0.711262454406577,0.0166097015454136,0.291442384506957));
#708=CARTESIAN_POINT('',(0.904742728034627,0.0155796135394769,0.286528436092004));
#709=CARTESIAN_POINT('',(1.16937850897474,0.0112905921690398,0.263674243855279));
#710=CARTESIAN_POINT('',(1.37182983289603,0.00596701606505816,0.231439064716035));
#711=CARTESIAN_POINT('',(1.48336976827594,0.00256721048431242,0.214030326276213));
#712=CARTESIAN_POINT('',(1.524,0.00132877612363308,0.207688910760557));
#713=CARTESIAN_POINT('',(0.6096,0.011870578344305,0.291771093685052));
#714=CARTESIAN_POINT('',(0.711262466314689,0.011870578344305,0.291771093685052));
#715=CARTESIAN_POINT('',(0.904742723007583,0.0111343977246493,0.286836759630967));
#716=CARTESIAN_POINT('',(1.16937850997141,0.00806913107557873,0.263897686839004));
#717=CARTESIAN_POINT('',(1.37182983278024,0.00426449153757122,0.231557153107994));
#718=CARTESIAN_POINT('',(1.48336976824503,0.00183472731867158,0.214081131863898));
#719=CARTESIAN_POINT('',(1.524,0.000949646267544402,0.207715207494804));
#720=CARTESIAN_POINT('',(0.6096,0.00949817113367214,0.291894421226688));
#721=CARTESIAN_POINT('',(0.711262470834593,0.00949817113367214,0.291894421226688));
#722=CARTESIAN_POINT('',(0.904742721099492,0.00890912068406734,0.286952438737674));
#723=CARTESIAN_POINT('',(1.16937851034971,0.00645646620011972,0.263981519830946));
#724=CARTESIAN_POINT('',(1.37182983273629,0.00341220699169899,0.231601458384654));
#725=CARTESIAN_POINT('',(1.48336976823329,0.00146804591578528,0.214100193480209));
#726=CARTESIAN_POINT('',(1.524,0.000759853690693772,0.207725073698135));
#727=CARTESIAN_POINT('',(0.6096,0.00475050922517463,0.292058874386131));
#728=CARTESIAN_POINT('',(0.711262476939813,0.00475050922517463,0.292058874386131));
#729=CARTESIAN_POINT('',(0.904742718522156,0.00445589570899783,0.287106692964487));
#730=CARTESIAN_POINT('',(1.1693785108607,0.00322920084446182,0.264093308326911));
#731=CARTESIAN_POINT('',(1.37182983267693,0.00170661494346067,0.231660537991934));
#732=CARTESIAN_POINT('',(1.48336976821744,0.000734242999812293,0.214125611509181));
#733=CARTESIAN_POINT('',(1.524,0.000380040738013971,0.20773822995089));
#734=CARTESIAN_POINT('',(0.6096,0.0023752546410358,0.2921));
#735=CARTESIAN_POINT('',(0.711262478525128,0.0023752546410358,0.2921));
#736=CARTESIAN_POINT('',(0.90474271785291,0.00222794788118317,0.287145268080897));
#737=CARTESIAN_POINT('',(1.16937851099338,0.00161460044156906,0.264121263828257));
#738=CARTESIAN_POINT('',(1.37182983266151,0.000853307481950437,0.231675312321139));
#739=CARTESIAN_POINT('',(1.48336976821333,0.000367121504303176,0.214131967921233));
#740=CARTESIAN_POINT('',(1.524,0.000190020371282865,0.20774152));
#741=CARTESIAN_POINT('',(0.6096,-0.00237525464103588,0.2921));
#742=CARTESIAN_POINT('',(0.711262478694886,-0.00237525464103588,0.2921));
#743=CARTESIAN_POINT('',(0.904742717781246,-0.00222794788118295,0.287145268080897));
#744=CARTESIAN_POINT('',(1.16937851100759,-0.00161460044156903,0.264121263828257));
#745=CARTESIAN_POINT('',(1.37182983265986,-0.000853307481950384,0.231675312321139));
#746=CARTESIAN_POINT('',(1.48336976821289,-0.000367121504303164,0.214131967921233));
#747=CARTESIAN_POINT('',(1.524,-0.000190020371282869,0.20774152));
#748=CARTESIAN_POINT('',(0.6096,-0.0047505092251747,0.292058874386131));
#749=CARTESIAN_POINT('',(0.711262477236889,-0.0047505092251747,0.292058874386131));
#750=CARTESIAN_POINT('',(0.904742718396744,-0.00445589570899759,0.287106692964487));
#751=CARTESIAN_POINT('',(1.16937851088556,-0.00322920084446181,0.264093308326911));
#752=CARTESIAN_POINT('',(1.37182983267404,-0.0017066149434606,0.231660537991934));
#753=CARTESIAN_POINT('',(1.48336976821667,-0.000734242999812274,0.214125611509181));
#754=CARTESIAN_POINT('',(1.524,-0.00038004073801397,0.20773822995089));
#755=CARTESIAN_POINT('',(0.6096,-0.00949817113367221,0.291894421226688));
#756=CARTESIAN_POINT('',(0.711262471317342,-0.00949817113367221,0.291894421226688));
#757=CARTESIAN_POINT('',(0.904742720895698,-0.00890912068406709,0.286952438737674));
#758=CARTESIAN_POINT('',(1.16937851039012,-0.00645646620011971,0.263981519830946));
#759=CARTESIAN_POINT('',(1.3718298327316,-0.00341220699169892,0.231601458384654));
#760=CARTESIAN_POINT('',(1.48336976823204,-0.00146804591578526,0.214100193480209));
#761=CARTESIAN_POINT('',(1.524,-0.000759853690693772,0.207725073698135));
#762=CARTESIAN_POINT('',(0.6096,-0.0118705783443051,0.291771093685052));
#763=CARTESIAN_POINT('',(0.711262466855792,-0.0118705783443051,0.291771093685052));
#764=CARTESIAN_POINT('',(0.904742722779155,-0.0111343977246492,0.286836759630967));
#765=CARTESIAN_POINT('',(1.1693785100167,-0.00806913107557865,0.263897686839004));
#766=CARTESIAN_POINT('',(1.37182983277498,-0.00426449153757115,0.231557153107994));
#767=CARTESIAN_POINT('',(1.48336976824362,-0.00183472731867157,0.214081131863898));
#768=CARTESIAN_POINT('',(1.524,-0.000949646267544403,0.207715207494804));
#769=CARTESIAN_POINT('',(0.6096,-0.0166097015454136,0.291442384506957));
#770=CARTESIAN_POINT('',(0.711262455011338,-0.0166097015454136,0.291442384506957));
#771=CARTESIAN_POINT('',(0.904742727779325,-0.0155796135394768,0.286528436092004));
#772=CARTESIAN_POINT('',(1.16937850902536,-0.0112905921690398,0.263674243855279));
#773=CARTESIAN_POINT('',(1.37182983289015,-0.00596701606505809,0.231439064716035));
#774=CARTESIAN_POINT('',(1.48336976827437,-0.00256721048431241,0.214030326276213));
#775=CARTESIAN_POINT('',(1.524,-0.00132877612363308,0.207688910760557));
#776=CARTESIAN_POINT('',(0.6096,-0.0189764174223679,0.291237002878371));
#777=CARTESIAN_POINT('',(0.711262447628435,-0.0189764174223679,0.291237002878371));
#778=CARTESIAN_POINT('',(0.90474273089604,-0.0177995522072413,0.286335791667134));
#779=CARTESIAN_POINT('',(1.16937850840743,-0.0128993883098748,0.263534633868848));
#780=CARTESIAN_POINT('',(1.37182983296194,-0.00681725600589038,0.231365281603563));
#781=CARTESIAN_POINT('',(1.48336976829354,-0.00293301222952098,0.213998582306054));
#782=CARTESIAN_POINT('',(1.524,-0.00151811339378944,0.20767248023027));
#783=CARTESIAN_POINT('',(0.6096,-0.0237013208181815,0.290744431726882));
#784=CARTESIAN_POINT('',(0.711262430023474,-0.0237013208181815,0.290744431726882));
#785=CARTESIAN_POINT('',(0.904742738328025,-0.0222314300899876,0.285873768423674));
#786=CARTESIAN_POINT('',(1.16937850693396,-0.0161111833643725,0.263199804253127));
#787=CARTESIAN_POINT('',(1.37182983313312,-0.00851467208477542,0.231188325987227));
#788=CARTESIAN_POINT('',(1.48336976833925,-0.00366329756920218,0.213922450063647));
#789=CARTESIAN_POINT('',(1.524,-0.00189610566545451,0.20763307453815));
#790=CARTESIAN_POINT('',(0.6096,-0.0260595082238599,0.290457242215778));
#791=CARTESIAN_POINT('',(0.711262419801417,-0.0260595082238599,0.290457242215778));
#792=CARTESIAN_POINT('',(0.904742742643297,-0.0244433691988079,0.285604389616153));
#793=CARTESIAN_POINT('',(1.16937850607841,-0.0177141822010995,0.263004584631856));
#794=CARTESIAN_POINT('',(1.37182983323251,-0.00936184818216812,0.231085153487601));
#795=CARTESIAN_POINT('',(1.48336976836579,-0.00402778114618149,0.213878061793221));
#796=CARTESIAN_POINT('',(1.524,-0.0020847606579088,0.207610099377262));
#797=CARTESIAN_POINT('',(0.6096,-0.0307645277626857,0.28980139956825));
#798=CARTESIAN_POINT('',(0.711262396600347,-0.0307645277626857,0.28980139956825));
#799=CARTESIAN_POINT('',(0.904742752437696,-0.0288565963666876,0.284989220525772));
#800=CARTESIAN_POINT('',(1.16937850413655,-0.020912461027182,0.262558769766367));
#801=CARTESIAN_POINT('',(1.37182983345811,-0.0110521210084332,0.230849542775197));
#802=CARTESIAN_POINT('',(1.48336976842602,-0.00475499321895374,0.213776694160805));
#803=CARTESIAN_POINT('',(1.524,-0.00246116222101486,0.20755763196546));
#804=CARTESIAN_POINT('',(0.6096,-0.0331113597831289,0.289432746447537));
#805=CARTESIAN_POINT('',(0.711262383621335,-0.0331113597831289,0.289432746447537));
#806=CARTESIAN_POINT('',(0.904742757916824,-0.0310578843200326,0.284643430257649));
#807=CARTESIAN_POINT('',(1.16937850305025,-0.0225077409399258,0.262308174532826));
#808=CARTESIAN_POINT('',(1.37182983358431,-0.0118952176968168,0.230717104568061));
#809=CARTESIAN_POINT('',(1.48336976845972,-0.00511772169732698,0.213719714801243));
#810=CARTESIAN_POINT('',(1.524,-0.00264890878265031,0.207528139715803));
#811=CARTESIAN_POINT('',(0.6096,-0.0377908552493586,0.288614418505582));
#812=CARTESIAN_POINT('',(0.711262354988555,-0.0377908552493586,0.288614418505582));
#813=CARTESIAN_POINT('',(0.904742770004236,-0.0354471703480964,0.283875852763896));
#814=CARTESIAN_POINT('',(1.16937850065379,-0.0256886695509313,0.261751908845096));
#815=CARTESIAN_POINT('',(1.37182983386273,-0.0135763210295295,0.230423121201607));
#816=CARTESIAN_POINT('',(1.48336976853406,-0.00584098874636763,0.213593233294851));
#817=CARTESIAN_POINT('',(1.524,-0.00302326841994869,0.207462673480447));
#818=CARTESIAN_POINT('',(0.6096,-0.0401235185830522,0.288164743703942));
#819=CARTESIAN_POINT('',(0.711262339334787,-0.0401235185830522,0.288164743703942));
#820=CARTESIAN_POINT('',(0.90474277661252,-0.0376351683176741,0.283454065556652));
#821=CARTESIAN_POINT('',(1.16937849934362,-0.027274318172997,0.261446238404231));
#822=CARTESIAN_POINT('',(1.37182983401494,-0.0144143276335895,0.230261576049329));
#823=CARTESIAN_POINT('',(1.4833697685747,-0.00620152729970985,0.21352373115105));
#824=CARTESIAN_POINT('',(1.524,-0.00320988148664417,0.207426699496316));
#825=CARTESIAN_POINT('',(0.6096,-0.0447718803584574,0.287184911450951));
#826=CARTESIAN_POINT('',(0.711262305434696,-0.0447718803584574,0.287184911450951));
#827=CARTESIAN_POINT('',(0.904742790923543,-0.0419952514807872,0.282534999805027));
#828=CARTESIAN_POINT('',(1.16937849650629,-0.0304340833811051,0.260780188726438));
#829=CARTESIAN_POINT('',(1.37182983434457,-0.016084246223891,0.229909572445973));
#830=CARTESIAN_POINT('',(1.48336976866271,-0.00691998229735505,0.21337228739236));
#831=CARTESIAN_POINT('',(1.524,-0.0035817504286766,0.207348312916076));
#832=CARTESIAN_POINT('',(0.6096,-0.047087578688822,0.286654754023072));
#833=CARTESIAN_POINT('',(0.711262287188372,-0.047087578688822,0.286654754023072));
#834=CARTESIAN_POINT('',(0.904742798626282,-0.0441673365698808,0.282037721282661));
#835=CARTESIAN_POINT('',(1.16937849497914,-0.0320081998914581,0.260419809505462));
#836=CARTESIAN_POINT('',(1.37182983452199,-0.0169161581701311,0.229719114003326));
#837=CARTESIAN_POINT('',(1.48336976871008,-0.00727789872444811,0.2132903457811));
#838=CARTESIAN_POINT('',(1.524,-0.00376700629510576,0.207305900321846));
#839=CARTESIAN_POINT('',(0.6096,-0.0516992344771725,0.285514592048254));
#840=CARTESIAN_POINT('',(0.711262248185368,-0.0516992344771725,0.285514592048254));
#841=CARTESIAN_POINT('',(0.904742815091514,-0.0484929901502988,0.280968269017579));
#842=CARTESIAN_POINT('',(1.16937849171472,-0.0351430138788072,0.25964477427505));
#843=CARTESIAN_POINT('',(1.37182983490124,-0.018572890177047,0.229309512132883));
#844=CARTESIAN_POINT('',(1.48336976881134,-0.0079906804115557,0.213114121315683));
#845=CARTESIAN_POINT('',(1.524,-0.0041359387581738,0.207214687363861));
#846=CARTESIAN_POINT('',(0.6096,-0.0539951918246906,0.284904587528625));
#847=CARTESIAN_POINT('',(0.711262227428687,-0.0539951918246906,0.284904587528625));
#848=CARTESIAN_POINT('',(0.904742823854008,-0.0506465585380061,0.28039609530048));
#849=CARTESIAN_POINT('',(1.16937848997745,-0.0367037112807118,0.259230118284179));
#850=CARTESIAN_POINT('',(1.37182983510307,-0.0193977101980372,0.229090368714897));
#851=CARTESIAN_POINT('',(1.48336976886523,-0.00834554565449622,0.213019838465749));
#852=CARTESIAN_POINT('',(1.524,-0.00431961534597525,0.20716588700229));
#853=CARTESIAN_POINT('',(0.6096,-0.0585646133316309,0.283605462618941));
#854=CARTESIAN_POINT('',(0.711262183487168,-0.0585646133316309,0.283605462618941));
#855=CARTESIAN_POINT('',(0.904742842404048,-0.0549325970909842,0.279177538544537));
#856=CARTESIAN_POINT('',(1.16937848629969,-0.0398098161401063,0.258347026586728));
#857=CARTESIAN_POINT('',(1.37182983553034,-0.0210392695882156,0.228623659594001));
#858=CARTESIAN_POINT('',(1.48336976897932,-0.00905179957289361,0.212819044545433));
#859=CARTESIAN_POINT('',(1.524,-0.00468516906653047,0.207061957009515));
#860=CARTESIAN_POINT('',(0.6096,-0.0608380773815968,0.282916342260005));
#861=CARTESIAN_POINT('',(0.711262160300874,-0.0608380773815968,0.282916342260005));
#862=CARTESIAN_POINT('',(0.904742852192211,-0.057065067153587,0.278531155534879));
#863=CARTESIAN_POINT('',(1.16937848435908,-0.0413552235231925,0.257878590901303));
#864=CARTESIAN_POINT('',(1.37182983575579,-0.0218560089180818,0.228376093902271));
#865=CARTESIAN_POINT('',(1.48336976903951,-0.00940318823143284,0.212712533479862));
#866=CARTESIAN_POINT('',(1.524,-0.00486704619052774,0.207006827380801));
#867=CARTESIAN_POINT('',(0.6096,-0.0653597869417753,0.281459811761718));
#868=CARTESIAN_POINT('',(0.711262111708092,-0.0653597869417753,0.281459811761718));
#869=CARTESIAN_POINT('',(0.904742872705796,-0.0613063527235129,0.277164955052004));
#870=CARTESIAN_POINT('',(1.16937848029203,-0.0444288957629517,0.25688850135677));
#871=CARTESIAN_POINT('',(1.37182983622829,-0.0234804278465821,0.227852837005766));
#872=CARTESIAN_POINT('',(1.48336976916567,-0.0101020677482121,0.212487410809494));
#873=CARTESIAN_POINT('',(1.524,-0.00522878295534202,0.206890304940937));
#874=CARTESIAN_POINT('',(0.6096,-0.0676080323436746,0.280692401657258));
#875=CARTESIAN_POINT('',(0.711262086301605,-0.0676080323436746,0.280692401657258));
#876=CARTESIAN_POINT('',(0.904742883431218,-0.0634151681292399,0.276445137611511));
#877=CARTESIAN_POINT('',(1.16937847816559,-0.0459571605459979,0.25636684752138));
#878=CARTESIAN_POINT('',(1.37182983647533,-0.024288107406305,0.227577145813526));
#879=CARTESIAN_POINT('',(1.48336976923164,-0.0104495585897111,0.21236879921009));
#880=CARTESIAN_POINT('',(1.524,-0.00540864258749397,0.206828912132581));
#881=CARTESIAN_POINT('',(0.6096,-0.0720766094871808,0.279080211609037));
#882=CARTESIAN_POINT('',(0.711262033479316,-0.0720766094871808,0.279080211609037));
#883=CARTESIAN_POINT('',(0.904742905730302,-0.0676066164088382,0.274932931155855));
#884=CARTESIAN_POINT('',(1.16937847374454,-0.0489947155535503,0.255270947015059));
#885=CARTESIAN_POINT('',(1.37182983698895,-0.0258934385755827,0.226997968403784));
#886=CARTESIAN_POINT('',(1.48336976936877,-0.0111402259121432,0.212119617658984));
#887=CARTESIAN_POINT('',(1.524,-0.00576612875897446,0.206699936928723));
#888=CARTESIAN_POINT('',(0.6096,-0.0742969411217471,0.278235431703894));
#889=CARTESIAN_POINT('',(0.711262006063515,-0.0742969411217471,0.278235431703894));
#890=CARTESIAN_POINT('',(0.904742917303963,-0.0696892491823073,0.274140542176917));
#891=CARTESIAN_POINT('',(1.16937847144993,-0.0505040057052946,0.254696700370381));
#892=CARTESIAN_POINT('',(1.37182983725553,-0.0266910901466834,0.226694482200156));
#893=CARTESIAN_POINT('',(1.48336976943995,-0.0114834023765321,0.211989047713251));
#894=CARTESIAN_POINT('',(1.524,-0.00594375528973976,0.206632354536312));
#895=CARTESIAN_POINT('',(0.6096,-0.0787070290719841,0.276469514743722));
#896=CARTESIAN_POINT('',(0.711261949433476,-0.0787070290719841,0.276469514743722));
#897=CARTESIAN_POINT('',(0.9047429412105,-0.0738258356075323,0.272484142529575));
#898=CARTESIAN_POINT('',(1.16937846671019,-0.0535018021641643,0.253496302630109));
#899=CARTESIAN_POINT('',(1.37182983780618,-0.0282754091409432,0.226060078575135));
#900=CARTESIAN_POINT('',(1.48336976958698,-0.0121650295563844,0.211716105991681));
#901=CARTESIAN_POINT('',(1.524,-0.00629656232575873,0.206491081179498));
#902=CARTESIAN_POINT('',(0.6096,-0.0808967852820153,0.275548377730993));
#903=CARTESIAN_POINT('',(0.711261920219238,-0.0808967852820153,0.275548377730993));
#904=CARTESIAN_POINT('',(0.904742953543376,-0.0758797891602002,0.271620131900848));
#905=CARTESIAN_POINT('',(1.16937846426505,-0.0549903083994802,0.252870151563271));
#906=CARTESIAN_POINT('',(1.37182983809024,-0.0290620765261512,0.225729161168941));
#907=CARTESIAN_POINT('',(1.48336976966283,-0.01250348025552,0.21157373422238));
#908=CARTESIAN_POINT('',(1.524,-0.00647174282256122,0.206417390218479));
#909=CARTESIAN_POINT('',(0.6096,-0.0852430973772197,0.273630850779389));
#910=CARTESIAN_POINT('',(0.711261860203205,-0.0852430973772197,0.273630850779389));
#911=CARTESIAN_POINT('',(0.904742978879319,-0.0799565549335104,0.269821524696748));
#912=CARTESIAN_POINT('',(1.16937845924191,-0.0579447526543723,0.251566695584577));
#913=CARTESIAN_POINT('',(1.37182983867381,-0.0306234841182704,0.225040291829891));
#914=CARTESIAN_POINT('',(1.48336976981864,-0.0131752501815717,0.211277359523495));
#915=CARTESIAN_POINT('',(1.524,-0.00681944779017758,0.206263988062351));
#916=CARTESIAN_POINT('',(0.6096,-0.0873996531582811,0.272634460886447));
#917=CARTESIAN_POINT('',(0.71126182940141,-0.0873996531582811,0.272634460886447));
#918=CARTESIAN_POINT('',(0.904742991882387,-0.0819793670564976,0.26888692816446));
#919=CARTESIAN_POINT('',(1.1693784566639,-0.0594106906031773,0.250889390703943));
#920=CARTESIAN_POINT('',(1.37182983897332,-0.0313982242877793,0.224682339913537));
#921=CARTESIAN_POINT('',(1.48336976989861,-0.0135085693923961,0.211123356601008));
#922=CARTESIAN_POINT('',(1.524,-0.00699197225266249,0.206184276870916));
#923=CARTESIAN_POINT('',(0.6096,-0.0916769791889911,0.270567622608772));
#924=CARTESIAN_POINT('',(0.71126176642114,-0.0916769791889911,0.270567622608772));
#925=CARTESIAN_POINT('',(0.904743018469693,-0.0859914250912916,0.266948269512062));
#926=CARTESIAN_POINT('',(1.16937845139267,-0.0623182409679279,0.249484439025023));
#927=CARTESIAN_POINT('',(1.37182983958571,-0.0329348487160361,0.223939830653329));
#928=CARTESIAN_POINT('',(1.48336977006212,-0.0141696767699632,0.210803904208602));
#929=CARTESIAN_POINT('',(1.524,-0.0073341583351193,0.206018929808702));
#930=CARTESIAN_POINT('',(0.6096,-0.0937977493361804,0.26949717427355));
#931=CARTESIAN_POINT('',(0.711261734242665,-0.0937977493361804,0.26949717427355));
#932=CARTESIAN_POINT('',(0.90474303205393,-0.0879806709069933,0.265944207438391));
#933=CARTESIAN_POINT('',(1.16937844869944,-0.0637598533142257,0.248756792260391));
#934=CARTESIAN_POINT('',(1.3718298398986,-0.0336967329379756,0.223555273327261));
#935=CARTESIAN_POINT('',(1.48336977014567,-0.0144974649208698,0.210638454746335));
#936=CARTESIAN_POINT('',(1.524,-0.00750381994689444,0.205933293941884));
#937=CARTESIAN_POINT('',(0.6096,-0.0980009617910558,0.267283502324451));
#938=CARTESIAN_POINT('',(0.711261668719914,-0.0980009617910558,0.267283502324451));
#939=CARTESIAN_POINT('',(0.904743059714551,-0.0919232116860812,0.263867821335014));
#940=CARTESIAN_POINT('',(1.1693784432154,-0.0666170243174536,0.247252029089001));
#941=CARTESIAN_POINT('',(1.37182984053572,-0.035206732149853,0.222760014240461));
#942=CARTESIAN_POINT('',(1.48336977031578,-0.0151471172371649,0.210296307608952));
#943=CARTESIAN_POINT('',(1.524,-0.00784007694328447,0.205756200185956));
#944=CARTESIAN_POINT('',(0.6096,-0.100083403998058,0.2661402787636));
#945=CARTESIAN_POINT('',(0.711261635375637,-0.100083403998058,0.2661402787636));
#946=CARTESIAN_POINT('',(0.904743073790935,-0.0938765065550276,0.262795497355044));
#947=CARTESIAN_POINT('',(1.1693784404246,-0.068032582905943,0.246474912718288));
#948=CARTESIAN_POINT('',(1.37182984085994,-0.0359548471036203,0.222349312498776));
#949=CARTESIAN_POINT('',(1.48336977040235,-0.0154689813869916,0.210119609942031));
#950=CARTESIAN_POINT('',(1.524,-0.00800667231984462,0.205664742301088));
#951=CARTESIAN_POINT('',(0.6096,-0.104207464210564,0.263782426816875));
#952=CARTESIAN_POINT('',(0.711261567732161,-0.104207464210564,0.263782426816875));
#953=CARTESIAN_POINT('',(0.904743102346826,-0.097744803896115,0.260583872900936));
#954=CARTESIAN_POINT('',(1.16937843476307,-0.0708359494693132,0.244872141912764));
#955=CARTESIAN_POINT('',(1.37182984151768,-0.0374364109639949,0.221502256914625));
#956=CARTESIAN_POINT('',(1.48336977057797,-0.0161063998611607,0.209755178213891));
#957=CARTESIAN_POINT('',(1.524,-0.00833659713684512,0.20547611414535));
#958=CARTESIAN_POINT('',(0.6096,-0.10624908211728,0.262567798487482));
#959=CARTESIAN_POINT('',(0.711261533432962,-0.10624908211728,0.262567798487482));
#960=CARTESIAN_POINT('',(0.904743116826334,-0.0996598062755946,0.259444572479775));
#961=CARTESIAN_POINT('',(1.16937843189234,-0.072223757377042,0.244046487516347));
#962=CARTESIAN_POINT('',(1.37182984185119,-0.0381698598351125,0.221065903092448));
#963=CARTESIAN_POINT('',(1.48336977066702,-0.0164219541702343,0.209567444161401));
#964=CARTESIAN_POINT('',(1.524,-0.00849992656938241,0.205378943878998));
#965=CARTESIAN_POINT('',(0.6096,-0.110289046305869,0.260068593054955));
#966=CARTESIAN_POINT('',(0.711261464090518,-0.110289046305869,0.260068593054955));
#967=CARTESIAN_POINT('',(0.90474314609945,-0.103449222996867,0.25710036089427));
#968=CARTESIAN_POINT('',(1.16937842608861,-0.0749699589211314,0.242347630423211));
#969=CARTESIAN_POINT('',(1.37182984252545,-0.0396212122961821,0.220168066432048));
#970=CARTESIAN_POINT('',(1.48336977084705,-0.0170463746869325,0.209181164710727));
#971=CARTESIAN_POINT('',(1.524,-0.00882312370446949,0.205179007444396));
#972=CARTESIAN_POINT('',(0.6096,-0.112287392490967,0.258784016011687));
#973=CARTESIAN_POINT('',(0.711261429049103,-0.112287392490967,0.258784016011687));
#974=CARTESIAN_POINT('',(0.904743160892286,-0.105323637247888,0.25589544978608));
#975=CARTESIAN_POINT('',(1.16937842315576,-0.0763283524917093,0.241474427767186));
#976=CARTESIAN_POINT('',(1.37182984286618,-0.0403391158513682,0.219706583615333));
#977=CARTESIAN_POINT('',(1.48336977093802,-0.0173552408795998,0.208982619321795));
#978=CARTESIAN_POINT('',(1.524,-0.00898299139927739,0.205076241280935));
#979=CARTESIAN_POINT('',(0.6096,-0.116238417685511,0.256146453054878));
#980=CARTESIAN_POINT('',(0.71126135855652,-0.116238417685511,0.256146453054878));
#981=CARTESIAN_POINT('',(0.904743190650936,-0.109029630726905,0.253421461229407));
#982=CARTESIAN_POINT('',(1.16937841725577,-0.0790140969645539,0.239681520917892));
#983=CARTESIAN_POINT('',(1.37182984355162,-0.0417585170817173,0.218759042174395));
#984=CARTESIAN_POINT('',(1.48336977112104,-0.0179659149049869,0.208574955207106));
#985=CARTESIAN_POINT('',(1.524,-0.00929907341484088,0.20486523624439));
#986=CARTESIAN_POINT('',(0.6096,-0.118191096600313,0.254793467204517));
#987=CARTESIAN_POINT('',(0.711261323105352,-0.118191096600313,0.254793467204517));
#988=CARTESIAN_POINT('',(0.90474320561675,-0.110861209866128,0.252152383840184));
#989=CARTESIAN_POINT('',(1.16937841428862,-0.080341447802486,0.23876181676757));
#990=CARTESIAN_POINT('',(1.37182984389633,-0.0424600147228798,0.218272983572871));
#991=CARTESIAN_POINT('',(1.48336977121308,-0.0182677227230785,0.208365836491115));
#992=CARTESIAN_POINT('',(1.524,-0.00945528772802501,0.204756997376361));
#993=CARTESIAN_POINT('',(0.6096,-0.122048446447691,0.252020708543188));
#994=CARTESIAN_POINT('',(0.711261252123899,-0.122048446447691,0.252020708543188));
#995=CARTESIAN_POINT('',(0.904743235581778,-0.114479337485363,0.249551584044737));
#996=CARTESIAN_POINT('',(1.16937840834771,-0.0829635156259796,0.236877009437189));
#997=CARTESIAN_POINT('',(1.37182984458652,-0.0438457631931293,0.217276873231487));
#998=CARTESIAN_POINT('',(1.48336977139737,-0.0188639182021349,0.207937276406132));
#999=CARTESIAN_POINT('',(1.524,-0.00976387571581531,0.204535176683455));
#1000=CARTESIAN_POINT('',(0.6096,-0.123953117287869,0.250600935798639));
#1001=CARTESIAN_POINT('',(0.711261216593613,-0.123953117287869,0.250600935798639));
#1002=CARTESIAN_POINT('',(0.904743250580992,-0.116265885878707,0.248219861700812));
#1003=CARTESIAN_POINT('',(1.16937840537395,-0.0842582325487318,0.235911906302278));
#1004=CARTESIAN_POINT('',(1.371829844932,-0.0445300139890219,0.216766821515489));
#1005=CARTESIAN_POINT('',(1.48336977148961,-0.0191583058488183,0.207717835047407));
#1006=CARTESIAN_POINT('',(1.524,-0.00991624938302953,0.204421594863891));
#1007=CARTESIAN_POINT('',(0.6096,-0.127712167729747,0.247696305320512));
#1008=CARTESIAN_POINT('',(0.711261145784556,-0.127712167729747,0.247696305320512));
#1009=CARTESIAN_POINT('',(0.904743280473243,-0.119791810351205,0.24549536841594));
#1010=CARTESIAN_POINT('',(1.16937839944747,-0.0868134804781454,0.233937457933014));
#1011=CARTESIAN_POINT('',(1.37182984562052,-0.0458804485115643,0.215723336376478));
#1012=CARTESIAN_POINT('',(1.48336977167345,-0.019739308082908,0.207268892735222));
#1013=CARTESIAN_POINT('',(1.524,-0.0102169734183798,0.204189224425641));
#1014=CARTESIAN_POINT('',(0.6096,-0.129566547241403,0.246211447656512));
#1015=CARTESIAN_POINT('',(0.711261110505786,-0.129566547241403,0.246211447656512));
#1016=CARTESIAN_POINT('',(0.904743295366279,-0.121531186345899,0.244102597540257));
#1017=CARTESIAN_POINT('',(1.16937839649475,-0.0880740114235983,0.232928112745958));
#1018=CARTESIAN_POINT('',(1.37182984596356,-0.0465466322058657,0.215189902978461));
#1019=CARTESIAN_POINT('',(1.48336977176504,-0.020025922656397,0.207039391792516));
#1020=CARTESIAN_POINT('',(1.524,-0.0103653237793123,0.204070435812521));
#1021=CARTESIAN_POINT('',(0.6096,-0.133222792057392,0.243178427332709));
#1022=CARTESIAN_POINT('',(0.711261040530394,-0.133222792057392,0.243178427332709));
#1023=CARTESIAN_POINT('',(0.904743324906596,-0.124960680914666,0.24125767679481));
#1024=CARTESIAN_POINT('',(1.16937839063804,-0.0905593763155941,0.230866390238613));
#1025=CARTESIAN_POINT('',(1.37182984664397,-0.0478601339262392,0.214100293935921));
#1026=CARTESIAN_POINT('',(1.48336977194672,-0.0205910351600236,0.206570605429732));
#1027=CARTESIAN_POINT('',(1.524,-0.0106578233645914,0.203827794186616));
#1028=CARTESIAN_POINT('',(0.6096,-0.135024657274143,0.241630264745559));
#1029=CARTESIAN_POINT('',(0.711261005833773,-0.135024657274143,0.241630264745559));
#1030=CARTESIAN_POINT('',(0.904743339553875,-0.126650799406588,0.239805526993193));
#1031=CARTESIAN_POINT('',(1.16937838773405,-0.0917842102026023,0.22981401296771));
#1032=CARTESIAN_POINT('',(1.37182984698134,-0.0485074519208477,0.213544118317498));
#1033=CARTESIAN_POINT('',(1.4833697720368,-0.0208695330766246,0.206331320020884));
#1034=CARTESIAN_POINT('',(1.524,-0.0108019725819315,0.203703941179645));
#1035=CARTESIAN_POINT('',(0.6096,-0.138573713483703,0.238472490456533));
#1036=CARTESIAN_POINT('',(0.711260937353315,-0.138573713483703,0.238472490456533));
#1037=CARTESIAN_POINT('',(0.904743368463101,-0.12997975291148,0.236843589180319));
#1038=CARTESIAN_POINT('',(1.16937838200247,-0.094196712687224,0.227667487844318));
#1039=CARTESIAN_POINT('',(1.37182984764722,-0.0497824462583639,0.212409691557274));
#1040=CARTESIAN_POINT('',(1.48336977221459,-0.0214180784123541,0.20584325157247));
#1041=CARTESIAN_POINT('',(1.524,-0.0110858970786962,0.203451319236523));
#1042=CARTESIAN_POINT('',(0.6096,-0.140320904391497,0.236862878830297));
#1043=CARTESIAN_POINT('',(0.711260903569478,-0.140320904391497,0.236862878830297));
#1044=CARTESIAN_POINT('',(0.904743382725047,-0.131618587844708,0.235333801240011));
#1045=CARTESIAN_POINT('',(1.16937837917488,-0.0953843812270482,0.226573340043247));
#1046=CARTESIAN_POINT('',(1.37182984797572,-0.0504101225707303,0.211831440442648));
#1047=CARTESIAN_POINT('',(1.4833697723023,-0.0216881258183427,0.205594468544596));
#1048=CARTESIAN_POINT('',(1.524,-0.0112256723513198,0.203322550306424));
#1049=CARTESIAN_POINT('',(0.6096,-0.143758517508102,0.233584136007264));
#1050=CARTESIAN_POINT('',(0.71126083724522,-0.143758517508102,0.233584136007264));
#1051=CARTESIAN_POINT('',(0.904743410724027,-0.134843009650754,0.232258397028891));
#1052=CARTESIAN_POINT('',(1.16937837362376,-0.0977211292792879,0.224344585484303));
#1053=CARTESIAN_POINT('',(1.37182984862063,-0.0516450811060268,0.210653555876526));
#1054=CARTESIAN_POINT('',(1.48336977247449,-0.022219446408892,0.205087703090224));
#1055=CARTESIAN_POINT('',(1.524,-0.0115006814006482,0.203060250880581));
#1056=CARTESIAN_POINT('',(0.6096,-0.145448939634568,0.231915004889004));
#1057=CARTESIAN_POINT('',(0.711260804704801,-0.145448939634568,0.231915004889004));
#1058=CARTESIAN_POINT('',(0.90474342446106,-0.136428596446333,0.230692780831748));
#1059=CARTESIAN_POINT('',(1.16937837090023,-0.0988702087357288,0.223209978779817));
#1060=CARTESIAN_POINT('',(1.37182984893704,-0.0522523632993747,0.210053922453245));
#1061=CARTESIAN_POINT('',(1.48336977255898,-0.0224807195807255,0.204829720675863));
#1062=CARTESIAN_POINT('',(1.524,-0.0116359151707654,0.202926720391121));
#1063=CARTESIAN_POINT('',(0.6096,-0.14877098876584,0.228519223976097));
#1064=CARTESIAN_POINT('',(0.711260741198013,-0.14877098876584,0.228519223976097));
#1065=CARTESIAN_POINT('',(0.904743451270636,-0.139544621227565,0.227507596911184));
#1066=CARTESIAN_POINT('',(1.16937836558493,-0.101128401142387,0.220901666539635));
#1067=CARTESIAN_POINT('',(1.37182984955455,-0.0534458056066319,0.208833992088733));
#1068=CARTESIAN_POINT('',(1.48336977272386,-0.0229941784972439,0.20430486570853));
#1069=CARTESIAN_POINT('',(1.524,-0.0119016791012672,0.202655057918088));
#1070=CARTESIAN_POINT('',(0.6096,-0.15040261569107,0.226792574262793));
#1071=CARTESIAN_POINT('',(0.711260710231644,-0.15040261569107,0.226792574262793));
#1072=CARTESIAN_POINT('',(0.904743464343179,-0.141075059138576,0.22588802926406));
#1073=CARTESIAN_POINT('',(1.16937836299315,-0.102237514038511,0.219727961059233));
#1074=CARTESIAN_POINT('',(1.37182984985566,-0.0540319656919534,0.208213695176724));
#1075=CARTESIAN_POINT('',(1.48336977280425,-0.0232463642296295,0.204037993168129));
#1076=CARTESIAN_POINT('',(1.524,-0.0120322092552856,0.202516925941023));
#1077=CARTESIAN_POINT('',(0.6096,-0.153605118478761,0.223283826005383));
#1078=CARTESIAN_POINT('',(0.711260650203594,-0.153605118478761,0.223283826005383));
#1079=CARTESIAN_POINT('',(0.904743489684197,-0.144078951511652,0.22259688392299));
#1080=CARTESIAN_POINT('',(1.169378357969,-0.104414443756193,0.21734285826314));
#1081=CARTESIAN_POINT('',(1.37182985043934,-0.0551824611135782,0.206953181424386));
#1082=CARTESIAN_POINT('',(1.4833697729601,-0.0237413459552266,0.203495677865918));
#1083=CARTESIAN_POINT('',(1.524,-0.0122884094783009,0.20223622608043));
#1084=CARTESIAN_POINT('',(0.6096,-0.155175994264512,0.221501727545327));
#1085=CARTESIAN_POINT('',(0.711260621128019,-0.155175994264512,0.221501727545327));
#1086=CARTESIAN_POINT('',(0.904743501958536,-0.145552405901762,0.22092530630788));
#1087=CARTESIAN_POINT('',(1.16937835553547,-0.105482260525605,0.216131461004582));
#1088=CARTESIAN_POINT('',(1.37182985072206,-0.0557467964223224,0.206312964614253));
#1089=CARTESIAN_POINT('',(1.48336977303559,-0.0239841419365814,0.203220235117098));
#1090=CARTESIAN_POINT('',(1.524,-0.0124140795411609,0.202093658203626));
#1091=CARTESIAN_POINT('',(0.6096,-0.158255111658422,0.217884218110154));
#1092=CARTESIAN_POINT('',(0.711260565318844,-0.158255111658422,0.217884218110154));
#1093=CARTESIAN_POINT('',(0.904743525518542,-0.148440564903815,0.217532144858151));
#1094=CARTESIAN_POINT('',(1.16937835086443,-0.107575317925835,0.213672426831782));
#1095=CARTESIAN_POINT('',(1.37182985126473,-0.056852965783971,0.205013378534627));
#1096=CARTESIAN_POINT('',(1.48336977318048,-0.0244600531041881,0.202661109588943));
#1097=CARTESIAN_POINT('',(1.524,-0.0126604089326737,0.201804257448813));
#1098=CARTESIAN_POINT('',(0.6096,-0.159763353192825,0.216048807221691));
#1099=CARTESIAN_POINT('',(0.711260538585245,-0.159763353192825,0.216048807221691));
#1100=CARTESIAN_POINT('',(0.904743536804209,-0.149855269446576,0.215810561104812));
#1101=CARTESIAN_POINT('',(1.16937834862692,-0.108600558506516,0.212424789976441));
#1102=CARTESIAN_POINT('',(1.37182985152467,-0.0573947998103781,0.204354009296263));
#1103=CARTESIAN_POINT('',(1.48336977324989,-0.02469316827904,0.202377426823001));
#1104=CARTESIAN_POINT('',(1.524,-0.012781068255426,0.201657424577736));
#1105=CARTESIAN_POINT('',(0.6096,-0.162715394052919,0.212326873154652));
#1106=CARTESIAN_POINT('',(0.711260487925092,-0.162715394052919,0.212326873154652));
#1107=CARTESIAN_POINT('',(0.904743558190541,-0.152624232851924,0.212319451151672));
#1108=CARTESIAN_POINT('',(1.16937834438683,-0.110607234504066,0.209894772232529));
#1109=CARTESIAN_POINT('',(1.37182985201727,-0.0584553170742631,0.203016908788444));
#1110=CARTESIAN_POINT('',(1.48336977338142,-0.0251494383827159,0.201802161329356));
#1111=CARTESIAN_POINT('',(1.524,-0.0130172315242335,0.201359669852372));
#1112=CARTESIAN_POINT('',(0.6096,-0.164159193307896,0.210440350065231));
#1113=CARTESIAN_POINT('',(0.711260463998539,-0.164159193307896,0.210440350065231));
#1114=CARTESIAN_POINT('',(0.904743568291206,-0.153978491648184,0.210549925035497));
#1115=CARTESIAN_POINT('',(1.16937834238426,-0.111588669872868,0.20861239140456));
#1116=CARTESIAN_POINT('',(1.37182985224992,-0.0589740002863371,0.202339177551016));
#1117=CARTESIAN_POINT('',(1.48336977344353,-0.0253725933006103,0.201510578615433));
#1118=CARTESIAN_POINT('',(1.524,-0.0131327354646317,0.201208748005218));
#1119=CARTESIAN_POINT('',(0.6096,-0.166980618829116,0.206618453092881));
#1120=CARTESIAN_POINT('',(0.711260419417554,-0.166980618829116,0.206618453092881));
#1121=CARTESIAN_POINT('',(0.904743587111199,-0.156624940118726,0.206965051601492));
#1122=CARTESIAN_POINT('',(1.16937833865298,-0.113506558933566,0.206014422987794));
#1123=CARTESIAN_POINT('',(1.37182985268341,-0.0599875941408356,0.200966165485106));
#1124=CARTESIAN_POINT('',(1.48336977355928,-0.0258086753794472,0.200919862764787));
#1125=CARTESIAN_POINT('',(1.524,-0.0133584495063293,0.20090299624743));
#1126=CARTESIAN_POINT('',(0.6096,-0.168358245027774,0.204683079301502));
#1127=CARTESIAN_POINT('',(0.711260398763121,-0.168358245027774,0.204683079301502));
#1128=CARTESIAN_POINT('',(0.904743595830528,-0.157917129729615,0.205149704369534));
#1129=CARTESIAN_POINT('',(1.16937833692428,-0.114443012579522,0.204698835461229));
#1130=CARTESIAN_POINT('',(1.37182985288425,-0.0604825047589804,0.200270884689514));
#1131=CARTESIAN_POINT('',(1.4833697736129,-0.0260216025299435,0.200620729642214));
#1132=CARTESIAN_POINT('',(1.524,-0.013468659602222,0.20074816634412));
#1133=CARTESIAN_POINT('',(0.6096,-0.17104567298224,0.20076580098249));
#1134=CARTESIAN_POINT('',(0.711260361191448,-0.17104567298224,0.20076580098249));
#1135=CARTESIAN_POINT('',(0.90474361169152,-0.160437890793942,0.201475364877646));
#1136=CARTESIAN_POINT('',(1.16937833377965,-0.116269815603923,0.2020360307268));
#1137=CARTESIAN_POINT('',(1.37182985324958,-0.0614479601426391,0.198863606985158));
#1138=CARTESIAN_POINT('',(1.48336977371045,-0.0264369738237429,0.200015271564413));
#1139=CARTESIAN_POINT('',(1.524,-0.0136836538385792,0.200434784078599));
#1140=CARTESIAN_POINT('',(0.6096,-0.172355474673673,0.198783896548691));
#1141=CARTESIAN_POINT('',(0.711260344274208,-0.172355474673673,0.198783896548691));
#1142=CARTESIAN_POINT('',(0.904743618833182,-0.161666462186997,0.199616372705731));
#1143=CARTESIAN_POINT('',(1.16937833236374,-0.117160164938608,0.20068881358272));
#1144=CARTESIAN_POINT('',(1.37182985341407,-0.0619185048850265,0.198151610110106));
#1145=CARTESIAN_POINT('',(1.48336977375437,-0.0266394179570959,0.199708946623687));
#1146=CARTESIAN_POINT('',(1.524,-0.0137884379738938,0.200276231723895));
#1147=CARTESIAN_POINT('',(0.6096,-0.174905683465179,0.194775932781542));
#1148=CARTESIAN_POINT('',(0.711260314641994,-0.174905683465179,0.194775932781542));
#1149=CARTESIAN_POINT('',(0.904743631342508,-0.164058514043438,0.195856971827776));
#1150=CARTESIAN_POINT('',(1.16937832988362,-0.118893692018072,0.197964364609363));
#1151=CARTESIAN_POINT('',(1.3718298537022,-0.0628346644431353,0.196711753763419));
#1152=CARTESIAN_POINT('',(1.4833697738313,-0.0270335805330362,0.199089472121052));
#1153=CARTESIAN_POINT('',(1.524,-0.0139924546772143,0.199955594622524));
#1154=CARTESIAN_POINT('',(0.6096,-0.176146090504164,0.192749873544199));
#1155=CARTESIAN_POINT('',(0.711260301927019,-0.176146090504164,0.192749873544199));
#1156=CARTESIAN_POINT('',(0.904743636710172,-0.165221994449524,0.193956563211788));
#1157=CARTESIAN_POINT('',(1.16937832881942,-0.119736869721326,0.196587132845348));
#1158=CARTESIAN_POINT('',(1.37182985382584,-0.0632802792369111,0.195983894326274));
#1159=CARTESIAN_POINT('',(1.48336977386431,-0.0272252989661815,0.19877632257398));
#1160=CARTESIAN_POINT('',(1.524,-0.0140916872403331,0.199793509883536));
#1161=CARTESIAN_POINT('',(0.6096,-0.178556023030117,0.188656028938036));
#1162=CARTESIAN_POINT('',(0.711260281164408,-0.178556023030117,0.188656028938036));
#1163=CARTESIAN_POINT('',(0.904743645475169,-0.167482469588581,0.190116607588245));
#1164=CARTESIAN_POINT('',(1.16937832708166,-0.12137504276321,0.193804305608794));
#1165=CARTESIAN_POINT('',(1.37182985402773,-0.0641460447089003,0.194513185387523));
#1166=CARTESIAN_POINT('',(1.48336977391822,-0.0275977803157226,0.19814357425124));
#1167=CARTESIAN_POINT('',(1.524,-0.0142844818424093,0.199466002315043));
#1168=CARTESIAN_POINT('',(0.6096,-0.179725548459356,0.186588243667282));
#1169=CARTESIAN_POINT('',(0.711260273116772,-0.179725548459356,0.186588243667282));
#1170=CARTESIAN_POINT('',(0.904743648872502,-0.168579464267403,0.188177060672673));
#1171=CARTESIAN_POINT('',(1.1693783264081,-0.122170038062599,0.192398710202916));
#1172=CARTESIAN_POINT('',(1.37182985410598,-0.0645661953663752,0.193770335921147));
#1173=CARTESIAN_POINT('',(1.48336977393911,-0.027778543223196,0.197823975490727));
#1174=CARTESIAN_POINT('',(1.524,-0.0143780438767485,0.199300579493383));
#1175=CARTESIAN_POINT('',(0.6096,-0.181992315775525,0.182413425782224));
#1176=CARTESIAN_POINT('',(0.71126026215391,-0.181992315775525,0.182413425782224));
#1177=CARTESIAN_POINT('',(0.904743653500506,-0.170705652909221,0.18426115351028));
#1178=CARTESIAN_POINT('',(1.16937832549054,-0.1237108932814,0.18956084066075));
#1179=CARTESIAN_POINT('',(1.37182985421258,-0.0653805289023722,0.192270537425628));
#1180=CARTESIAN_POINT('',(1.48336977396757,-0.0281288968285065,0.197178711864809));
#1181=CARTESIAN_POINT('',(1.524,-0.014559385262042,0.198966594062578));
#1182=CARTESIAN_POINT('',(0.6096,-0.183089557596499,0.180306393291291));
#1183=CARTESIAN_POINT('',(0.711260259238685,-0.183089557596499,0.180306393291291));
#1184=CARTESIAN_POINT('',(0.904743654731177,-0.171734846810351,0.182284793379177));
#1185=CARTESIAN_POINT('',(1.16937832524655,-0.124456753155977,0.188128566608323));
#1186=CARTESIAN_POINT('',(1.37182985424092,-0.0657747117571997,0.191513588440806));
#1187=CARTESIAN_POINT('',(1.48336977397514,-0.0282984875161494,0.196853047018471));
#1188=CARTESIAN_POINT('',(1.524,-0.0146471646077199,0.198798031463303));
#1189=CARTESIAN_POINT('',(0.6096,-0.18415,0.178181));
#1190=CARTESIAN_POINT('',(0.711260259122202,-0.18415,0.178181));
#1191=CARTESIAN_POINT('',(0.904743654780351,-0.172729523492664,0.180291211134055));
#1192=CARTESIAN_POINT('',(1.1693783252368,-0.125177598299639,0.186683811638755));
#1193=CARTESIAN_POINT('',(1.37182985424206,-0.0661556744638719,0.190750043359696));
#1194=CARTESIAN_POINT('',(1.48336977397544,-0.0284623904525648,0.196524544310233));
#1195=CARTESIAN_POINT('',(1.524,-0.014732,0.198628));
#1196=CARTESIAN_POINT('',(1.524,0.,0.191277625105908));
#1197=CARTESIAN_POINT('',(1.524,0.014732,0.198628));
#1198=CARTESIAN_POINT('',(1.524,-0.014732,0.198628));
#1199=CARTESIAN_POINT('',(0.6096,0.18415,0.178181));
#1200=CARTESIAN_POINT('',(0.711260259122202,0.18415,0.178181));
#1201=CARTESIAN_POINT('',(0.904743654780351,0.172729523492664,0.180291211134055));
#1202=CARTESIAN_POINT('',(1.1693783252368,0.125177598299639,0.186683811638755));
#1203=CARTESIAN_POINT('',(1.37182985424206,0.066155674463872,0.190750043359696));
#1204=CARTESIAN_POINT('',(1.48336977397544,0.0284623904525648,0.196524544310233));
#1205=CARTESIAN_POINT('',(1.524,0.014732,0.198628));
#1206=CARTESIAN_POINT('',(0.6096,-0.18415,0.178181));
#1207=CARTESIAN_POINT('',(0.711260259122202,-0.18415,0.178181));
#1208=CARTESIAN_POINT('',(0.904743654780351,-0.172729523492664,0.180291211134055));
#1209=CARTESIAN_POINT('',(1.1693783252368,-0.125177598299639,0.186683811638755));
#1210=CARTESIAN_POINT('',(1.37182985424206,-0.066155674463872,0.190750043359696));
#1211=CARTESIAN_POINT('',(1.48336977397544,-0.0284623904525648,0.196524544310233));
#1212=CARTESIAN_POINT('',(1.524,-0.014732,0.198628));
#1213=CARTESIAN_POINT('',(0.6096,0.165735,0.0737899761596103));
#1214=CARTESIAN_POINT('',(0.711263855336271,0.165735,0.0737899761596103));
#1215=CARTESIAN_POINT('',(0.904742136628057,0.155456571143398,0.0842855372400831));
#1216=CARTESIAN_POINT('',(1.16937862622786,0.112659838469675,0.114864785187768));
#1217=CARTESIAN_POINT('',(1.37182981927397,0.0595401070174848,0.138512302024468));
#1218=CARTESIAN_POINT('',(1.48336976463878,0.0256161514073083,0.163493478260914));
#1219=CARTESIAN_POINT('',(1.524,0.0132588,0.172593277142536));
#1220=CARTESIAN_POINT('',(0.6096,0.166502291666666,0.0781396021529598));
#1221=CARTESIAN_POINT('',(0.711263855893906,0.166502291666666,0.0781396021529598));
#1222=CARTESIAN_POINT('',(0.904742136392649,0.156176277491284,0.088285773652332));
#1223=CARTESIAN_POINT('',(1.16937862627453,0.113181411795924,0.117857244623226));
#1224=CARTESIAN_POINT('',(1.37182981926855,0.0598157556610842,0.140688874580103));
#1225=CARTESIAN_POINT('',(1.48336976463734,0.0257347447008607,0.164869772679636));
#1226=CARTESIAN_POINT('',(1.524,0.0133201833333333,0.173678057261597));
#1227=CARTESIAN_POINT('',(0.6096,0.167269583333333,0.0824892281463094));
#1228=CARTESIAN_POINT('',(0.711263813224641,0.167269583333333,0.0824892281463094));
#1229=CARTESIAN_POINT('',(0.904742154405605,0.15689598383917,0.0922860100645808));
#1230=CARTESIAN_POINT('',(1.16937862270326,0.113702985122173,0.120849704058684));
#1231=CARTESIAN_POINT('',(1.37182981968345,0.0600914043046837,0.142865447135737));
#1232=CARTESIAN_POINT('',(1.48336976474812,0.025853337994413,0.166246067098357));
#1233=CARTESIAN_POINT('',(1.524,0.0133815666666667,0.174762837380658));
#1234=CARTESIAN_POINT('',(0.6096,0.168804166666667,0.0911884801330085));
#1235=CARTESIAN_POINT('',(0.711263631261074,0.168804166666667,0.0911884801330085));
#1236=CARTESIAN_POINT('',(0.904742231222057,0.158335396534942,0.100286482889078));
#1237=CARTESIAN_POINT('',(1.16937860747352,0.11474613177467,0.126834622929599));
#1238=CARTESIAN_POINT('',(1.37182982145279,0.0606427015918826,0.147218592247006));
#1239=CARTESIAN_POINT('',(1.48336976522054,0.0260905245815178,0.168998655935801));
#1240=CARTESIAN_POINT('',(1.524,0.0135043333333333,0.17693239761878));
#1241=CARTESIAN_POINT('',(0.6096,0.169571458333334,0.0955381061263581));
#1242=CARTESIAN_POINT('',(0.711263494105237,0.169571458333334,0.0955381061263581));
#1243=CARTESIAN_POINT('',(0.904742289122795,0.159055102882828,0.104286719301327));
#1244=CARTESIAN_POINT('',(1.16937859599403,0.115267705100918,0.129827082365057));
#1245=CARTESIAN_POINT('',(1.37182982278643,0.0609183502354821,0.149395164802641));
#1246=CARTESIAN_POINT('',(1.48336976557663,0.0262091178750701,0.170374950354522));
#1247=CARTESIAN_POINT('',(1.524,0.0135657166666667,0.178017177737841));
#1248=CARTESIAN_POINT('',(0.6096,0.171873333333333,0.108586984106407));
#1249=CARTESIAN_POINT('',(0.71126297604944,0.171873333333333,0.108586984106407));
#1250=CARTESIAN_POINT('',(0.904742507821566,0.161214221926487,0.116287428538074));
#1251=CARTESIAN_POINT('',(1.1693785526345,0.116832425079664,0.13880446067143));
#1252=CARTESIAN_POINT('',(1.37182982782379,0.0617452961662805,0.155924882469544));
#1253=CARTESIAN_POINT('',(1.48336976692163,0.0265648977557271,0.174503833610687));
#1254=CARTESIAN_POINT('',(1.524,0.0137498666666667,0.181271518095024));
#1255=CARTESIAN_POINT('',(0.6096,0.173407916666666,0.117286236093106));
#1256=CARTESIAN_POINT('',(0.711262506756035,0.173407916666666,0.117286236093106));
#1257=CARTESIAN_POINT('',(0.90474270593515,0.162653634622259,0.124287901362572));
#1258=CARTESIAN_POINT('',(1.16937851335621,0.117875571732161,0.144789379542346));
#1259=CARTESIAN_POINT('',(1.37182983238701,0.0622965934534794,0.160278027580813));
#1260=CARTESIAN_POINT('',(1.48336976814003,0.0268020843428319,0.177256422448131));
#1261=CARTESIAN_POINT('',(1.524,0.0138726333333333,0.183441078333146));
#1262=CARTESIAN_POINT('',(0.6096,0.176477083333334,0.134684740066504));
#1263=CARTESIAN_POINT('',(0.711261607702438,0.176477083333334,0.134684740066504));
#1264=CARTESIAN_POINT('',(0.904743085473258,0.165532460013803,0.140288847011567));
#1265=CARTESIAN_POINT('',(1.16937843810844,0.119961865037155,0.156759217284177));
#1266=CARTESIAN_POINT('',(1.37182984112903,0.0633991880278773,0.168984317803351));
#1267=CARTESIAN_POINT('',(1.4833697704742,0.0272764575170413,0.182761600123017));
#1268=CARTESIAN_POINT('',(1.524,0.0141181666666667,0.18778019880939));
#1269=CARTESIAN_POINT('',(0.6096,0.178011666666667,0.143383992053203));
#1270=CARTESIAN_POINT('',(0.711261177942641,0.178011666666667,0.143383992053203));
#1271=CARTESIAN_POINT('',(0.904743266897614,0.166971872709576,0.148289319836065));
#1272=CARTESIAN_POINT('',(1.16937840213899,0.121005011689651,0.162744136155093));
#1273=CARTESIAN_POINT('',(1.37182984530783,0.0639504853150762,0.17333746291462));
#1274=CARTESIAN_POINT('',(1.48336977158996,0.027513644104146,0.18551418896046));
#1275=CARTESIAN_POINT('',(1.524,0.0142409333333333,0.189949759047512));
#1276=CARTESIAN_POINT('',(0.6096,0.180313541666666,0.156432870033252));
#1277=CARTESIAN_POINT('',(0.711260684563899,0.180313541666666,0.156432870033252));
#1278=CARTESIAN_POINT('',(0.904743475178893,0.169130991753234,0.160290029072812));
#1279=CARTESIAN_POINT('',(1.16937836084484,0.122569731668397,0.171721514461466));
#1280=CARTESIAN_POINT('',(1.37182985010524,0.0647774312458746,0.179867180581524));
#1281=CARTESIAN_POINT('',(1.48336977287089,0.027869423984803,0.189643072216625));
#1282=CARTESIAN_POINT('',(1.524,0.0144250833333333,0.193204099404695));
#1283=CARTESIAN_POINT('',(0.6096,0.181080833333333,0.160782496026601));
#1284=CARTESIAN_POINT('',(0.711260540765496,0.181080833333333,0.160782496026601));
#1285=CARTESIAN_POINT('',(0.90474353588381,0.16985069810112,0.16429026548506));
#1286=CARTESIAN_POINT('',(1.1693783488094,0.123091304994645,0.174713973896924));
#1287=CARTESIAN_POINT('',(1.37182985150347,0.0650530798894741,0.182043753137159));
#1288=CARTESIAN_POINT('',(1.48336977324423,0.0279880172783554,0.191019366635347));
#1289=CARTESIAN_POINT('',(1.524,0.0144864666666667,0.194288879523756));
#1290=CARTESIAN_POINT('',(0.6096,0.182615416666667,0.169481748013301));
#1291=CARTESIAN_POINT('',(0.71126032939276,0.182615416666667,0.169481748013301));
#1292=CARTESIAN_POINT('',(0.904743625115429,0.171290110796892,0.172290738309558));
#1293=CARTESIAN_POINT('',(1.16937833111821,0.124134451647142,0.18069889276784));
#1294=CARTESIAN_POINT('',(1.37182985355877,0.065604377176673,0.186396898248427));
#1295=CARTESIAN_POINT('',(1.483369773793,0.0282252038654601,0.19377195547279));
#1296=CARTESIAN_POINT('',(1.524,0.0146092333333333,0.196458439761878));
#1297=CARTESIAN_POINT('',(0.6096,0.183382708333334,0.173831374006651));
#1298=CARTESIAN_POINT('',(0.711260259679858,0.183382708333334,0.173831374006651));
#1299=CARTESIAN_POINT('',(0.904743654544935,0.172009817144778,0.176290974721807));
#1300=CARTESIAN_POINT('',(1.16937832528347,0.124656024973391,0.183691352203297));
#1301=CARTESIAN_POINT('',(1.37182985423663,0.0658800258202725,0.188573470804062));
#1302=CARTESIAN_POINT('',(1.483369773974,0.0283437971590124,0.195148249891511));
#1303=CARTESIAN_POINT('',(1.524,0.0146706166666667,0.197543219880939));
#1304=CARTESIAN_POINT('',(0.6096,0.18415,0.178181));
#1305=CARTESIAN_POINT('',(0.711260259122202,0.18415,0.178181));
#1306=CARTESIAN_POINT('',(0.904743654780351,0.172729523492664,0.180291211134055));
#1307=CARTESIAN_POINT('',(1.1693783252368,0.125177598299639,0.186683811638755));
#1308=CARTESIAN_POINT('',(1.37182985424206,0.066155674463872,0.190750043359696));
#1309=CARTESIAN_POINT('',(1.48336977397544,0.0284623904525648,0.196524544310233));
#1310=CARTESIAN_POINT('',(1.524,0.014732,0.198628));
#1311=CARTESIAN_POINT('',(1.524,0.0139954,0.185610638571268));
#1312=CARTESIAN_POINT('',(1.524,0.0132588,0.172593277142536));
#1313=CARTESIAN_POINT('',(0.6096,0.165735,0.0737899761596103));
#1314=CARTESIAN_POINT('',(0.711263855336271,0.165735,0.0737899761596103));
#1315=CARTESIAN_POINT('',(0.904742136628057,0.155456571143398,0.0842855372400832));
#1316=CARTESIAN_POINT('',(1.16937862622786,0.112659838469675,0.114864785187768));
#1317=CARTESIAN_POINT('',(1.37182981927397,0.0595401070174848,0.138512302024468));
#1318=CARTESIAN_POINT('',(1.48336976463878,0.0256161514073083,0.163493478260914));
#1319=CARTESIAN_POINT('',(1.524,0.0132588,0.172593277142536));
#1320=CARTESIAN_POINT('',(0.6096,0.,0.));
#1321=CARTESIAN_POINT('',(0.711254359254686,0.,0.));
#1322=CARTESIAN_POINT('',(0.904746145426689,-7.01735175989491E-17,0.00147729576818699));
#1323=CARTESIAN_POINT('',(1.16937783143767,-6.89360469677773E-18,0.039343252672962));
#1324=CARTESIAN_POINT('',(1.3718299116099,-4.70177408515703E-18,0.0867254629428838));
#1325=CARTESIAN_POINT('',(1.48336978929296,-1.2553983098643E-18,0.140915426343421));
#1326=CARTESIAN_POINT('',(1.524,0.,0.160655));
#1327=CARTESIAN_POINT('',(0.6096,0.006905625,0.00307458233998376));
#1328=CARTESIAN_POINT('',(0.711254360710662,0.006905625,0.00307458233998376));
#1329=CARTESIAN_POINT('',(0.904746144812044,0.00647735713097484,0.00492763916284932));
#1330=CARTESIAN_POINT('',(1.16937783155953,0.00469415993623647,0.0424899831944123));
#1331=CARTESIAN_POINT('',(1.37182991159574,0.00248083779239522,0.0888832479046164));
#1332=CARTESIAN_POINT('',(1.48336978928918,0.00106733964197118,0.141856178506649));
#1333=CARTESIAN_POINT('',(1.524,0.000552449999999989,0.161152428214273));
#1334=CARTESIAN_POINT('',(0.6096,0.01381125,0.00614916467996752));
#1335=CARTESIAN_POINT('',(0.711254544391204,0.01381125,0.00614916467996752));
#1336=CARTESIAN_POINT('',(0.904746067270766,0.0129547142619498,0.00837798255751166));
#1337=CARTESIAN_POINT('',(1.16937784693297,0.00938831987247295,0.0456367137158625));
#1338=CARTESIAN_POINT('',(1.37182990980971,0.00496167558479043,0.0910410328663492));
#1339=CARTESIAN_POINT('',(1.4833697888123,0.00213467928394236,0.142796930669878));
#1340=CARTESIAN_POINT('',(1.524,0.00110489999999998,0.161649856428545));
#1341=CARTESIAN_POINT('',(0.6096,0.0276225,0.012298329359935));
#1342=CARTESIAN_POINT('',(0.71125510209997,0.0276225,0.012298329359935));
#1343=CARTESIAN_POINT('',(0.904745831832378,0.0259094285238996,0.0152786693468363));
#1344=CARTESIAN_POINT('',(1.16937789361133,0.0187766397449459,0.051930174758763));
#1345=CARTESIAN_POINT('',(1.37182990438678,0.00992335116958084,0.0953566027898146));
#1346=CARTESIAN_POINT('',(1.48336978736435,0.00426935856788471,0.144678434996336));
#1347=CARTESIAN_POINT('',(1.524,0.00220979999999997,0.16264471285709));
#1348=CARTESIAN_POINT('',(0.6096,0.034528125,0.0153729116999188));
#1349=CARTESIAN_POINT('',(0.71125547932359,0.034528125,0.0153729116999188));
#1350=CARTESIAN_POINT('',(0.904745672586323,0.0323867856548745,0.0187290127414987));
#1351=CARTESIAN_POINT('',(1.16937792518368,0.0234707996811824,0.0550769052802132));
#1352=CARTESIAN_POINT('',(1.37182990071882,0.012404188961976,0.0975143877515472));
#1353=CARTESIAN_POINT('',(1.48336978638498,0.0053366982098559,0.145619187159565));
#1354=CARTESIAN_POINT('',(1.524,0.00276225,0.163142141071361));
#1355=CARTESIAN_POINT('',(0.6096,0.048339375,0.0215220763798864));
#1356=CARTESIAN_POINT('',(0.711256352880763,0.048339375,0.0215220763798864));
#1357=CARTESIAN_POINT('',(0.904745303811606,0.0453414999168244,0.0256296995308233));
#1358=CARTESIAN_POINT('',(1.16937799829749,0.0328591195536553,0.0613703663231137));
#1359=CARTESIAN_POINT('',(1.37182989222471,0.0173658645467664,0.101829957675013));
#1360=CARTESIAN_POINT('',(1.48336978411701,0.00747137749379826,0.147500691486023));
#1361=CARTESIAN_POINT('',(1.524,0.00386715,0.164136997499907));
#1362=CARTESIAN_POINT('',(0.6096,0.055245,0.0245966587198701));
#1363=CARTESIAN_POINT('',(0.71125685262103,0.055245,0.0245966587198701));
#1364=CARTESIAN_POINT('',(0.904745092844789,0.0518188570477993,0.0290800429254857));
#1365=CARTESIAN_POINT('',(1.16937804012407,0.0375532794898919,0.064517096844564));
#1366=CARTESIAN_POINT('',(1.37182988736545,0.0198467023391617,0.103987742636745));
#1367=CARTESIAN_POINT('',(1.48336978281956,0.00853871713576944,0.148441443649252));
#1368=CARTESIAN_POINT('',(1.524,0.0044196,0.164634425714179));
#1369=CARTESIAN_POINT('',(0.6096,0.06905625,0.0307458233998376));
#1370=CARTESIAN_POINT('',(0.711257932224196,0.06905625,0.0307458233998376));
#1371=CARTESIAN_POINT('',(0.904744637087154,0.0647735713097492,0.0359807297148104));
#1372=CARTESIAN_POINT('',(1.16937813048324,0.0469415993623648,0.0708105578874645));
#1373=CARTESIAN_POINT('',(1.37182987686784,0.024808377923952,0.108303312560211));
#1374=CARTESIAN_POINT('',(1.48336978001665,0.0106733964197118,0.15032294797571));
#1375=CARTESIAN_POINT('',(1.524,0.0055245,0.165629282142723));
#1376=CARTESIAN_POINT('',(0.6096,0.075961875,0.0338204057398214));
#1377=CARTESIAN_POINT('',(0.711258513790368,0.075961875,0.0338204057398214));
#1378=CARTESIAN_POINT('',(0.904744391577292,0.0712509284407241,0.0394310731094727));
#1379=CARTESIAN_POINT('',(1.16937817915838,0.0516357592986013,0.0739572884089148));
#1380=CARTESIAN_POINT('',(1.37182987121293,0.0272892157163472,0.110461097521943));
#1381=CARTESIAN_POINT('',(1.48336977850676,0.011740736061683,0.151263700138939));
#1382=CARTESIAN_POINT('',(1.524,0.00607695,0.166126710356996));
#1383=CARTESIAN_POINT('',(0.6096,0.089773125,0.0399695704197889));
#1384=CARTESIAN_POINT('',(0.711259700800589,0.089773125,0.0399695704197889));
#1385=CARTESIAN_POINT('',(0.904743890477454,0.0842056427026739,0.0463317598987974));
#1386=CARTESIAN_POINT('',(1.16937827850715,0.0610240791710743,0.0802507494518153));
#1387=CARTESIAN_POINT('',(1.37182985967094,0.0322508913011375,0.114776667445409));
#1388=CARTESIAN_POINT('',(1.48336977542499,0.0138754153456253,0.153145204465397));
#1389=CARTESIAN_POINT('',(1.524,0.00718185,0.16712156678554));
#1390=CARTESIAN_POINT('',(0.6096,0.09667875,0.0430441527597726));
#1391=CARTESIAN_POINT('',(0.711260306244489,0.09667875,0.0430441527597726));
#1392=CARTESIAN_POINT('',(0.90474363488754,0.0906829998336488,0.0497821032934597));
#1393=CARTESIAN_POINT('',(1.16937832918078,0.0657182391073108,0.0833974799732655));
#1394=CARTESIAN_POINT('',(1.37182985378386,0.0347317290935328,0.116934452407141));
#1395=CARTESIAN_POINT('',(1.4833697738531,0.0149427549875965,0.154085956628625));
#1396=CARTESIAN_POINT('',(1.524,0.0077343,0.167618994999813));
#1397=CARTESIAN_POINT('',(0.6096,0.11049,0.0491933174397402));
#1398=CARTESIAN_POINT('',(0.711261452283693,0.11049,0.0491933174397402));
#1399=CARTESIAN_POINT('',(0.904743151083736,0.103637714095599,0.0566827900827844));
#1400=CARTESIAN_POINT('',(1.16937842510042,0.0751065589797837,0.089690941016166));
#1401=CARTESIAN_POINT('',(1.37182984264025,0.0396934046783231,0.121250022330607));
#1402=CARTESIAN_POINT('',(1.4833697708777,0.0170774342715389,0.155967460955083));
#1403=CARTESIAN_POINT('',(1.524,0.0088392,0.168613851428357));
#1404=CARTESIAN_POINT('',(0.6096,0.117395625,0.0522678997797239));
#1405=CARTESIAN_POINT('',(0.711261991175711,0.117395625,0.0522678997797239));
#1406=CARTESIAN_POINT('',(0.904742923588893,0.110115071226574,0.0601331334774468));
#1407=CARTESIAN_POINT('',(1.16937847020387,0.0798007189160202,0.0928376715376163));
#1408=CARTESIAN_POINT('',(1.37182983740029,0.0421742424707183,0.123407807292339));
#1409=CARTESIAN_POINT('',(1.48336976947861,0.0181447739135101,0.156908213118312));
#1410=CARTESIAN_POINT('',(1.524,0.00939165,0.16911127964263));
#1411=CARTESIAN_POINT('',(0.6096,0.131206875,0.0584170644596915));
#1412=CARTESIAN_POINT('',(0.711262898131434,0.131206875,0.0584170644596915));
#1413=CARTESIAN_POINT('',(0.90474254071488,0.123069785488523,0.0670338202667714));
#1414=CARTESIAN_POINT('',(1.16937854611302,0.0891890387884932,0.0991311325805168));
#1415=CARTESIAN_POINT('',(1.37182982858143,0.0471359180555087,0.127723377215805));
#1416=CARTESIAN_POINT('',(1.48336976712392,0.0202794531974524,0.15878971744477));
#1417=CARTESIAN_POINT('',(1.524,0.01049655,0.170106136071175));
#1418=CARTESIAN_POINT('',(0.6096,0.1381125,0.0614916467996752));
#1419=CARTESIAN_POINT('',(0.711263262788959,0.1381125,0.0614916467996752));
#1420=CARTESIAN_POINT('',(0.904742386773639,0.129547142619498,0.0704841636614338));
#1421=CARTESIAN_POINT('',(1.16937857663364,0.0938831987247297,0.102277863101967));
#1422=CARTESIAN_POINT('',(1.37182982503566,0.0496167558479039,0.129881162177537));
#1423=CARTESIAN_POINT('',(1.48336976617718,0.0213467928394236,0.159730469607999));
#1424=CARTESIAN_POINT('',(1.524,0.011049,0.170603564285447));
#1425=CARTESIAN_POINT('',(0.6096,0.15192375,0.0676408114796427));
#1426=CARTESIAN_POINT('',(0.711263743716807,0.15192375,0.0676408114796427));
#1427=CARTESIAN_POINT('',(0.904742183748541,0.142501856881448,0.0773848504507585));
#1428=CARTESIAN_POINT('',(1.16937861688568,0.103271518597203,0.108571324144867));
#1429=CARTESIAN_POINT('',(1.37182982035932,0.0545784314326943,0.134196732101003));
#1430=CARTESIAN_POINT('',(1.48336976492858,0.023481472123366,0.161611973934457));
#1431=CARTESIAN_POINT('',(1.524,0.0121539,0.171598420713992));
#1432=CARTESIAN_POINT('',(0.6096,0.158829375,0.0707153938196265));
#1433=CARTESIAN_POINT('',(0.711263856792105,0.158829375,0.0707153938196265));
#1434=CARTESIAN_POINT('',(0.904742136013472,0.148979214012423,0.0808351938454208));
#1435=CARTESIAN_POINT('',(1.16937862634971,0.107965678533439,0.111718054666318));
#1436=CARTESIAN_POINT('',(1.37182981925982,0.0570592692250896,0.136354517062735));
#1437=CARTESIAN_POINT('',(1.483369764635,0.0245488117653371,0.162552726097686));
#1438=CARTESIAN_POINT('',(1.524,0.01270635,0.172095848928264));
#1439=CARTESIAN_POINT('',(0.6096,0.165735,0.0737899761596103));
#1440=CARTESIAN_POINT('',(0.711263855336271,0.165735,0.0737899761596103));
#1441=CARTESIAN_POINT('',(0.904742136628057,0.155456571143398,0.0842855372400832));
#1442=CARTESIAN_POINT('',(1.16937862622786,0.112659838469675,0.114864785187768));
#1443=CARTESIAN_POINT('',(1.37182981927397,0.0595401070174848,0.138512302024468));
#1444=CARTESIAN_POINT('',(1.48336976463878,0.0256161514073083,0.163493478260914));
#1445=CARTESIAN_POINT('',(1.524,0.0132588,0.172593277142536));
#1446=CARTESIAN_POINT('',(1.524,0.0066294,0.166624138571268));
#1447=CARTESIAN_POINT('',(1.524,0.,0.160655));
#1448=CARTESIAN_POINT('',(0.6096,0.,0.));
#1449=CARTESIAN_POINT('',(0.711254359254686,0.,0.));
#1450=CARTESIAN_POINT('',(0.904746145426689,-5.98566434860555E-17,0.00147729576818706));
#1451=CARTESIAN_POINT('',(1.16937783143767,3.26735717064578E-17,0.039343252672962));
#1452=CARTESIAN_POINT('',(1.3718299116099,1.70674839102113E-18,0.0867254629428838));
#1453=CARTESIAN_POINT('',(1.48336978929296,4.55710760798916E-19,0.140915426343421));
#1454=CARTESIAN_POINT('',(1.524,0.,0.160655));
#1455=CARTESIAN_POINT('',(0.6096,-0.165735,0.0737899761596103));
#1456=CARTESIAN_POINT('',(0.711263855336271,-0.165735,0.0737899761596103));
#1457=CARTESIAN_POINT('',(0.904742136628057,-0.155456571143398,0.0842855372400832));
#1458=CARTESIAN_POINT('',(1.16937862622786,-0.112659838469675,0.114864785187768));
#1459=CARTESIAN_POINT('',(1.37182981927397,-0.0595401070174848,0.138512302024468));
#1460=CARTESIAN_POINT('',(1.48336976463878,-0.0256161514073083,0.163493478260914));
#1461=CARTESIAN_POINT('',(1.524,-0.0132588,0.172593277142536));
#1462=CARTESIAN_POINT('',(0.6096,-0.158829375,0.0707153938196265));
#1463=CARTESIAN_POINT('',(0.711263856792105,-0.158829375,0.0707153938196265));
#1464=CARTESIAN_POINT('',(0.904742136013472,-0.148979214012423,0.0808351938454209));
#1465=CARTESIAN_POINT('',(1.16937862634971,-0.107965678533439,0.111718054666318));
#1466=CARTESIAN_POINT('',(1.37182981925982,-0.0570592692250896,0.136354517062735));
#1467=CARTESIAN_POINT('',(1.483369764635,-0.0245488117653371,0.162552726097686));
#1468=CARTESIAN_POINT('',(1.524,-0.01270635,0.172095848928264));
#1469=CARTESIAN_POINT('',(0.6096,-0.15192375,0.0676408114796428));
#1470=CARTESIAN_POINT('',(0.711263743716807,-0.15192375,0.0676408114796428));
#1471=CARTESIAN_POINT('',(0.90474218374854,-0.142501856881448,0.0773848504507586));
#1472=CARTESIAN_POINT('',(1.16937861688568,-0.103271518597203,0.108571324144867));
#1473=CARTESIAN_POINT('',(1.37182982035932,-0.0545784314326944,0.134196732101003));
#1474=CARTESIAN_POINT('',(1.48336976492858,-0.023481472123366,0.161611973934457));
#1475=CARTESIAN_POINT('',(1.524,-0.0121539,0.171598420713992));
#1476=CARTESIAN_POINT('',(0.6096,-0.1381125,0.0614916467996752));
#1477=CARTESIAN_POINT('',(0.711263262788959,-0.1381125,0.0614916467996752));
#1478=CARTESIAN_POINT('',(0.904742386773639,-0.129547142619499,0.0704841636614339));
#1479=CARTESIAN_POINT('',(1.16937857663364,-0.0938831987247296,0.102277863101967));
#1480=CARTESIAN_POINT('',(1.37182982503566,-0.049616755847904,0.129881162177537));
#1481=CARTESIAN_POINT('',(1.48336976617718,-0.0213467928394236,0.159730469607999));
#1482=CARTESIAN_POINT('',(1.524,-0.011049,0.170603564285447));
#1483=CARTESIAN_POINT('',(0.6096,-0.131206875,0.0584170644596915));
#1484=CARTESIAN_POINT('',(0.711262898131434,-0.131206875,0.0584170644596915));
#1485=CARTESIAN_POINT('',(0.90474254071488,-0.123069785488524,0.0670338202667715));
#1486=CARTESIAN_POINT('',(1.16937854611302,-0.0891890387884932,0.0991311325805167));
#1487=CARTESIAN_POINT('',(1.37182982858143,-0.0471359180555088,0.127723377215805));
#1488=CARTESIAN_POINT('',(1.48336976712392,-0.0202794531974524,0.15878971744477));
#1489=CARTESIAN_POINT('',(1.524,-0.01049655,0.170106136071175));
#1490=CARTESIAN_POINT('',(0.6096,-0.117395625,0.052267899779724));
#1491=CARTESIAN_POINT('',(0.711261991175711,-0.117395625,0.052267899779724));
#1492=CARTESIAN_POINT('',(0.904742923588893,-0.110115071226574,0.0601331334774469));
#1493=CARTESIAN_POINT('',(1.16937847020387,-0.0798007189160202,0.0928376715376162));
#1494=CARTESIAN_POINT('',(1.37182983740029,-0.0421742424707184,0.123407807292339));
#1495=CARTESIAN_POINT('',(1.48336976947861,-0.0181447739135101,0.156908213118312));
#1496=CARTESIAN_POINT('',(1.524,-0.00939165,0.16911127964263));
#1497=CARTESIAN_POINT('',(0.6096,-0.11049,0.0491933174397402));
#1498=CARTESIAN_POINT('',(0.711261452283693,-0.11049,0.0491933174397402));
#1499=CARTESIAN_POINT('',(0.904743151083736,-0.103637714095599,0.0566827900827845));
#1500=CARTESIAN_POINT('',(1.16937842510042,-0.0751065589797837,0.089690941016166));
#1501=CARTESIAN_POINT('',(1.37182984264025,-0.0396934046783232,0.121250022330607));
#1502=CARTESIAN_POINT('',(1.4833697708777,-0.0170774342715389,0.155967460955083));
#1503=CARTESIAN_POINT('',(1.524,-0.0088392,0.168613851428357));
#1504=CARTESIAN_POINT('',(0.6096,-0.09667875,0.0430441527597727));
#1505=CARTESIAN_POINT('',(0.711260306244489,-0.09667875,0.0430441527597727));
#1506=CARTESIAN_POINT('',(0.904743634887539,-0.090682999833649,0.0497821032934598));
#1507=CARTESIAN_POINT('',(1.16937832918078,-0.0657182391073107,0.0833974799732655));
#1508=CARTESIAN_POINT('',(1.37182985378386,-0.0347317290935328,0.116934452407141));
#1509=CARTESIAN_POINT('',(1.4833697738531,-0.0149427549875965,0.154085956628625));
#1510=CARTESIAN_POINT('',(1.524,-0.0077343,0.167618994999813));
#1511=CARTESIAN_POINT('',(0.6096,-0.089773125,0.0399695704197889));
#1512=CARTESIAN_POINT('',(0.711259700800589,-0.089773125,0.0399695704197889));
#1513=CARTESIAN_POINT('',(0.904743890477454,-0.084205642702674,0.0463317598987975));
#1514=CARTESIAN_POINT('',(1.16937827850715,-0.0610240791710743,0.0802507494518152));
#1515=CARTESIAN_POINT('',(1.37182985967094,-0.0322508913011376,0.114776667445409));
#1516=CARTESIAN_POINT('',(1.48336977542499,-0.0138754153456254,0.153145204465397));
#1517=CARTESIAN_POINT('',(1.524,-0.00718185,0.16712156678554));
#1518=CARTESIAN_POINT('',(0.6096,-0.075961875,0.0338204057398214));
#1519=CARTESIAN_POINT('',(0.711258513790368,-0.075961875,0.0338204057398214));
#1520=CARTESIAN_POINT('',(0.904744391577292,-0.0712509284407242,0.0394310731094728));
#1521=CARTESIAN_POINT('',(1.16937817915838,-0.0516357592986013,0.0739572884089147));
#1522=CARTESIAN_POINT('',(1.37182987121293,-0.0272892157163472,0.110461097521943));
#1523=CARTESIAN_POINT('',(1.48336977850676,-0.011740736061683,0.151263700138939));
#1524=CARTESIAN_POINT('',(1.524,-0.00607695,0.166126710356996));
#1525=CARTESIAN_POINT('',(0.6096,-0.06905625,0.0307458233998376));
#1526=CARTESIAN_POINT('',(0.711257932224196,-0.06905625,0.0307458233998376));
#1527=CARTESIAN_POINT('',(0.904744637087154,-0.0647735713097493,0.0359807297148104));
#1528=CARTESIAN_POINT('',(1.16937813048324,-0.0469415993623648,0.0708105578874645));
#1529=CARTESIAN_POINT('',(1.37182987686784,-0.024808377923952,0.108303312560211));
#1530=CARTESIAN_POINT('',(1.48336978001665,-0.0106733964197118,0.15032294797571));
#1531=CARTESIAN_POINT('',(1.524,-0.0055245,0.165629282142723));
#1532=CARTESIAN_POINT('',(0.6096,-0.055245,0.0245966587198701));
#1533=CARTESIAN_POINT('',(0.71125685262103,-0.055245,0.0245966587198701));
#1534=CARTESIAN_POINT('',(0.90474509284479,-0.0518188570477994,0.0290800429254857));
#1535=CARTESIAN_POINT('',(1.16937804012407,-0.0375532794898918,0.064517096844564));
#1536=CARTESIAN_POINT('',(1.37182988736545,-0.0198467023391616,0.103987742636745));
#1537=CARTESIAN_POINT('',(1.48336978281956,-0.00853871713576945,0.148441443649252));
#1538=CARTESIAN_POINT('',(1.524,-0.0044196,0.164634425714179));
#1539=CARTESIAN_POINT('',(0.6096,-0.048339375,0.0215220763798864));
#1540=CARTESIAN_POINT('',(0.711256352880763,-0.048339375,0.0215220763798864));
#1541=CARTESIAN_POINT('',(0.904745303811606,-0.0453414999168245,0.0256296995308234));
#1542=CARTESIAN_POINT('',(1.16937799829749,-0.0328591195536553,0.0613703663231138));
#1543=CARTESIAN_POINT('',(1.37182989222471,-0.0173658645467664,0.101829957675012));
#1544=CARTESIAN_POINT('',(1.48336978411701,-0.00747137749379827,0.147500691486023));
#1545=CARTESIAN_POINT('',(1.524,-0.00386715,0.164136997499907));
#1546=CARTESIAN_POINT('',(0.6096,-0.034528125,0.0153729116999188));
#1547=CARTESIAN_POINT('',(0.71125547932359,-0.034528125,0.0153729116999188));
#1548=CARTESIAN_POINT('',(0.904745672586323,-0.0323867856548746,0.0187290127414987));
#1549=CARTESIAN_POINT('',(1.16937792518368,-0.0234707996811824,0.0550769052802132));
#1550=CARTESIAN_POINT('',(1.37182990071882,-0.0124041889619759,0.0975143877515472));
#1551=CARTESIAN_POINT('',(1.48336978638498,-0.0053366982098559,0.145619187159565));
#1552=CARTESIAN_POINT('',(1.524,-0.00276225,0.163142141071362));
#1553=CARTESIAN_POINT('',(0.6096,-0.0276225,0.012298329359935));
#1554=CARTESIAN_POINT('',(0.71125510209997,-0.0276225,0.012298329359935));
#1555=CARTESIAN_POINT('',(0.904745831832378,-0.0259094285238997,0.0152786693468364));
#1556=CARTESIAN_POINT('',(1.16937789361133,-0.0187766397449459,0.051930174758763));
#1557=CARTESIAN_POINT('',(1.37182990438678,-0.00992335116958075,0.0953566027898144));
#1558=CARTESIAN_POINT('',(1.48336978736435,-0.00426935856788472,0.144678434996336));
#1559=CARTESIAN_POINT('',(1.524,-0.0022098,0.16264471285709));
#1560=CARTESIAN_POINT('',(0.6096,-0.01381125,0.00614916467996752));
#1561=CARTESIAN_POINT('',(0.711254544391204,-0.01381125,0.00614916467996752));
#1562=CARTESIAN_POINT('',(0.904746067270766,-0.0129547142619499,0.00837798255751172));
#1563=CARTESIAN_POINT('',(1.16937784693298,-0.00938831987247294,0.0456367137158625));
#1564=CARTESIAN_POINT('',(1.37182990980971,-0.00496167558479036,0.0910410328663491));
#1565=CARTESIAN_POINT('',(1.4833697888123,-0.00213467928394236,0.142796930669878));
#1566=CARTESIAN_POINT('',(1.524,-0.0011049,0.161649856428545));
#1567=CARTESIAN_POINT('',(0.6096,-0.006905625,0.00307458233998376));
#1568=CARTESIAN_POINT('',(0.711254360710662,-0.006905625,0.00307458233998376));
#1569=CARTESIAN_POINT('',(0.904746144812044,-0.00647735713097496,0.00492763916284939));
#1570=CARTESIAN_POINT('',(1.16937783155953,-0.00469415993623645,0.0424899831944123));
#1571=CARTESIAN_POINT('',(1.37182991159574,-0.00248083779239518,0.0888832479046164));
#1572=CARTESIAN_POINT('',(1.48336978928918,-0.00106733964197118,0.141856178506649));
#1573=CARTESIAN_POINT('',(1.524,-0.00055245,0.161152428214273));
#1574=CARTESIAN_POINT('',(0.6096,0.,0.));
#1575=CARTESIAN_POINT('',(0.711254359254686,0.,0.));
#1576=CARTESIAN_POINT('',(0.904746145426689,-5.98566434860555E-17,0.00147729576818706));
#1577=CARTESIAN_POINT('',(1.16937783143767,3.26735717064578E-17,0.039343252672962));
#1578=CARTESIAN_POINT('',(1.3718299116099,1.70674839102113E-18,0.0867254629428838));
#1579=CARTESIAN_POINT('',(1.48336978929296,4.55710760798916E-19,0.140915426343421));
#1580=CARTESIAN_POINT('',(1.524,0.,0.160655));
#1581=CARTESIAN_POINT('',(1.524,-0.0066294,0.166624138571268));
#1582=CARTESIAN_POINT('',(1.524,-0.0132588,0.172593277142536));
#1583=CARTESIAN_POINT('',(0.6096,-0.165735,0.0737899761596103));
#1584=CARTESIAN_POINT('',(0.711263855336271,-0.165735,0.0737899761596103));
#1585=CARTESIAN_POINT('',(0.904742136628057,-0.155456571143398,0.0842855372400832));
#1586=CARTESIAN_POINT('',(1.16937862622786,-0.112659838469675,0.114864785187768));
#1587=CARTESIAN_POINT('',(1.37182981927397,-0.0595401070174848,0.138512302024468));
#1588=CARTESIAN_POINT('',(1.48336976463878,-0.0256161514073083,0.163493478260914));
#1589=CARTESIAN_POINT('',(1.524,-0.0132588,0.172593277142536));
#1590=CARTESIAN_POINT('',(0.6096,-0.18415,0.178181));
#1591=CARTESIAN_POINT('',(0.711260259122202,-0.18415,0.178181));
#1592=CARTESIAN_POINT('',(0.904743654780351,-0.172729523492664,0.180291211134055));
#1593=CARTESIAN_POINT('',(1.1693783252368,-0.125177598299639,0.186683811638755));
#1594=CARTESIAN_POINT('',(1.37182985424206,-0.066155674463872,0.190750043359696));
#1595=CARTESIAN_POINT('',(1.48336977397544,-0.0284623904525648,0.196524544310233));
#1596=CARTESIAN_POINT('',(1.524,-0.014732,0.198628));
#1597=CARTESIAN_POINT('',(0.6096,-0.183382708333334,0.173831374006651));
#1598=CARTESIAN_POINT('',(0.711260259679858,-0.183382708333334,0.173831374006651));
#1599=CARTESIAN_POINT('',(0.904743654544935,-0.172009817144778,0.176290974721807));
#1600=CARTESIAN_POINT('',(1.16937832528347,-0.124656024973391,0.183691352203297));
#1601=CARTESIAN_POINT('',(1.37182985423663,-0.0658800258202725,0.188573470804062));
#1602=CARTESIAN_POINT('',(1.483369773974,-0.0283437971590124,0.195148249891511));
#1603=CARTESIAN_POINT('',(1.524,-0.0146706166666667,0.197543219880939));
#1604=CARTESIAN_POINT('',(0.6096,-0.182615416666667,0.169481748013301));
#1605=CARTESIAN_POINT('',(0.71126032939276,-0.182615416666667,0.169481748013301));
#1606=CARTESIAN_POINT('',(0.904743625115429,-0.171290110796892,0.172290738309558));
#1607=CARTESIAN_POINT('',(1.16937833111821,-0.124134451647142,0.18069889276784));
#1608=CARTESIAN_POINT('',(1.37182985355877,-0.0656043771766731,0.186396898248428));
#1609=CARTESIAN_POINT('',(1.483369773793,-0.0282252038654601,0.19377195547279));
#1610=CARTESIAN_POINT('',(1.524,-0.0146092333333333,0.196458439761878));
#1611=CARTESIAN_POINT('',(0.6096,-0.181080833333333,0.160782496026601));
#1612=CARTESIAN_POINT('',(0.711260540765496,-0.181080833333333,0.160782496026601));
#1613=CARTESIAN_POINT('',(0.90474353588381,-0.16985069810112,0.16429026548506));
#1614=CARTESIAN_POINT('',(1.1693783488094,-0.123091304994645,0.174713973896924));
#1615=CARTESIAN_POINT('',(1.37182985150347,-0.0650530798894741,0.182043753137158));
#1616=CARTESIAN_POINT('',(1.48336977324423,-0.0279880172783554,0.191019366635347));
#1617=CARTESIAN_POINT('',(1.524,-0.0144864666666667,0.194288879523756));
#1618=CARTESIAN_POINT('',(0.6096,-0.180313541666666,0.156432870033252));
#1619=CARTESIAN_POINT('',(0.711260684563899,-0.180313541666666,0.156432870033252));
#1620=CARTESIAN_POINT('',(0.904743475178893,-0.169130991753234,0.160290029072812));
#1621=CARTESIAN_POINT('',(1.16937836084484,-0.122569731668397,0.171721514461466));
#1622=CARTESIAN_POINT('',(1.37182985010524,-0.0647774312458747,0.179867180581524));
#1623=CARTESIAN_POINT('',(1.48336977287089,-0.027869423984803,0.189643072216625));
#1624=CARTESIAN_POINT('',(1.524,-0.0144250833333333,0.193204099404695));
#1625=CARTESIAN_POINT('',(0.6096,-0.178011666666667,0.143383992053203));
#1626=CARTESIAN_POINT('',(0.711261177942641,-0.178011666666667,0.143383992053203));
#1627=CARTESIAN_POINT('',(0.904743266897613,-0.166971872709576,0.148289319836065));
#1628=CARTESIAN_POINT('',(1.16937840213899,-0.121005011689651,0.162744136155093));
#1629=CARTESIAN_POINT('',(1.37182984530783,-0.0639504853150762,0.17333746291462));
#1630=CARTESIAN_POINT('',(1.48336977158996,-0.027513644104146,0.18551418896046));
#1631=CARTESIAN_POINT('',(1.524,-0.0142409333333333,0.189949759047512));
#1632=CARTESIAN_POINT('',(0.6096,-0.176477083333334,0.134684740066504));
#1633=CARTESIAN_POINT('',(0.711261607702438,-0.176477083333334,0.134684740066504));
#1634=CARTESIAN_POINT('',(0.904743085473258,-0.165532460013803,0.140288847011567));
#1635=CARTESIAN_POINT('',(1.16937843810844,-0.119961865037155,0.156759217284177));
#1636=CARTESIAN_POINT('',(1.37182984112903,-0.0633991880278773,0.168984317803351));
#1637=CARTESIAN_POINT('',(1.4833697704742,-0.0272764575170413,0.182761600123017));
#1638=CARTESIAN_POINT('',(1.524,-0.0141181666666667,0.18778019880939));
#1639=CARTESIAN_POINT('',(0.6096,-0.173407916666666,0.117286236093106));
#1640=CARTESIAN_POINT('',(0.711262506756035,-0.173407916666666,0.117286236093106));
#1641=CARTESIAN_POINT('',(0.90474270593515,-0.162653634622259,0.124287901362572));
#1642=CARTESIAN_POINT('',(1.16937851335621,-0.117875571732161,0.144789379542346));
#1643=CARTESIAN_POINT('',(1.37182983238701,-0.0622965934534795,0.160278027580813));
#1644=CARTESIAN_POINT('',(1.48336976814003,-0.0268020843428319,0.177256422448131));
#1645=CARTESIAN_POINT('',(1.524,-0.0138726333333333,0.183441078333146));
#1646=CARTESIAN_POINT('',(0.6096,-0.171873333333333,0.108586984106407));
#1647=CARTESIAN_POINT('',(0.71126297604944,-0.171873333333333,0.108586984106407));
#1648=CARTESIAN_POINT('',(0.904742507821566,-0.161214221926487,0.116287428538074));
#1649=CARTESIAN_POINT('',(1.1693785526345,-0.116832425079663,0.13880446067143));
#1650=CARTESIAN_POINT('',(1.37182982782379,-0.0617452961662805,0.155924882469544));
#1651=CARTESIAN_POINT('',(1.48336976692163,-0.0265648977557271,0.174503833610687));
#1652=CARTESIAN_POINT('',(1.524,-0.0137498666666667,0.181271518095024));
#1653=CARTESIAN_POINT('',(0.6096,-0.169571458333334,0.0955381061263581));
#1654=CARTESIAN_POINT('',(0.711263494105237,-0.169571458333334,0.0955381061263581));
#1655=CARTESIAN_POINT('',(0.904742289122795,-0.159055102882828,0.104286719301327));
#1656=CARTESIAN_POINT('',(1.16937859599403,-0.115267705100918,0.129827082365057));
#1657=CARTESIAN_POINT('',(1.37182982278643,-0.0609183502354821,0.149395164802641));
#1658=CARTESIAN_POINT('',(1.48336976557663,-0.0262091178750701,0.170374950354522));
#1659=CARTESIAN_POINT('',(1.524,-0.0135657166666667,0.178017177737841));
#1660=CARTESIAN_POINT('',(0.6096,-0.168804166666667,0.0911884801330086));
#1661=CARTESIAN_POINT('',(0.711263631261074,-0.168804166666667,0.0911884801330086));
#1662=CARTESIAN_POINT('',(0.904742231222057,-0.158335396534942,0.100286482889079));
#1663=CARTESIAN_POINT('',(1.16937860747352,-0.11474613177467,0.126834622929599));
#1664=CARTESIAN_POINT('',(1.37182982145279,-0.0606427015918826,0.147218592247006));
#1665=CARTESIAN_POINT('',(1.48336976522054,-0.0260905245815178,0.168998655935801));
#1666=CARTESIAN_POINT('',(1.524,-0.0135043333333333,0.17693239761878));
#1667=CARTESIAN_POINT('',(0.6096,-0.167269583333333,0.0824892281463094));
#1668=CARTESIAN_POINT('',(0.711263813224641,-0.167269583333333,0.0824892281463094));
#1669=CARTESIAN_POINT('',(0.904742154405605,-0.15689598383917,0.0922860100645809));
#1670=CARTESIAN_POINT('',(1.16937862270326,-0.113702985122172,0.120849704058683));
#1671=CARTESIAN_POINT('',(1.37182981968345,-0.0600914043046837,0.142865447135737));
#1672=CARTESIAN_POINT('',(1.48336976474812,-0.025853337994413,0.166246067098357));
#1673=CARTESIAN_POINT('',(1.524,-0.0133815666666667,0.174762837380658));
#1674=CARTESIAN_POINT('',(0.6096,-0.166502291666666,0.0781396021529598));
#1675=CARTESIAN_POINT('',(0.711263855893906,-0.166502291666666,0.0781396021529598));
#1676=CARTESIAN_POINT('',(0.904742136392649,-0.156176277491285,0.0882857736523321));
#1677=CARTESIAN_POINT('',(1.16937862627453,-0.113181411795924,0.117857244623226));
#1678=CARTESIAN_POINT('',(1.37182981926855,-0.0598157556610842,0.140688874580103));
#1679=CARTESIAN_POINT('',(1.48336976463734,-0.0257347447008607,0.164869772679636));
#1680=CARTESIAN_POINT('',(1.524,-0.0133201833333333,0.173678057261597));
#1681=CARTESIAN_POINT('',(0.6096,-0.165735,0.0737899761596103));
#1682=CARTESIAN_POINT('',(0.711263855336271,-0.165735,0.0737899761596103));
#1683=CARTESIAN_POINT('',(0.904742136628057,-0.155456571143398,0.0842855372400832));
#1684=CARTESIAN_POINT('',(1.16937862622786,-0.112659838469675,0.114864785187768));
#1685=CARTESIAN_POINT('',(1.37182981927397,-0.0595401070174848,0.138512302024468));
#1686=CARTESIAN_POINT('',(1.48336976463878,-0.0256161514073083,0.163493478260914));
#1687=CARTESIAN_POINT('',(1.524,-0.0132588,0.172593277142536));
#1688=CARTESIAN_POINT('',(1.524,-0.0139954,0.185610638571268));
#1689=CARTESIAN_POINT('',(1.524,0.,0.18419826));
#1690=MECHANICAL_DESIGN_GEOMETRIC_PRESENTATION_REPRESENTATION('',(#193),
#1691);
#1691=(
GEOMETRIC_REPRESENTATION_CONTEXT(3)
GLOBAL_UNCERTAINTY_ASSIGNED_CONTEXT((#1692))
GLOBAL_UNIT_ASSIGNED_CONTEXT((#1695,#1694,#1693))
REPRESENTATION_CONTEXT('Parametric drone hull V2 - geometry only',
'TOP_LEVEL_ASSEMBLY_PART')
);
#1692=UNCERTAINTY_MEASURE_WITH_UNIT(LENGTH_MEASURE(1.E-7),#1695,
'DISTANCE_ACCURACY_VALUE','Maximum Tolerance applied to model');
#1693=(
NAMED_UNIT(*)
SI_UNIT($,.STERADIAN.)
SOLID_ANGLE_UNIT()
);
#1694=(
NAMED_UNIT(*)
PLANE_ANGLE_UNIT()
SI_UNIT($,.RADIAN.)
);
#1695=(
LENGTH_UNIT()
NAMED_UNIT(*)
SI_UNIT($,.METRE.)
);
#1696=PRODUCT_DEFINITION_SHAPE('','',#1697);
#1697=PRODUCT_DEFINITION('','',#1699,#1698);
#1698=PRODUCT_DEFINITION_CONTEXT('',#1705,'design');
#1699=PRODUCT_DEFINITION_FORMATION_WITH_SPECIFIED_SOURCE('','',#1701,
 .NOT_KNOWN.);
#1700=PRODUCT_RELATED_PRODUCT_CATEGORY('','',(#1701));
#1701=PRODUCT('Parametric drone hull V2 - geometry only',
'Parametric drone hull V2 - geometry only',
'Parametric drone hull V2 - geometry only',(#1703));
#1702=PRODUCT_CATEGORY('','');
#1703=PRODUCT_CONTEXT('',#1705,'mechanical');
#1704=APPLICATION_PROTOCOL_DEFINITION('international standard',
'ap242_managed_model_based_3d_engineering',2020,#1705);
#1705=APPLICATION_CONTEXT('managed model based 3d engineering');
ENDSEC;
END-ISO-10303-21;
